{"resourceType":"CodeSystem","id":"TRE-R243-CompetenceSpecifique","meta":{"versionId":"5","lastUpdated":"2025-07-02T18:16:27.410+00:00","profile":["http://hl7.org/fhir/StructureDefinition/shareablecodesystem|4.0.1"]},"text":{"status":"generated","div":"<div xmlns=\"http://www.w3.org/1999/xhtml\"><p class=\"res-header-id\"><b>Narratif généré : CodeSystem TRE-R243-CompetenceSpecifique</b></p><a name=\"TRE-R243-CompetenceSpecifique\"> </a><a name=\"hcTRE-R243-CompetenceSpecifique\"> </a><div style=\"display: inline-block; background-color: #d9e0e7; padding: 6px; margin: 4px; border: 1px solid #8da1b4; border-radius: 5px; line-height: 60%\"><p style=\"margin-bottom: 0px\">version: 4; Dernière mise à jour : 2024-08-28 05:12:43+0000</p><p style=\"margin-bottom: 0px\">Profil: <a href=\"http://hl7.org/fhir/R4/shareablecodesystem.html\">Shareable CodeSystem</a></p></div><p><b>Propriétés</b></p><p><b>Cette terminologie de référence (CodeSystem) définit les propriétés suivantes pour ses concepts</b></p><table class=\"grid\"><tr><td><b>Nom</b></td><td><b>Code</b></td><td><b>Type</b></td><td><b>Description</b></td></tr><tr><td>dateValid</td><td>dateValid</td><td>dateTime</td><td>date de validité d'un code concept</td></tr><tr><td>dateMaj</td><td>dateMaj</td><td>dateTime</td><td>Date de mise à jour d'un code concept</td></tr><tr><td>dateFin</td><td>dateFin</td><td>dateTime</td><td>Date de fin d'exploitation d'un code concept</td></tr></table><p><b>Concepts</b></p><p>This case-insensitive code system <code>https://mos.esante.gouv.fr/NOS/TRE_R243-CompetenceSpecifique/FHIR/TRE-R243-CompetenceSpecifique</code> defines the following codes:</p><table class=\"codes\"><tr><td style=\"white-space:nowrap\"><b>Code</b></td><td><b>Display</b></td><td><b>dateValid</b></td><td><b>dateMaj</b></td><td><b>dateFin</b></td><td><b>French (France) (fr)</b></td></tr><tr><td style=\"white-space:nowrap\">01<a name=\"TRE-R243-CompetenceSpecifique-01\"> </a></td><td>Maîtrise de la Langue des Signes Française (LSF)</td><td>2017-10-13T12:00:00+01:00</td><td>2017-10-13T12:00:00+01:00</td><td/><td>Langue Signes Française (LSF)</td></tr><tr><td style=\"white-space:nowrap\">02<a name=\"TRE-R243-CompetenceSpecifique-02\"> </a></td><td>Maîtrise de la Langue Parlé Complété (LPC)</td><td>2017-10-13T12:00:00+01:00</td><td>2017-10-13T12:00:00+01:00</td><td/><td>Langue Parlé Complété (LPC)</td></tr><tr><td style=\"white-space:nowrap\">03<a name=\"TRE-R243-CompetenceSpecifique-03\"> </a></td><td>Maîtrise de la lecture et de l'écriture du Braille</td><td>2017-10-13T12:00:00+01:00</td><td>2018-10-26T12:00:00+01:00</td><td/><td>Maît lecture écriture Braille</td></tr><tr><td style=\"white-space:nowrap\">04<a name=\"TRE-R243-CompetenceSpecifique-04\"> </a></td><td>Art-thérapeute</td><td>2017-10-13T12:00:00+01:00</td><td>2017-10-13T12:00:00+01:00</td><td/><td/></tr><tr><td style=\"white-space:nowrap\">05<a name=\"TRE-R243-CompetenceSpecifique-05\"> </a></td><td>Neuropsychologue</td><td>2017-10-13T12:00:00+01:00</td><td>2017-10-13T12:00:00+01:00</td><td/><td/></tr><tr><td style=\"white-space:nowrap\">06<a name=\"TRE-R243-CompetenceSpecifique-06\"> </a></td><td>Maîtrise de langue étrangère</td><td>2022-10-28T12:00:00+01:00</td><td>2022-10-28T12:00:00+01:00</td><td/><td>Maîtrise de lang. Étrangère</td></tr><tr><td style=\"white-space:nowrap\">07<a name=\"TRE-R243-CompetenceSpecifique-07\"> </a></td><td>Maîtrise de langue régionale</td><td>2022-10-28T12:00:00+01:00</td><td>2022-10-28T12:00:00+01:00</td><td/><td>Maîtrise de lang. Régionale</td></tr><tr><td style=\"white-space:nowrap\">08<a name=\"TRE-R243-CompetenceSpecifique-08\"> </a></td><td>Intervenant pair (médiateur, pair-aidant)</td><td>2017-10-13T12:00:00+01:00</td><td>2023-05-26T12:00:00+01:00</td><td/><td>Médiateur de santé pair</td></tr><tr><td style=\"white-space:nowrap\">09<a name=\"TRE-R243-CompetenceSpecifique-09\"> </a></td><td>Maîtrise de la communication augmentative alternative</td><td>2018-03-30T12:00:00+01:00</td><td>2018-10-26T12:00:00+01:00</td><td>2018-10-26T12:00:00+01:00</td><td>Maîtrise com augment altern</td></tr><tr><td style=\"white-space:nowrap\">10<a name=\"TRE-R243-CompetenceSpecifique-10\"> </a></td><td>Socio-esthéticienne</td><td>2018-03-30T12:00:00+01:00</td><td>2018-03-30T12:00:00+01:00</td><td/><td/></tr><tr><td style=\"white-space:nowrap\">11<a name=\"TRE-R243-CompetenceSpecifique-11\"> </a></td><td>Enseignant du 1er degré</td><td>2018-03-30T12:00:00+01:00</td><td>2018-03-30T12:00:00+01:00</td><td/><td/></tr><tr><td style=\"white-space:nowrap\">12<a name=\"TRE-R243-CompetenceSpecifique-12\"> </a></td><td>Enseignant du 2nd degré</td><td>2018-03-30T12:00:00+01:00</td><td>2018-03-30T12:00:00+01:00</td><td/><td/></tr><tr><td style=\"white-space:nowrap\">13<a name=\"TRE-R243-CompetenceSpecifique-13\"> </a></td><td>Enseignant du supérieur</td><td>2018-03-30T12:00:00+01:00</td><td>2018-03-30T12:00:00+01:00</td><td/><td/></tr><tr><td style=\"white-space:nowrap\">14<a name=\"TRE-R243-CompetenceSpecifique-14\"> </a></td><td>Puéricultrice</td><td>2018-03-30T12:00:00+01:00</td><td>2018-03-30T12:00:00+01:00</td><td/><td/></tr><tr><td style=\"white-space:nowrap\">15<a name=\"TRE-R243-CompetenceSpecifique-15\"> </a></td><td>Auxiliaire de puériculture</td><td>2018-03-30T12:00:00+01:00</td><td>2019-03-29T12:00:00+01:00</td><td>2019-03-29T12:00:00+01:00</td><td/></tr><tr><td style=\"white-space:nowrap\">16<a name=\"TRE-R243-CompetenceSpecifique-16\"> </a></td><td>Accompagnant des élèves en situation de handicap</td><td>2018-03-30T12:00:00+01:00</td><td>2019-07-05T12:00:00+01:00</td><td>2019-07-05T12:00:00+01:00</td><td>Accompagnant élèves handicap</td></tr><tr><td style=\"white-space:nowrap\">17<a name=\"TRE-R243-CompetenceSpecifique-17\"> </a></td><td>Aide humaine en milieu scolaire</td><td>2018-03-30T12:00:00+01:00</td><td>2022-10-28T12:00:00+01:00</td><td>2022-10-28T12:00:00+01:00</td><td>Aide humaine en milieu sco</td></tr><tr><td style=\"white-space:nowrap\">18<a name=\"TRE-R243-CompetenceSpecifique-18\"> </a></td><td>Maitrise de prog d'interv globaux à réf compor (ABA,...) ou dév (TEACCH,...)</td><td>2018-05-31T12:00:00+01:00</td><td>2019-03-29T12:00:00+01:00</td><td>2019-03-29T12:00:00+01:00</td><td>Prog interv glob comport dév</td></tr><tr><td style=\"white-space:nowrap\">19<a name=\"TRE-R243-CompetenceSpecifique-19\"> </a></td><td>Médecin coordonnateur</td><td>2018-05-31T12:00:00+01:00</td><td>2018-05-31T12:00:00+01:00</td><td/><td/></tr><tr><td style=\"white-space:nowrap\">20<a name=\"TRE-R243-CompetenceSpecifique-20\"> </a></td><td>Infirmier coordonnateur</td><td>2018-05-31T12:00:00+01:00</td><td>2018-05-31T12:00:00+01:00</td><td/><td/></tr><tr><td style=\"white-space:nowrap\">21<a name=\"TRE-R243-CompetenceSpecifique-21\"> </a></td><td>Phoniatre</td><td>2018-05-31T12:00:00+01:00</td><td>2018-05-31T12:00:00+01:00</td><td/><td/></tr><tr><td style=\"white-space:nowrap\">22<a name=\"TRE-R243-CompetenceSpecifique-22\"> </a></td><td>Audio phonologue</td><td>2018-05-31T12:00:00+01:00</td><td>2018-05-31T12:00:00+01:00</td><td/><td/></tr><tr><td style=\"white-space:nowrap\">23<a name=\"TRE-R243-CompetenceSpecifique-23\"> </a></td><td>Ingénieur en analyse du mouvement</td><td>2018-06-29T12:00:00+01:00</td><td>2018-06-29T12:00:00+01:00</td><td/><td>Ingénieur en analyse du mvt</td></tr><tr><td style=\"white-space:nowrap\">24<a name=\"TRE-R243-CompetenceSpecifique-24\"> </a></td><td>Psychologue clinicien</td><td>2018-06-29T12:00:00+01:00</td><td>2018-06-29T12:00:00+01:00</td><td/><td/></tr><tr><td style=\"white-space:nowrap\">25<a name=\"TRE-R243-CompetenceSpecifique-25\"> </a></td><td>Animateur socio-culturel</td><td>2018-06-29T12:00:00+01:00</td><td>2018-06-29T12:00:00+01:00</td><td/><td/></tr><tr><td style=\"white-space:nowrap\">26<a name=\"TRE-R243-CompetenceSpecifique-26\"> </a></td><td>Moniteur d'atelier</td><td>2018-10-26T12:00:00+01:00</td><td>2018-10-26T12:00:00+01:00</td><td/><td/></tr><tr><td style=\"white-space:nowrap\">27<a name=\"TRE-R243-CompetenceSpecifique-27\"> </a></td><td>Maîtrise de la Méthode verbo-tonale : aide à l'apprentissage de la parole</td><td>2018-10-26T12:00:00+01:00</td><td>2018-10-26T12:00:00+01:00</td><td/><td>Aide apprentissage parole</td></tr><tr><td style=\"white-space:nowrap\">28<a name=\"TRE-R243-CompetenceSpecifique-28\"> </a></td><td>Maîtrise du Braille</td><td>2018-10-26T12:00:00+01:00</td><td>2018-12-14T12:00:00+01:00</td><td>2018-12-14T12:00:00+01:00</td><td/></tr><tr><td style=\"white-space:nowrap\">29<a name=\"TRE-R243-CompetenceSpecifique-29\"> </a></td><td>Maîtrise du PECS</td><td>2018-10-26T12:00:00+01:00</td><td>2018-10-26T12:00:00+01:00</td><td/><td/></tr><tr><td style=\"white-space:nowrap\">30<a name=\"TRE-R243-CompetenceSpecifique-30\"> </a></td><td>Maîtrise de la Méthode ABA</td><td>2018-10-26T12:00:00+01:00</td><td>2018-10-26T12:00:00+01:00</td><td/><td/></tr><tr><td style=\"white-space:nowrap\">31<a name=\"TRE-R243-CompetenceSpecifique-31\"> </a></td><td>Maîtrise du MAKATON</td><td>2018-10-26T12:00:00+01:00</td><td>2018-10-26T12:00:00+01:00</td><td/><td/></tr><tr><td style=\"white-space:nowrap\">32<a name=\"TRE-R243-CompetenceSpecifique-32\"> </a></td><td>Maîtrise des Gestes Borel-Maisonny</td><td>2018-10-26T12:00:00+01:00</td><td>2018-10-26T12:00:00+01:00</td><td/><td>Maîtrise des Borel-Maisonny</td></tr><tr><td style=\"white-space:nowrap\">33<a name=\"TRE-R243-CompetenceSpecifique-33\"> </a></td><td>Maîtrise de la COGHAMO</td><td>2018-10-26T12:00:00+01:00</td><td>2018-10-26T12:00:00+01:00</td><td/><td/></tr><tr><td style=\"white-space:nowrap\">34<a name=\"TRE-R243-CompetenceSpecifique-34\"> </a></td><td>Maîtrise des Codes de communication pictographiques (classeurs, planches)</td><td>2018-10-26T12:00:00+01:00</td><td>2018-10-26T12:00:00+01:00</td><td/><td>Maît des Codes de com picto</td></tr><tr><td style=\"white-space:nowrap\">35<a name=\"TRE-R243-CompetenceSpecifique-35\"> </a></td><td>Maît des out info avc synthèse voc à entrée ortho ou picto (téléth, log de com)</td><td>2018-10-26T12:00:00+01:00</td><td>2018-10-26T12:00:00+01:00</td><td/><td>Maît des out info avc syn voc</td></tr><tr><td style=\"white-space:nowrap\">36<a name=\"TRE-R243-CompetenceSpecifique-36\"> </a></td><td>Maîtrise des log d'aide à la transcription (retour voc, prédicteur de mots)</td><td>2018-10-26T12:00:00+01:00</td><td>2018-10-26T12:00:00+01:00</td><td/><td>Maît des log d'aide à la trans</td></tr><tr><td style=\"white-space:nowrap\">37<a name=\"TRE-R243-CompetenceSpecifique-37\"> </a></td><td>Ostéopathe</td><td>2018-12-14T12:00:00+01:00</td><td>2018-12-14T12:00:00+01:00</td><td/><td/></tr><tr><td style=\"white-space:nowrap\">38<a name=\"TRE-R243-CompetenceSpecifique-38\"> </a></td><td>Enseignant en Activité Physique Adaptée (EAPA)</td><td>2019-03-29T12:00:00+01:00</td><td>2019-03-29T12:00:00+01:00</td><td/><td>EAPA</td></tr><tr><td style=\"white-space:nowrap\">39<a name=\"TRE-R243-CompetenceSpecifique-39\"> </a></td><td>Accompagnant des Élèves en Situation de Handicap (AESH)</td><td>2019-03-29T12:00:00+01:00</td><td>2019-03-29T12:00:00+01:00</td><td/><td>AESH</td></tr><tr><td style=\"white-space:nowrap\">40<a name=\"TRE-R243-CompetenceSpecifique-40\"> </a></td><td>Maîtrise de prog d'interv globaux à réf développementale (TEACCH, DENVER,...)</td><td>2019-03-29T12:00:00+01:00</td><td>2019-03-29T12:00:00+01:00</td><td/><td>Maîtrise de prog d'interv glob</td></tr><tr><td style=\"white-space:nowrap\">41<a name=\"TRE-R243-CompetenceSpecifique-41\"> </a></td><td>Psychiatre</td><td>2019-03-29T12:00:00+01:00</td><td>2019-03-29T12:00:00+01:00</td><td/><td/></tr><tr><td style=\"white-space:nowrap\">42<a name=\"TRE-R243-CompetenceSpecifique-42\"> </a></td><td>Gériatre</td><td>2019-03-29T12:00:00+01:00</td><td>2021-12-17T12:00:00+01:00</td><td/><td/></tr><tr><td style=\"white-space:nowrap\">43<a name=\"TRE-R243-CompetenceSpecifique-43\"> </a></td><td>Pédopsychiatre</td><td>2019-03-29T12:00:00+01:00</td><td>2019-03-29T12:00:00+01:00</td><td/><td/></tr><tr><td style=\"white-space:nowrap\">44<a name=\"TRE-R243-CompetenceSpecifique-44\"> </a></td><td>Veilleur de nuit</td><td>2019-03-29T12:00:00+01:00</td><td>2019-03-29T12:00:00+01:00</td><td/><td/></tr><tr><td style=\"white-space:nowrap\">45<a name=\"TRE-R243-CompetenceSpecifique-45\"> </a></td><td>Assistant(e) de soins en gérontologie</td><td>2019-03-29T12:00:00+01:00</td><td>2019-07-05T12:00:00+01:00</td><td/><td>Assistant(e) de soins géronto</td></tr><tr><td style=\"white-space:nowrap\">46<a name=\"TRE-R243-CompetenceSpecifique-46\"> </a></td><td>Conseillère en économie sociale et familiale (CESF)</td><td>2019-07-05T12:00:00+01:00</td><td>2019-07-05T12:00:00+01:00</td><td/><td>CESF</td></tr><tr><td style=\"white-space:nowrap\">47<a name=\"TRE-R243-CompetenceSpecifique-47\"> </a></td><td>Aide médico psychologique (AMP)</td><td>2019-10-25T12:00:00+01:00</td><td>2019-10-25T12:00:00+01:00</td><td/><td>AMP</td></tr><tr><td style=\"white-space:nowrap\">48<a name=\"TRE-R243-CompetenceSpecifique-48\"> </a></td><td>Auxiliaire de vie sociale (AVS)</td><td>2019-10-25T12:00:00+01:00</td><td>2019-10-25T12:00:00+01:00</td><td/><td>AVS</td></tr><tr><td style=\"white-space:nowrap\">49<a name=\"TRE-R243-CompetenceSpecifique-49\"> </a></td><td>Accompagnant Educatif et Social (AES)</td><td>2019-10-25T12:00:00+01:00</td><td>2019-10-25T12:00:00+01:00</td><td/><td>AES</td></tr><tr><td style=\"white-space:nowrap\">50<a name=\"TRE-R243-CompetenceSpecifique-50\"> </a></td><td>Avéjiste</td><td>2021-10-29T12:00:00+01:00</td><td>2021-10-29T12:00:00+01:00</td><td/><td/></tr><tr><td style=\"white-space:nowrap\">51<a name=\"TRE-R243-CompetenceSpecifique-51\"> </a></td><td>Instructeur en locomotion</td><td>2021-10-29T12:00:00+01:00</td><td>2021-10-29T12:00:00+01:00</td><td/><td/></tr><tr><td style=\"white-space:nowrap\">52<a name=\"TRE-R243-CompetenceSpecifique-52\"> </a></td><td>Educateur sportif</td><td>2021-10-29T12:00:00+01:00</td><td>2021-10-29T12:00:00+01:00</td><td/><td/></tr><tr><td style=\"white-space:nowrap\">53<a name=\"TRE-R243-CompetenceSpecifique-53\"> </a></td><td>Conseiller en insertion professionnelle</td><td>2021-10-29T12:00:00+01:00</td><td>2021-10-29T12:00:00+01:00</td><td/><td>Conseiller en insertion pro</td></tr><tr><td style=\"white-space:nowrap\">54<a name=\"TRE-R243-CompetenceSpecifique-54\"> </a></td><td>Coordonnateur et gestionnaire de parcours handicap</td><td>2022-01-28T12:00:00+01:00</td><td>2022-01-28T12:00:00+01:00</td><td/><td>Coord parcours handicap</td></tr><tr><td style=\"white-space:nowrap\">55<a name=\"TRE-R243-CompetenceSpecifique-55\"> </a></td><td>Neuropédiatre</td><td>2022-01-28T12:00:00+01:00</td><td>2022-01-28T12:00:00+01:00</td><td/><td/></tr><tr><td style=\"white-space:nowrap\">56<a name=\"TRE-R243-CompetenceSpecifique-56\"> </a></td><td>Psychopédagogue</td><td>2022-04-29T12:00:00+01:00</td><td>2022-04-29T12:00:00+01:00</td><td/><td/></tr><tr><td style=\"white-space:nowrap\">57<a name=\"TRE-R243-CompetenceSpecifique-57\"> </a></td><td>Ergonome</td><td>2023-05-26T12:00:00+01:00</td><td>2023-05-26T12:00:00+01:00</td><td/><td/></tr><tr><td style=\"white-space:nowrap\">58<a name=\"TRE-R243-CompetenceSpecifique-58\"> </a></td><td>Psychologue du travail</td><td>2023-05-26T12:00:00+01:00</td><td>2023-05-26T12:00:00+01:00</td><td/><td/></tr><tr><td style=\"white-space:nowrap\">59<a name=\"TRE-R243-CompetenceSpecifique-59\"> </a></td><td>Tabacologue</td><td>2023-06-30T12:00:00+01:00</td><td>2023-06-30T12:00:00+01:00</td><td/><td/></tr><tr><td style=\"white-space:nowrap\">60<a name=\"TRE-R243-CompetenceSpecifique-60\"> </a></td><td>Addictologue</td><td>2023-06-30T12:00:00+01:00</td><td>2023-06-30T12:00:00+01:00</td><td/><td/></tr><tr><td style=\"white-space:nowrap\">61<a name=\"TRE-R243-CompetenceSpecifique-61\"> </a></td><td>Conseiller conjugal et familial</td><td>2024-04-26T12:00:00+01:00</td><td>2024-04-26T12:00:00+01:00</td><td/><td>Conseiller conj. et familial</td></tr></table></div>"},"extension":[{"url":"http://hl7.org/fhir/StructureDefinition/resource-effectivePeriod","valuePeriod":{"start":"2017-10-13T12:00:00+01:00"}}],"url":"https://mos.esante.gouv.fr/NOS/TRE_R243-CompetenceSpecifique/FHIR/TRE-R243-CompetenceSpecifique","identifier":[{"system":"urn:ietf:rfc:3986","value":"urn:oid:1.2.250.1.213.3.3.37"}],"version":"20240426120000","name":"TRE_R243_CompetenceSpecifique","status":"active","experimental":false,"date":"2024-04-26T12:00:00+01:00","publisher":"Agence du Numérique en Santé (ANS) - 2-10 Rue d'Oradour-sur-Glane, 75015 Paris","description":"Compétence spécifique","jurisdiction":[{"coding":[{"system":"urn:iso:std:iso:3166","code":"FRA"}]}],"caseSensitive":false,"content":"complete","property":[{"code":"dateValid","description":"date de validité d'un code concept","type":"dateTime"},{"code":"dateMaj","description":"Date de mise à jour d'un code concept","type":"dateTime"},{"code":"dateFin","description":"Date de fin d'exploitation d'un code concept","type":"dateTime"},{"code":"deprecationDate","uri":"http://hl7.org/fhir/concept-properties#deprecationDate","description":"Date Concept was deprecated","type":"dateTime"},{"code":"status","uri":"http://hl7.org/fhir/concept-properties#status","description":"A property that indicates the status of the concept.","type":"code"},{"code":"retirementDate","uri":"http://hl7.org/fhir/concept-properties#retirementDate","description":"Date Concept was retired","type":"dateTime"}],"concept":[{"code":"01","display":"Maîtrise de la Langue des Signes Française (LSF)","designation":[{"language":"fr-FR","use":{"system":"http://snomed.info/sct","code":"900000000000013009"},"value":"Langue Signes Française (LSF)"}],"property":[{"code":"dateValid","valueDateTime":"2017-10-13T12:00:00+01:00"},{"code":"dateMaj","valueDateTime":"2017-10-13T12:00:00+01:00"},{"code":"status","valueCode":"active"}]},{"code":"02","display":"Maîtrise de la Langue Parlé Complété (LPC)","designation":[{"language":"fr-FR","use":{"system":"http://snomed.info/sct","code":"900000000000013009"},"value":"Langue Parlé Complété (LPC)"}],"property":[{"code":"dateValid","valueDateTime":"2017-10-13T12:00:00+01:00"},{"code":"dateMaj","valueDateTime":"2017-10-13T12:00:00+01:00"},{"code":"status","valueCode":"active"}]},{"code":"03","display":"Maîtrise de la lecture et de l'écriture du Braille","designation":[{"language":"fr-FR","use":{"system":"http://snomed.info/sct","code":"900000000000013009"},"value":"Maît lecture écriture Braille"}],"property":[{"code":"dateValid","valueDateTime":"2017-10-13T12:00:00+01:00"},{"code":"dateMaj","valueDateTime":"2018-10-26T12:00:00+01:00"},{"code":"status","valueCode":"active"}]},{"code":"04","display":"Art-thérapeute","property":[{"code":"dateValid","valueDateTime":"2017-10-13T12:00:00+01:00"},{"code":"dateMaj","valueDateTime":"2017-10-13T12:00:00+01:00"},{"code":"status","valueCode":"active"}]},{"code":"05","display":"Neuropsychologue","property":[{"code":"dateValid","valueDateTime":"2017-10-13T12:00:00+01:00"},{"code":"dateMaj","valueDateTime":"2017-10-13T12:00:00+01:00"},{"code":"status","valueCode":"active"}]},{"code":"06","display":"Maîtrise de langue étrangère","designation":[{"language":"fr-FR","use":{"system":"http://snomed.info/sct","code":"900000000000013009"},"value":"Maîtrise de lang. Étrangère"}],"property":[{"code":"dateValid","valueDateTime":"2022-10-28T12:00:00+01:00"},{"code":"dateMaj","valueDateTime":"2022-10-28T12:00:00+01:00"},{"code":"status","valueCode":"active"}]},{"code":"07","display":"Maîtrise de langue régionale","designation":[{"language":"fr-FR","use":{"system":"http://snomed.info/sct","code":"900000000000013009"},"value":"Maîtrise de lang. Régionale"}],"property":[{"code":"dateValid","valueDateTime":"2022-10-28T12:00:00+01:00"},{"code":"dateMaj","valueDateTime":"2022-10-28T12:00:00+01:00"},{"code":"status","valueCode":"active"}]},{"code":"08","display":"Intervenant pair (médiateur, pair-aidant)","designation":[{"language":"fr-FR","use":{"system":"http://snomed.info/sct","code":"900000000000013009"},"value":"Médiateur de santé pair"}],"property":[{"code":"dateValid","valueDateTime":"2017-10-13T12:00:00+01:00"},{"code":"dateMaj","valueDateTime":"2023-05-26T12:00:00+01:00"},{"code":"status","valueCode":"active"}]},{"code":"09","display":"Maîtrise de la communication augmentative alternative","designation":[{"language":"fr-FR","use":{"system":"http://snomed.info/sct","code":"900000000000013009"},"value":"Maîtrise com augment altern"}],"property":[{"code":"dateValid","valueDateTime":"2018-03-30T12:00:00+01:00"},{"code":"dateFin","valueDateTime":"2018-10-26T12:00:00+01:00"},{"code":"dateMaj","valueDateTime":"2018-10-26T12:00:00+01:00"},{"code":"deprecationDate","valueDateTime":"2018-10-26T12:00:00+01:00"},{"code":"status","valueCode":"deprecated"}]},{"code":"10","display":"Socio-esthéticienne","property":[{"code":"dateValid","valueDateTime":"2018-03-30T12:00:00+01:00"},{"code":"dateMaj","valueDateTime":"2018-03-30T12:00:00+01:00"},{"code":"status","valueCode":"active"}]},{"code":"11","display":"Enseignant du 1er degré","property":[{"code":"dateValid","valueDateTime":"2018-03-30T12:00:00+01:00"},{"code":"dateMaj","valueDateTime":"2018-03-30T12:00:00+01:00"},{"code":"status","valueCode":"active"}]},{"code":"12","display":"Enseignant du 2nd degré","property":[{"code":"dateValid","valueDateTime":"2018-03-30T12:00:00+01:00"},{"code":"dateMaj","valueDateTime":"2018-03-30T12:00:00+01:00"},{"code":"status","valueCode":"active"}]},{"code":"13","display":"Enseignant du supérieur","property":[{"code":"dateValid","valueDateTime":"2018-03-30T12:00:00+01:00"},{"code":"dateMaj","valueDateTime":"2018-03-30T12:00:00+01:00"},{"code":"status","valueCode":"active"}]},{"code":"14","display":"Puéricultrice","property":[{"code":"dateValid","valueDateTime":"2018-03-30T12:00:00+01:00"},{"code":"dateMaj","valueDateTime":"2018-03-30T12:00:00+01:00"},{"code":"status","valueCode":"active"}]},{"code":"15","display":"Auxiliaire de puériculture","property":[{"code":"dateValid","valueDateTime":"2018-03-30T12:00:00+01:00"},{"code":"dateFin","valueDateTime":"2019-03-29T12:00:00+01:00"},{"code":"dateMaj","valueDateTime":"2019-03-29T12:00:00+01:00"},{"code":"deprecationDate","valueDateTime":"2019-03-29T12:00:00+01:00"},{"code":"status","valueCode":"deprecated"}]},{"code":"16","display":"Accompagnant des élèves en situation de handicap","designation":[{"language":"fr-FR","use":{"system":"http://snomed.info/sct","code":"900000000000013009"},"value":"Accompagnant élèves handicap"}],"property":[{"code":"dateValid","valueDateTime":"2018-03-30T12:00:00+01:00"},{"code":"dateFin","valueDateTime":"2019-07-05T12:00:00+01:00"},{"code":"dateMaj","valueDateTime":"2019-07-05T12:00:00+01:00"},{"code":"deprecationDate","valueDateTime":"2019-07-05T12:00:00+01:00"},{"code":"status","valueCode":"deprecated"}]},{"code":"17","display":"Aide humaine en milieu scolaire","designation":[{"language":"fr-FR","use":{"system":"http://snomed.info/sct","code":"900000000000013009"},"value":"Aide humaine en milieu sco"}],"property":[{"code":"dateValid","valueDateTime":"2018-03-30T12:00:00+01:00"},{"code":"dateFin","valueDateTime":"2022-10-28T12:00:00+01:00"},{"code":"dateMaj","valueDateTime":"2022-10-28T12:00:00+01:00"},{"code":"deprecationDate","valueDateTime":"2022-10-28T12:00:00+01:00"},{"code":"status","valueCode":"deprecated"}]},{"code":"18","display":"Maitrise de prog d'interv globaux à réf compor (ABA,...) ou dév (TEACCH,...)","designation":[{"language":"fr-FR","use":{"system":"http://snomed.info/sct","code":"900000000000013009"},"value":"Prog interv glob comport dév"},{"language":"fr-FR","use":{"system":"http://snomed.info/sct","code":"900000000000013009"},"value":"Maitrise de programmes d'intervention globaux à référence comportementale (ABA,...) ou développementale (TEACCH, DENVER,...)"}],"property":[{"code":"dateValid","valueDateTime":"2018-05-31T12:00:00+01:00"},{"code":"dateFin","valueDateTime":"2019-03-29T12:00:00+01:00"},{"code":"dateMaj","valueDateTime":"2019-03-29T12:00:00+01:00"},{"code":"deprecationDate","valueDateTime":"2019-03-29T12:00:00+01:00"},{"code":"status","valueCode":"deprecated"}]},{"code":"19","display":"Médecin coordonnateur","property":[{"code":"dateValid","valueDateTime":"2018-05-31T12:00:00+01:00"},{"code":"dateMaj","valueDateTime":"2018-05-31T12:00:00+01:00"},{"code":"status","valueCode":"active"}]},{"code":"20","display":"Infirmier coordonnateur","property":[{"code":"dateValid","valueDateTime":"2018-05-31T12:00:00+01:00"},{"code":"dateMaj","valueDateTime":"2018-05-31T12:00:00+01:00"},{"code":"status","valueCode":"active"}]},{"code":"21","display":"Phoniatre","property":[{"code":"dateValid","valueDateTime":"2018-05-31T12:00:00+01:00"},{"code":"dateMaj","valueDateTime":"2018-05-31T12:00:00+01:00"},{"code":"status","valueCode":"active"}]},{"code":"22","display":"Audio phonologue","property":[{"code":"dateValid","valueDateTime":"2018-05-31T12:00:00+01:00"},{"code":"dateMaj","valueDateTime":"2018-05-31T12:00:00+01:00"},{"code":"status","valueCode":"active"}]},{"code":"23","display":"Ingénieur en analyse du mouvement","designation":[{"language":"fr-FR","use":{"system":"http://snomed.info/sct","code":"900000000000013009"},"value":"Ingénieur en analyse du mvt"}],"property":[{"code":"dateValid","valueDateTime":"2018-06-29T12:00:00+01:00"},{"code":"dateMaj","valueDateTime":"2018-06-29T12:00:00+01:00"},{"code":"status","valueCode":"active"}]},{"code":"24","display":"Psychologue clinicien","property":[{"code":"dateValid","valueDateTime":"2018-06-29T12:00:00+01:00"},{"code":"dateMaj","valueDateTime":"2018-06-29T12:00:00+01:00"},{"code":"status","valueCode":"active"}]},{"code":"25","display":"Animateur socio-culturel","property":[{"code":"dateValid","valueDateTime":"2018-06-29T12:00:00+01:00"},{"code":"dateMaj","valueDateTime":"2018-06-29T12:00:00+01:00"},{"code":"status","valueCode":"active"}]},{"code":"26","display":"Moniteur d'atelier","property":[{"code":"dateValid","valueDateTime":"2018-10-26T12:00:00+01:00"},{"code":"dateMaj","valueDateTime":"2018-10-26T12:00:00+01:00"},{"code":"status","valueCode":"active"}]},{"code":"27","display":"Maîtrise de la Méthode verbo-tonale : aide à l'apprentissage de la parole","designation":[{"language":"fr-FR","use":{"system":"http://snomed.info/sct","code":"900000000000013009"},"value":"Aide apprentissage parole"}],"property":[{"code":"dateValid","valueDateTime":"2018-10-26T12:00:00+01:00"},{"code":"dateMaj","valueDateTime":"2018-10-26T12:00:00+01:00"},{"code":"status","valueCode":"active"}]},{"code":"28","display":"Maîtrise du Braille","property":[{"code":"dateValid","valueDateTime":"2018-10-26T12:00:00+01:00"},{"code":"dateFin","valueDateTime":"2018-12-14T12:00:00+01:00"},{"code":"dateMaj","valueDateTime":"2018-12-14T12:00:00+01:00"},{"code":"deprecationDate","valueDateTime":"2018-12-14T12:00:00+01:00"},{"code":"status","valueCode":"deprecated"}]},{"code":"29","display":"Maîtrise du PECS","property":[{"code":"dateValid","valueDateTime":"2018-10-26T12:00:00+01:00"},{"code":"dateMaj","valueDateTime":"2018-10-26T12:00:00+01:00"},{"code":"status","valueCode":"active"}]},{"code":"30","display":"Maîtrise de la Méthode ABA","property":[{"code":"dateValid","valueDateTime":"2018-10-26T12:00:00+01:00"},{"code":"dateMaj","valueDateTime":"2018-10-26T12:00:00+01:00"},{"code":"status","valueCode":"active"}]},{"code":"31","display":"Maîtrise du MAKATON","property":[{"code":"dateValid","valueDateTime":"2018-10-26T12:00:00+01:00"},{"code":"dateMaj","valueDateTime":"2018-10-26T12:00:00+01:00"},{"code":"status","valueCode":"active"}]},{"code":"32","display":"Maîtrise des Gestes Borel-Maisonny","designation":[{"language":"fr-FR","use":{"system":"http://snomed.info/sct","code":"900000000000013009"},"value":"Maîtrise des Borel-Maisonny"}],"property":[{"code":"dateValid","valueDateTime":"2018-10-26T12:00:00+01:00"},{"code":"dateMaj","valueDateTime":"2018-10-26T12:00:00+01:00"},{"code":"status","valueCode":"active"}]},{"code":"33","display":"Maîtrise de la COGHAMO","property":[{"code":"dateValid","valueDateTime":"2018-10-26T12:00:00+01:00"},{"code":"dateMaj","valueDateTime":"2018-10-26T12:00:00+01:00"},{"code":"status","valueCode":"active"}]},{"code":"34","display":"Maîtrise des Codes de communication pictographiques (classeurs, planches)","designation":[{"language":"fr-FR","use":{"system":"http://snomed.info/sct","code":"900000000000013009"},"value":"Maît des Codes de com picto"}],"property":[{"code":"dateValid","valueDateTime":"2018-10-26T12:00:00+01:00"},{"code":"dateMaj","valueDateTime":"2018-10-26T12:00:00+01:00"},{"code":"status","valueCode":"active"}]},{"code":"35","display":"Maît des out info avc synthèse voc à entrée ortho ou picto (téléth, log de com)","designation":[{"language":"fr-FR","use":{"system":"http://snomed.info/sct","code":"900000000000013009"},"value":"Maît des out info avc syn voc"},{"language":"fr-FR","use":{"system":"http://snomed.info/sct","code":"900000000000013009"},"value":"Maîtrise des outils informatisés avec synthèse vocale à entrée orthographique ou pictographique (téléthèses, logiciels de communication)"}],"property":[{"code":"dateValid","valueDateTime":"2018-10-26T12:00:00+01:00"},{"code":"dateMaj","valueDateTime":"2018-10-26T12:00:00+01:00"},{"code":"status","valueCode":"active"}]},{"code":"36","display":"Maîtrise des log d'aide à la transcription (retour voc, prédicteur de mots)","designation":[{"language":"fr-FR","use":{"system":"http://snomed.info/sct","code":"900000000000013009"},"value":"Maît des log d'aide à la trans"},{"language":"fr-FR","use":{"system":"http://snomed.info/sct","code":"900000000000013009"},"value":"Maîtrise des logiciels d'aide à la transcription (retour vocal, prédicteur de mots)"}],"property":[{"code":"dateValid","valueDateTime":"2018-10-26T12:00:00+01:00"},{"code":"dateMaj","valueDateTime":"2018-10-26T12:00:00+01:00"},{"code":"status","valueCode":"active"}]},{"code":"37","display":"Ostéopathe","property":[{"code":"dateValid","valueDateTime":"2018-12-14T12:00:00+01:00"},{"code":"dateMaj","valueDateTime":"2018-12-14T12:00:00+01:00"},{"code":"status","valueCode":"active"}]},{"code":"38","display":"Enseignant en Activité Physique Adaptée (EAPA)","designation":[{"language":"fr-FR","use":{"system":"http://snomed.info/sct","code":"900000000000013009"},"value":"EAPA"}],"property":[{"code":"dateValid","valueDateTime":"2019-03-29T12:00:00+01:00"},{"code":"dateMaj","valueDateTime":"2019-03-29T12:00:00+01:00"},{"code":"status","valueCode":"active"}]},{"code":"39","display":"Accompagnant des Élèves en Situation de Handicap (AESH)","designation":[{"language":"fr-FR","use":{"system":"http://snomed.info/sct","code":"900000000000013009"},"value":"AESH"}],"property":[{"code":"dateValid","valueDateTime":"2019-03-29T12:00:00+01:00"},{"code":"dateMaj","valueDateTime":"2019-03-29T12:00:00+01:00"},{"code":"status","valueCode":"active"}]},{"code":"40","display":"Maîtrise de prog d'interv globaux à réf développementale (TEACCH, DENVER,...)","designation":[{"language":"fr-FR","use":{"system":"http://snomed.info/sct","code":"900000000000013009"},"value":"Maîtrise de prog d'interv glob"},{"language":"fr-FR","use":{"system":"http://snomed.info/sct","code":"900000000000013009"},"value":"Maîtrise de programmes d'intervention globaux à référence développementale (TEACCH, DENVER,...)"}],"property":[{"code":"dateValid","valueDateTime":"2019-03-29T12:00:00+01:00"},{"code":"dateMaj","valueDateTime":"2019-03-29T12:00:00+01:00"},{"code":"status","valueCode":"active"}]},{"code":"41","display":"Psychiatre","property":[{"code":"dateValid","valueDateTime":"2019-03-29T12:00:00+01:00"},{"code":"dateMaj","valueDateTime":"2019-03-29T12:00:00+01:00"},{"code":"status","valueCode":"active"}]},{"code":"42","display":"Gériatre","property":[{"code":"dateValid","valueDateTime":"2019-03-29T12:00:00+01:00"},{"code":"dateMaj","valueDateTime":"2021-12-17T12:00:00+01:00"},{"code":"status","valueCode":"active"}]},{"code":"43","display":"Pédopsychiatre","property":[{"code":"dateValid","valueDateTime":"2019-03-29T12:00:00+01:00"},{"code":"dateMaj","valueDateTime":"2019-03-29T12:00:00+01:00"},{"code":"status","valueCode":"active"}]},{"code":"44","display":"Veilleur de nuit","property":[{"code":"dateValid","valueDateTime":"2019-03-29T12:00:00+01:00"},{"code":"dateMaj","valueDateTime":"2019-03-29T12:00:00+01:00"},{"code":"status","valueCode":"active"}]},{"code":"45","display":"Assistant(e) de soins en gérontologie","designation":[{"language":"fr-FR","use":{"system":"http://snomed.info/sct","code":"900000000000013009"},"value":"Assistant(e) de soins géronto"}],"property":[{"code":"dateValid","valueDateTime":"2019-03-29T12:00:00+01:00"},{"code":"dateMaj","valueDateTime":"2019-07-05T12:00:00+01:00"},{"code":"status","valueCode":"active"}]},{"code":"46","display":"Conseillère en économie sociale et familiale (CESF)","designation":[{"language":"fr-FR","use":{"system":"http://snomed.info/sct","code":"900000000000013009"},"value":"CESF"}],"property":[{"code":"dateValid","valueDateTime":"2019-07-05T12:00:00+01:00"},{"code":"dateMaj","valueDateTime":"2019-07-05T12:00:00+01:00"},{"code":"status","valueCode":"active"}]},{"code":"47","display":"Aide médico psychologique (AMP)","designation":[{"language":"fr-FR","use":{"system":"http://snomed.info/sct","code":"900000000000013009"},"value":"AMP"}],"property":[{"code":"dateValid","valueDateTime":"2019-10-25T12:00:00+01:00"},{"code":"dateMaj","valueDateTime":"2019-10-25T12:00:00+01:00"},{"code":"status","valueCode":"active"}]},{"code":"48","display":"Auxiliaire de vie sociale (AVS)","designation":[{"language":"fr-FR","use":{"system":"http://snomed.info/sct","code":"900000000000013009"},"value":"AVS"}],"property":[{"code":"dateValid","valueDateTime":"2019-10-25T12:00:00+01:00"},{"code":"dateMaj","valueDateTime":"2019-10-25T12:00:00+01:00"},{"code":"status","valueCode":"active"}]},{"code":"49","display":"Accompagnant Educatif et Social (AES)","designation":[{"language":"fr-FR","use":{"system":"http://snomed.info/sct","code":"900000000000013009"},"value":"AES"}],"property":[{"code":"dateValid","valueDateTime":"2019-10-25T12:00:00+01:00"},{"code":"dateMaj","valueDateTime":"2019-10-25T12:00:00+01:00"},{"code":"status","valueCode":"active"}]},{"code":"50","display":"Avéjiste","property":[{"code":"dateValid","valueDateTime":"2021-10-29T12:00:00+01:00"},{"code":"dateMaj","valueDateTime":"2021-10-29T12:00:00+01:00"},{"code":"status","valueCode":"active"}]},{"code":"51","display":"Instructeur en locomotion","property":[{"code":"dateValid","valueDateTime":"2021-10-29T12:00:00+01:00"},{"code":"dateMaj","valueDateTime":"2021-10-29T12:00:00+01:00"},{"code":"status","valueCode":"active"}]},{"code":"52","display":"Educateur sportif","property":[{"code":"dateValid","valueDateTime":"2021-10-29T12:00:00+01:00"},{"code":"dateMaj","valueDateTime":"2021-10-29T12:00:00+01:00"},{"code":"status","valueCode":"active"}]},{"code":"53","display":"Conseiller en insertion professionnelle","designation":[{"language":"fr-FR","use":{"system":"http://snomed.info/sct","code":"900000000000013009"},"value":"Conseiller en insertion pro"}],"property":[{"code":"dateValid","valueDateTime":"2021-10-29T12:00:00+01:00"},{"code":"dateMaj","valueDateTime":"2021-10-29T12:00:00+01:00"},{"code":"status","valueCode":"active"}]},{"code":"54","display":"Coordonnateur et gestionnaire de parcours handicap","designation":[{"language":"fr-FR","use":{"system":"http://snomed.info/sct","code":"900000000000013009"},"value":"Coord parcours handicap"}],"property":[{"code":"dateValid","valueDateTime":"2022-01-28T12:00:00+01:00"},{"code":"dateMaj","valueDateTime":"2022-01-28T12:00:00+01:00"},{"code":"status","valueCode":"active"}]},{"code":"55","display":"Neuropédiatre","property":[{"code":"dateValid","valueDateTime":"2022-01-28T12:00:00+01:00"},{"code":"dateMaj","valueDateTime":"2022-01-28T12:00:00+01:00"},{"code":"status","valueCode":"active"}]},{"code":"56","display":"Psychopédagogue","property":[{"code":"dateValid","valueDateTime":"2022-04-29T12:00:00+01:00"},{"code":"dateMaj","valueDateTime":"2022-04-29T12:00:00+01:00"},{"code":"status","valueCode":"active"}]},{"code":"57","display":"Ergonome","property":[{"code":"dateValid","valueDateTime":"2023-05-26T12:00:00+01:00"},{"code":"dateMaj","valueDateTime":"2023-05-26T12:00:00+01:00"},{"code":"status","valueCode":"active"}]},{"code":"58","display":"Psychologue du travail","property":[{"code":"dateValid","valueDateTime":"2023-05-26T12:00:00+01:00"},{"code":"dateMaj","valueDateTime":"2023-05-26T12:00:00+01:00"},{"code":"status","valueCode":"active"}]},{"code":"59","display":"Tabacologue","property":[{"code":"dateValid","valueDateTime":"2023-06-30T12:00:00+01:00"},{"code":"dateMaj","valueDateTime":"2023-06-30T12:00:00+01:00"},{"code":"status","valueCode":"active"}]},{"code":"60","display":"Addictologue","property":[{"code":"dateValid","valueDateTime":"2023-06-30T12:00:00+01:00"},{"code":"dateMaj","valueDateTime":"2023-06-30T12:00:00+01:00"},{"code":"status","valueCode":"active"}]},{"code":"61","display":"Conseiller conjugal et familial","designation":[{"language":"fr-FR","use":{"system":"http://snomed.info/sct","code":"900000000000013009"},"value":"Conseiller conj. et familial"}],"property":[{"code":"dateValid","valueDateTime":"2024-04-26T12:00:00+01:00"},{"code":"dateMaj","valueDateTime":"2024-04-26T12:00:00+01:00"},{"code":"status","valueCode":"active"}]}]}