{"resourceType":"ConceptMap","id":"ASS-X14-AgregatDisciplineEquipementSocial","text":{"status":"generated","div":"<div xmlns=\"http://www.w3.org/1999/xhtml\"><p class=\"res-header-id\"><b>Generated Narrative: ConceptMap ASS-X14-AgregatDisciplineEquipementSocial</b></p><a name=\"ASS-X14-AgregatDisciplineEquipementSocial\"> </a><a name=\"hcASS-X14-AgregatDisciplineEquipementSocial\"> </a><a name=\"ASS-X14-AgregatDisciplineEquipementSocial-fr-FR\"> </a><p>Mapping from (not specified) to (not specified)</p><br/></div>"},"url":"https://mos.esante.gouv.fr/NOS/ASS_X14_AgregatDisciplineEquipementSocial","version":"5.0.0","name":"ASS_X14_AgregatDisciplineEquipementSocial","title":"ASS_X14_AgregatDisciplineEquipementSocial","status":"active","experimental":false,"date":"2025-02-24T16:40:37+00:00","publisher":"ANS","contact":[{"name":"ANS","telecom":[{"system":"url","value":"https://esante.gouv.fr"}]}],"description":"ASS_X14_AgregatDisciplineEquipementSocial","jurisdiction":[{"coding":[{"system":"urn:iso:std:iso:3166","code":"FR","display":"France"}]}]}