{"resourceType":"ValueSet","id":"jdv-type-de-mesure-acuite-visuelle-cisis","meta":{"versionId":"4","lastUpdated":"2025-06-25T09:16:41.269+00:00","profile":["http://hl7.org/fhir/StructureDefinition/shareablevalueset"]},"language":"fr-FR","text":{"status":"generated","div":"<div xmlns=\"http://www.w3.org/1999/xhtml\" xml:lang=\"fr-FR\" lang=\"fr-FR\"><p class=\"res-header-id\"><b>Generated Narrative: ValueSet jdv-type-de-mesure-acuite-visuelle-cisis</b></p><a name=\"jdv-type-de-mesure-acuite-visuelle-cisis\"> </a><a name=\"hcjdv-type-de-mesure-acuite-visuelle-cisis\"> </a><a name=\"jdv-type-de-mesure-acuite-visuelle-cisis-fr-FR\"> </a><div style=\"display: inline-block; background-color: #d9e0e7; padding: 6px; margin: 4px; border: 1px solid #8da1b4; border-radius: 5px; line-height: 60%\"><p style=\"margin-bottom: 0px\">version: 4; Last updated: 2025-06-25 09:16:41+0000; Language: fr-FR</p><p style=\"margin-bottom: 0px\">Profil: <a href=\"http://hl7.org/fhir/R4/shareablevalueset.html\">Shareable ValueSet</a></p></div><p>Ce jeu de valeur (ValueSet) inclut les codes selon les règles suivantes :</p><ul><li>Include ces codes sont définis dans <a href=\"CodeSystem-terminologie-cisis.html\"><code>https://smt.esante.gouv.fr/fhir/CodeSystem/terminologie-cisis</code></a><table class=\"none\"><tr><td style=\"white-space:nowrap\"><b>Code</b></td><td><b>Display</b></td></tr><tr><td><a href=\"CodeSystem-terminologie-cisis.html#terminologie-cisis-MED-886\">MED-886</a></td><td>Addition</td></tr><tr><td><a href=\"CodeSystem-terminologie-cisis.html#terminologie-cisis-MED-990\">MED-990</a></td><td>Prisme – puissance – acuité visuelle</td></tr><tr><td><a href=\"CodeSystem-terminologie-cisis.html#terminologie-cisis-MED-887\">MED-887</a></td><td>Prisme - orientation base – acuité visuelle</td></tr><tr><td><a href=\"CodeSystem-terminologie-cisis.html#terminologie-cisis-MED-1047\">MED-1047</a></td><td>Prisme - axe en degrés – acuité visuelle</td></tr></table></li><li>Include ces codes sont définis dans <a href=\"http://loinc.org\"><code>http://loinc.org</code></a><table class=\"none\"><tr><td style=\"white-space:nowrap\"><b>Code</b></td><td><b>Display</b></td></tr><tr><td><a href=\"https://loinc.org/28711-0/\">28711-0</a></td><td>Acuité visuelle - vision de loin</td></tr><tr><td><a href=\"https://loinc.org/64841-0/\">64841-0</a></td><td>Acuité visuelle - ETDRS</td></tr><tr><td><a href=\"https://loinc.org/98475-7/\">98475-7</a></td><td>Acuité visuelle - vision de près</td></tr><tr><td><a href=\"https://loinc.org/95320-8/\">95320-8</a></td><td>Puissance de la sphère – acuité visuelle</td></tr><tr><td><a href=\"https://loinc.org/95322-4/\">95322-4</a></td><td>Puissance du cylindre – acuité visuelle</td></tr><tr><td><a href=\"https://loinc.org/95321-6/\">95321-6</a></td><td>Axe en degrés – acuité visuelle</td></tr></table></li></ul></div>"},"extension":[{"url":"http://hl7.org/fhir/StructureDefinition/resource-effectivePeriod","valuePeriod":{"start":"2021-06-22T00:00:00+01:00"}}],"url":"https://smt.esante.gouv.fr/fhir/ValueSet/jdv-type-de-mesure-acuite-visuelle-cisis","identifier":[{"system":"urn:ietf:rfc:3986","value":"urn:oid:1.2.250.1.213.1.1.5.642"}],"version":"20250624152059","name":"JdvTypeDeMesureAcuiteVisuelleCisis","title":"JDV Type De Mesure Acuite Visuelle CISIS","status":"active","experimental":false,"date":"2025-06-24T15:20:59+01:00","publisher":"Agence du Numérique en Santé(ANS) -2 - 10 Rue d'Oradour-sur-Glane, 75015 Paris","description":"JDV Type De Mesure Acuite Visuelle CISIS","jurisdiction":[{"coding":[{"system":"urn:iso:std:iso:3166","code":"FR"}]}],"compose":{"include":[{"system":"https://smt.esante.gouv.fr/fhir/CodeSystem/terminologie-cisis","concept":[{"code":"MED-886","display":"Addition"},{"code":"MED-990","display":"Prisme – puissance – acuité visuelle"},{"code":"MED-887","display":"Prisme - orientation base – acuité visuelle"},{"code":"MED-1047","display":"Prisme - axe en degrés – acuité visuelle"}]},{"system":"http://loinc.org","concept":[{"code":"28711-0","display":"Acuité visuelle - vision de loin"},{"code":"64841-0","display":"Acuité visuelle - ETDRS"},{"code":"98475-7","display":"Acuité visuelle - vision de près"},{"code":"95320-8","display":"Puissance de la sphère – acuité visuelle"},{"code":"95322-4","display":"Puissance du cylindre – acuité visuelle"},{"code":"95321-6","display":"Axe en degrés – acuité visuelle"}]}]}}