{"resourceType":"ValueSet","id":"JDV-J181-BesoinMobilite-MDPH","meta":{"versionId":"3","lastUpdated":"2024-04-27T05:07:06.397+00:00","profile":["http://hl7.org/fhir/StructureDefinition/shareablevalueset"]},"language":"fr-FR","text":{"status":"extensions","div":"<div xmlns=\"http://www.w3.org/1999/xhtml\" xml:lang=\"fr-FR\" lang=\"fr-FR\"><p class=\"res-header-id\"><b>Generated Narrative: ValueSet JDV-J181-BesoinMobilite-MDPH</b></p><a name=\"JDV-J181-BesoinMobilite-MDPH\"> </a><a name=\"hcJDV-J181-BesoinMobilite-MDPH\"> </a><a name=\"JDV-J181-BesoinMobilite-MDPH-fr-FR\"> </a><div style=\"display: inline-block; background-color: #d9e0e7; padding: 6px; margin: 4px; border: 1px solid #8da1b4; border-radius: 5px; line-height: 60%\"><p style=\"margin-bottom: 0px\">version: 3; Last updated: 2024-04-27 05:07:06+0000; Language: fr-FR</p><p style=\"margin-bottom: 0px\">Profil: <a href=\"http://hl7.org/fhir/R4/shareablevalueset.html\">Shareable ValueSet</a></p></div><p>Ce jeu de valeur (ValueSet) inclut les codes selon les règles suivantes :</p><ul><li>Include ces codes sont définis dans <a href=\"CodeSystem-TRE-R322-BesoinMobilite.html\"><code>https://mos.esante.gouv.fr/NOS/TRE_R322-BesoinMobilite/FHIR/TRE-R322-BesoinMobilite</code></a><table class=\"none\"><tr><td style=\"white-space:nowrap\"><b>Code</b></td><td><b>Display</b></td><td><b>Définition</b></td></tr><tr><td><a href=\"CodeSystem-TRE-R322-BesoinMobilite.html#TRE-R322-BesoinMobilite-01\">01</a></td><td>Pour se déplacer à l'extérieur des locaux</td><td>La personne a besoin d'aide pour se déplacer à l'extérieur des locaux</td></tr><tr><td><a href=\"CodeSystem-TRE-R322-BesoinMobilite.html#TRE-R322-BesoinMobilite-02\">02</a></td><td>Pour se déplacer à l'intérieur des locaux</td><td>La personne a besoin d'aide pour se déplacer à l'intérieur des locaux</td></tr><tr><td><a href=\"CodeSystem-TRE-R322-BesoinMobilite.html#TRE-R322-BesoinMobilite-03\">03</a></td><td>Pour utiliser les transports en commun</td><td>La personne a besoin d'aide pour utiliser les transports en commun</td></tr></table></li><li>Include ces codes sont définis dans <a href=\"CodeSystem-TRE-R302-ContexteCodeComplementaire.html\"><code>https://mos.esante.gouv.fr/NOS/TRE_R302-ContexteCodeComplementaire/FHIR/TRE-R302-ContexteCodeComplementaire</code></a><table class=\"none\"><tr><td style=\"white-space:nowrap\"><b>Code</b></td><td><b>Display</b></td><td><b>Définition</b></td></tr><tr><td><a href=\"CodeSystem-TRE-R302-ContexteCodeComplementaire.html#TRE-R302-ContexteCodeComplementaire-02\">02</a></td><td>Autre</td><td>Tout ce qui n'est pas listé de façon exhaustive dans la liste de codes</td></tr></table></li></ul></div>"},"extension":[{"url":"http://hl7.org/fhir/StructureDefinition/resource-effectivePeriod","valuePeriod":{"start":"2021-09-24T12:00:00+01:00"}}],"url":"https://mos.esante.gouv.fr/NOS/JDV_J181-BesoinMobilite-MDPH/FHIR/JDV-J181-BesoinMobilite-MDPH","identifier":[{"system":"urn:ietf:rfc:3986","value":"urn:oid:1.2.250.1.213.3.4.16"}],"version":"20210924120000","name":"JDV_J181_BesoinMobilite_MDPH","status":"active","experimental":false,"date":"2021-09-24T12:00:00+01:00","publisher":"Agence du Numérique en Santé (ANS) - 2-10 Rue d'Oradour-sur-Glane, 75015 Paris","description":"Caractérise les besoins d'aide de la personne en matière de scolarité, en lien avec la mobilité","compose":{"include":[{"system":"https://mos.esante.gouv.fr/NOS/TRE_R322-BesoinMobilite/FHIR/TRE-R322-BesoinMobilite","concept":[{"code":"01","display":"Pour se déplacer à l'extérieur des locaux"},{"code":"02","display":"Pour se déplacer à l'intérieur des locaux"},{"code":"03","display":"Pour utiliser les transports en commun"}]},{"system":"https://mos.esante.gouv.fr/NOS/TRE_R302-ContexteCodeComplementaire/FHIR/TRE-R302-ContexteCodeComplementaire","concept":[{"code":"02","display":"Autre"}]}]}}