{"resourceType":"ValueSet","id":"JDV-J280-CIM10ATIH-UPNOS","meta":{"versionId":"2","lastUpdated":"2025-04-01T12:14:08.132+00:00","profile":["http://hl7.org/fhir/StructureDefinition/shareablevalueset"]},"language":"fr-FR","text":{"status":"generated","div":"<div xmlns=\"http://www.w3.org/1999/xhtml\" xml:lang=\"fr-FR\" lang=\"fr-FR\"><p class=\"res-header-id\"><b>Generated Narrative: ValueSet JDV-J280-CIM10ATIH-UPNOS</b></p><a name=\"JDV-J280-CIM10ATIH-UPNOS\"> </a><a name=\"hcJDV-J280-CIM10ATIH-UPNOS\"> </a><a name=\"JDV-J280-CIM10ATIH-UPNOS-fr-FR\"> </a><div style=\"display: inline-block; background-color: #d9e0e7; padding: 6px; margin: 4px; border: 1px solid #8da1b4; border-radius: 5px; line-height: 60%\"><p style=\"margin-bottom: 0px\">version: 2; Last updated: 2025-04-01 12:14:08+0000; Language: fr-FR</p><p style=\"margin-bottom: 0px\">Profil: <a href=\"http://hl7.org/fhir/R4/shareablevalueset.html\">Shareable ValueSet</a></p></div><ul><li>Include ces codes sont définis dans <a href=\"CodeSystem-terminologie-cim-10.html\"><code>https://smt.esante.gouv.fr/terminologie-cim-10</code></a><table class=\"none\"><tr><td style=\"white-space:nowrap\"><b>Code</b></td><td><b>Display</b></td></tr><tr><td>E10</td><td>Diabète sucré de type 1</td></tr><tr><td>O24.4</td><td>Diabète sucré survenant au cours de la grossesse</td></tr><tr><td>E14</td><td>Diabète sucré, sans précision</td></tr><tr><td>E11.00</td><td>Diabète sucré de type 2 - &quot;Avec coma&quot; - &quot;diabète sucré de type 2 insulinotraité&quot;</td></tr><tr><td>E11.08</td><td>Diabète sucré de type 2 - &quot;Avec coma&quot; - &quot;diabète sucré de type 2 non insulinotraité ou sans précision&quot;</td></tr><tr><td>E11.10</td><td>Diabète sucré de type 2 - &quot;Avec acidocétose&quot; - &quot;diabète sucré de type 2 insulinotraité&quot;</td></tr><tr><td>E11.18</td><td>Diabète sucré de type 2 - &quot;Avec acidocétose&quot; - &quot;diabète sucré de type 2 non insulinotraité ou sans précision&quot;</td></tr><tr><td>E11.20</td><td>Diabète sucré de type 2 - &quot;Avec complications rénales&quot; - &quot;diabète sucré de type 2 insulinotraité&quot;</td></tr><tr><td>E11.28</td><td>Diabète sucré de type 2 - &quot;Avec complications rénales&quot; - &quot;diabète sucré de type 2 non insulinotraité ou sans précision&quot;</td></tr><tr><td>E11.30</td><td>Diabète sucré de type 2 - &quot;Avec complications oculaires&quot; - &quot;diabète sucré de type 2 insulinotraité&quot;</td></tr><tr><td>E11.38</td><td>Diabète sucré de type 2 - &quot;Avec complications oculaires&quot; - &quot;diabète sucré de type 2 non insulinotraité ou sans précision&quot;</td></tr><tr><td>E11.40</td><td>Diabète sucré de type 2 - &quot;Avec complications neurologiques&quot; - &quot;diabète sucré de type 2 insulinotraité&quot;</td></tr><tr><td>E11.48</td><td>Diabète sucré de type 2 - &quot;Avec complications neurologiques&quot; - &quot;diabète sucré de type 2 non insulinotraité ou sans précision&quot;</td></tr><tr><td>E11.50</td><td>Diabète sucré de type 2 - &quot;Avec complications vasculaires périphériques&quot; - &quot;diabète sucré de type 2 insulinotraité&quot;</td></tr><tr><td>E11.58</td><td>Diabète sucré de type 2 - &quot;Avec complications vasculaires périphériques&quot; - &quot;diabète sucré de type 2 non insulinotraité ou sans précision&quot;</td></tr><tr><td>E11.60</td><td>Diabète sucré de type 2 - &quot;Avec autres complications précisées&quot; - &quot;diabète sucré de type 2 insulinotraité&quot;</td></tr><tr><td>E11.68</td><td>Diabète sucré de type 2 - &quot;Avec autres complications précisées&quot; - &quot;diabète sucré de type 2 non insulinotraité ou sans précision&quot;</td></tr><tr><td>E11.70</td><td>Diabète sucré de type 2 - &quot;Avec complications multiples&quot; - &quot;diabète sucré de type 2 insulinotraité&quot;</td></tr><tr><td>E11.78</td><td>Diabète sucré de type 2 - &quot;Avec complications multiples&quot; - &quot;diabète sucré de type 2 non insulinotraité ou sans précision&quot;</td></tr><tr><td>E11.80</td><td>Diabète sucré de type 2 - &quot;Avec complications non précisées&quot; - &quot;diabète sucré de type 2 insulinotraité&quot;</td></tr><tr><td>E11.88</td><td>Diabète sucré de type 2 - &quot;Avec complications non précisées&quot; - &quot;diabète sucré de type 2 non insulinotraité ou sans précision&quot;</td></tr><tr><td>E11.90</td><td>Diabète sucré de type 2 - &quot;Sans complication&quot; - &quot;diabète sucré de type 2 insulinotraité&quot;</td></tr><tr><td>E11.98</td><td>Diabète sucré de type 2 - &quot;Sans complication&quot; - &quot;diabète sucré de type 2 non insulinotraité ou sans précision&quot;</td></tr></table></li></ul></div>"},"extension":[{"url":"http://hl7.org/fhir/StructureDefinition/resource-effectivePeriod","valuePeriod":{"start":"2025-01-31T12:00:00+01:00"}}],"url":"https://mos.esante.gouv.fr/NOS/JDV_J280-CIM10ATIH-UPNOS/FHIR/JDV-J280-CIM10ATIH-UPNOS","identifier":[{"system":"urn:ietf:rfc:3986","value":"urn:oid:1.2.250.1.213.1.1.5.810"}],"version":"20250131120000","name":"JDV_J280_CIM10ATIH_UPNOS","status":"retired","experimental":false,"date":"2025-01-31T12:00:00+01:00","publisher":"Agence du Numérique en Santé (ANS) - 2-10 Rue d'Oradour-sur-Glane, 75015 Paris","description":"Termes CIM 10 utilisés","jurisdiction":[{"coding":[{"system":"urn:iso:std:iso:3166","code":"FR"}]}],"compose":{"include":[{"system":"https://smt.esante.gouv.fr/terminologie-cim-10","concept":[{"code":"E10","display":"Diabète sucré de type 1"},{"code":"O24.4","display":"Diabète sucré survenant au cours de la grossesse"},{"code":"E14","display":"Diabète sucré, sans précision"},{"code":"E11.00","display":"Diabète sucré de type 2 - \"Avec coma\" - \"diabète sucré de type 2 insulinotraité\""},{"code":"E11.08","display":"Diabète sucré de type 2 - \"Avec coma\" - \"diabète sucré de type 2 non insulinotraité ou sans précision\""},{"code":"E11.10","display":"Diabète sucré de type 2 - \"Avec acidocétose\" - \"diabète sucré de type 2 insulinotraité\""},{"code":"E11.18","display":"Diabète sucré de type 2 - \"Avec acidocétose\" - \"diabète sucré de type 2 non insulinotraité ou sans précision\""},{"code":"E11.20","display":"Diabète sucré de type 2 - \"Avec complications rénales\" - \"diabète sucré de type 2 insulinotraité\""},{"code":"E11.28","display":"Diabète sucré de type 2 - \"Avec complications rénales\" - \"diabète sucré de type 2 non insulinotraité ou sans précision\""},{"code":"E11.30","display":"Diabète sucré de type 2 - \"Avec complications oculaires\" - \"diabète sucré de type 2 insulinotraité\""},{"code":"E11.38","display":"Diabète sucré de type 2 - \"Avec complications oculaires\" - \"diabète sucré de type 2 non insulinotraité ou sans précision\""},{"code":"E11.40","display":"Diabète sucré de type 2 - \"Avec complications neurologiques\" - \"diabète sucré de type 2 insulinotraité\""},{"code":"E11.48","display":"Diabète sucré de type 2 - \"Avec complications neurologiques\" - \"diabète sucré de type 2 non insulinotraité ou sans précision\""},{"code":"E11.50","display":"Diabète sucré de type 2 - \"Avec complications vasculaires périphériques\" - \"diabète sucré de type 2 insulinotraité\""},{"code":"E11.58","display":"Diabète sucré de type 2 - \"Avec complications vasculaires périphériques\" - \"diabète sucré de type 2 non insulinotraité ou sans précision\""},{"code":"E11.60","display":"Diabète sucré de type 2 - \"Avec autres complications précisées\" - \"diabète sucré de type 2 insulinotraité\""},{"code":"E11.68","display":"Diabète sucré de type 2 - \"Avec autres complications précisées\" - \"diabète sucré de type 2 non insulinotraité ou sans précision\""},{"code":"E11.70","display":"Diabète sucré de type 2 - \"Avec complications multiples\" - \"diabète sucré de type 2 insulinotraité\""},{"code":"E11.78","display":"Diabète sucré de type 2 - \"Avec complications multiples\" - \"diabète sucré de type 2 non insulinotraité ou sans précision\""},{"code":"E11.80","display":"Diabète sucré de type 2 - \"Avec complications non précisées\" - \"diabète sucré de type 2 insulinotraité\""},{"code":"E11.88","display":"Diabète sucré de type 2 - \"Avec complications non précisées\" - \"diabète sucré de type 2 non insulinotraité ou sans précision\""},{"code":"E11.90","display":"Diabète sucré de type 2 - \"Sans complication\" - \"diabète sucré de type 2 insulinotraité\""},{"code":"E11.98","display":"Diabète sucré de type 2 - \"Sans complication\" - \"diabète sucré de type 2 non insulinotraité ou sans précision\""}]}]}}