{"resourceType":"ValueSet","id":"vs-sms-all","meta":{"versionId":"1","lastUpdated":"2024-11-14T13:53:59.422+00:00","profile":["http://hl7.org/fhir/StructureDefinition/shareablevalueset|4.0.1"]},"language":"fr-FR","text":{"status":"generated","div":"<div xmlns=\"http://www.w3.org/1999/xhtml\">Ce jeu de valeurs inclut tous les codes issus de SMS, Dictionnaire des substances médicamenteuses.</div>"},"url":"https://smt.esante.gouv.fr/terminologie-sms?vs","version":"20241114120000","name":"ValueSet_SMS_All","status":"active","experimental":false,"date":"2025-12-19T16:18:25+00:00","publisher":"Agence du Numérique en Santé (ANS) - 2-10 Rue d'Oradour-sur-Glane, 75015 Paris","description":"Ce jeu de valeurs inclut tous les codes de la terminologie SMS, Dictionnaire des substances médicamenteuses","jurisdiction":[{"coding":[{"system":"urn:iso:std:iso:3166","code":"FRA"}]}],"compose":{"include":[{"system":"https://smt.esante.gouv.fr/terminologie-sms"}]}}