{"resourceType":"ValueSet","id":"JDV-J131-CategorieActiviteSanitaireRegulee-RASS","meta":{"versionId":"3","lastUpdated":"2024-04-27T05:06:41.668+00:00","profile":["http://hl7.org/fhir/StructureDefinition/shareablevalueset"]},"language":"fr-FR","text":{"status":"generated","div":"<div xmlns=\"http://www.w3.org/1999/xhtml\" xml:lang=\"fr-FR\" lang=\"fr-FR\"><p class=\"res-header-id\"><b>Generated Narrative: ValueSet JDV-J131-CategorieActiviteSanitaireRegulee-RASS</b></p><a name=\"JDV-J131-CategorieActiviteSanitaireRegulee-RASS\"> </a><a name=\"hcJDV-J131-CategorieActiviteSanitaireRegulee-RASS\"> </a><a name=\"JDV-J131-CategorieActiviteSanitaireRegulee-RASS-fr-FR\"> </a><div style=\"display: inline-block; background-color: #d9e0e7; padding: 6px; margin: 4px; border: 1px solid #8da1b4; border-radius: 5px; line-height: 60%\"><p style=\"margin-bottom: 0px\">version: 3; Last updated: 2024-04-27 05:06:41+0000; Language: fr-FR</p><p style=\"margin-bottom: 0px\">Profil: <a href=\"http://hl7.org/fhir/R4/shareablevalueset.html\">Shareable ValueSet</a></p></div><ul><li>Include ces codes sont définis dans <a href=\"CodeSystem-TRE-R277-CategorieActiviteSanitaireRegulee.html\"><code>https://mos.esante.gouv.fr/NOS/TRE_R277-CategorieActiviteSanitaireRegulee/FHIR/TRE-R277-CategorieActiviteSanitaireRegulee</code></a><table class=\"none\"><tr><td style=\"white-space:nowrap\"><b>Code</b></td><td><b>Display</b></td></tr><tr><td><a href=\"CodeSystem-TRE-R277-CategorieActiviteSanitaireRegulee.html#TRE-R277-CategorieActiviteSanitaireRegulee-01\">01</a></td><td>Activité de soins</td></tr><tr><td><a href=\"CodeSystem-TRE-R277-CategorieActiviteSanitaireRegulee.html#TRE-R277-CategorieActiviteSanitaireRegulee-02\">02</a></td><td>Activités de soins Soumises à Autorisation des DG d'ARS</td></tr><tr><td><a href=\"CodeSystem-TRE-R277-CategorieActiviteSanitaireRegulee.html#TRE-R277-CategorieActiviteSanitaireRegulee-03\">03</a></td><td>Activités de soins Soumises à Reconnaissance contractuelle</td></tr></table></li></ul></div>"},"extension":[{"url":"http://hl7.org/fhir/StructureDefinition/resource-effectivePeriod","valuePeriod":{"start":"2020-11-27T12:00:00+01:00"}}],"url":"https://mos.esante.gouv.fr/NOS/JDV_J131-CategorieActiviteSanitaireRegulee-RASS/FHIR/JDV-J131-CategorieActiviteSanitaireRegulee-RASS","identifier":[{"system":"urn:ietf:rfc:3986","value":"urn:oid:1.2.250.1.213.1.6.1.217"}],"version":"20201127120000","name":"JDV_J131_CategorieActiviteSanitaireRegulee_RASS","status":"active","experimental":false,"date":"2020-11-27T12:00:00+01:00","publisher":"Agence du Numérique en Santé (ANS) - 2-10 Rue d'Oradour-sur-Glane, 75015 Paris","description":"Catégorie des activités sanitaires régulées dans le RASS","jurisdiction":[{"coding":[{"system":"urn:iso:std:iso:3166","code":"FR"}]}],"compose":{"include":[{"system":"https://mos.esante.gouv.fr/NOS/TRE_R277-CategorieActiviteSanitaireRegulee/FHIR/TRE-R277-CategorieActiviteSanitaireRegulee","concept":[{"code":"01","display":"Activité de soins"},{"code":"02","display":"Activités de soins Soumises à Autorisation des DG d'ARS"},{"code":"03","display":"Activités de soins Soumises à Reconnaissance contractuelle"}]}]}}