{"resourceType":"ValueSet","id":"jdv-oeil-examine-cisis","meta":{"versionId":"3","lastUpdated":"2025-06-25T09:15:23.031+00:00","profile":["http://hl7.org/fhir/StructureDefinition/shareablevalueset"]},"language":"fr-FR","text":{"status":"generated","div":"<div xmlns=\"http://www.w3.org/1999/xhtml\" xml:lang=\"fr-FR\" lang=\"fr-FR\"><p class=\"res-header-id\"><b>Generated Narrative: ValueSet jdv-oeil-examine-cisis</b></p><a name=\"jdv-oeil-examine-cisis\"> </a><a name=\"hcjdv-oeil-examine-cisis\"> </a><a name=\"jdv-oeil-examine-cisis-fr-FR\"> </a><div style=\"display: inline-block; background-color: #d9e0e7; padding: 6px; margin: 4px; border: 1px solid #8da1b4; border-radius: 5px; line-height: 60%\"><p style=\"margin-bottom: 0px\">version: 3; Last updated: 2025-06-25 09:15:23+0000; Language: fr-FR</p><p style=\"margin-bottom: 0px\">Profil: <a href=\"http://hl7.org/fhir/R4/shareablevalueset.html\">Shareable ValueSet</a></p></div><ul><li>Include ces codes sont définis dans <a href=\"http://www.snomed.org/\"><code>http://snomed.info/sct</code></a><table class=\"none\"><tr><td style=\"white-space:nowrap\"><b>Code</b></td><td><b>Display</b></td></tr><tr><td><a href=\"http://snomed.info/id/1290031003\">1290031003</a></td><td>œil gauche</td></tr><tr><td><a href=\"http://snomed.info/id/1290032005\">1290032005</a></td><td>œil droit</td></tr><tr><td><a href=\"http://snomed.info/id/40638003\">40638003</a></td><td>les deux yeux</td></tr></table></li></ul></div>"},"extension":[{"url":"http://hl7.org/fhir/StructureDefinition/resource-effectivePeriod","valuePeriod":{"start":"2021-05-07T00:00:00+01:00"}}],"url":"https://smt.esante.gouv.fr/fhir/ValueSet/jdv-oeil-examine-cisis","identifier":[{"system":"urn:ietf:rfc:3986","value":"urn:oid:1.2.250.1.213.1.1.5.627"}],"version":"20250624152100","name":"JdvOeilExamineCisis","title":"JDV Oeil Examine CISIS","status":"active","experimental":false,"date":"2025-06-24T15:21:00+01:00","publisher":"Agence du Numérique en Santé(ANS) -2 - 10 Rue d'Oradour-sur-Glane, 75015 Paris","description":"JDV Oeil Examine CISIS","jurisdiction":[{"coding":[{"system":"urn:iso:std:iso:3166","code":"FR"}]}],"compose":{"include":[{"system":"http://snomed.info/sct","concept":[{"code":"1290031003","display":"œil gauche"},{"code":"1290032005","display":"œil droit"},{"code":"40638003","display":"les deux yeux"}]}]}}