<?xml version="1.0" encoding="UTF-8"?>

<CodeSystem xmlns="http://hl7.org/fhir">
  <id value="TRE-R320-BesoinCommunication"/>
  <meta>
    <versionId value="5"/>
    <lastUpdated value="2024-08-28T05:13:25.985+00:00"/>
    <profile value="http://hl7.org/fhir/StructureDefinition/shareablecodesystem"/>
  </meta>
  <text>
    <status value="generated"/><div xmlns="http://www.w3.org/1999/xhtml"><p class="res-header-id"><b>Generated Narrative: CodeSystem TRE-R320-BesoinCommunication</b></p><a name="TRE-R320-BesoinCommunication"> </a><a name="hcTRE-R320-BesoinCommunication"> </a><a name="TRE-R320-BesoinCommunication-fr-FR"> </a><div style="display: inline-block; background-color: #d9e0e7; padding: 6px; margin: 4px; border: 1px solid #8da1b4; border-radius: 5px; line-height: 60%"><p style="margin-bottom: 0px">version: 5; Last updated: 2024-08-28 05:13:25+0000</p><p style="margin-bottom: 0px">Profil: <a href="http://hl7.org/fhir/R4/shareablecodesystem.html">Shareable CodeSystem</a></p></div><p><b>Propriétés</b></p><p><b>Cette terminologie de référence (CodeSystem) définit les propriétés suivantes pour ses concepts</b></p><table class="grid"><tr><td><b>Nom</b></td><td><b>Code</b></td><td><b>Type</b></td><td><b>Description</b></td></tr><tr><td>dateValid</td><td>dateValid</td><td>dateTime</td><td>date de validité d'un code concept</td></tr><tr><td>dateMaj</td><td>dateMaj</td><td>dateTime</td><td>Date de mise à jour d'un code concept</td></tr><tr><td>dateFin</td><td>dateFin</td><td>dateTime</td><td>Date de fin d'exploitation d'un code concept</td></tr></table><p><b>Concepts</b></p><p>This case-insensitive code system <code>https://mos.esante.gouv.fr/NOS/TRE_R320-BesoinCommunication/FHIR/TRE-R320-BesoinCommunication</code> defines the following codes:</p><table class="codes"><tr><td style="white-space:nowrap"><b>Code</b></td><td><b>Display</b></td><td><b>Définition</b></td><td><b>dateValid</b></td><td><b>dateMaj</b></td><td><b>French (France) (fr)</b></td></tr><tr><td style="white-space:nowrap">01<a name="TRE-R320-BesoinCommunication-01"> </a></td><td>Pour communiquer</td><td>La personne a besoin d'aide pour communiquer</td><td>2021-09-24T12:00:00+01:00</td><td>2021-09-24T12:00:00+01:00</td><td/></tr><tr><td style="white-space:nowrap">02<a name="TRE-R320-BesoinCommunication-02"> </a></td><td>Pour les relations avec les autres</td><td>La personne a besoin d'aide pour les relations avec les autres</td><td>2021-09-24T12:00:00+01:00</td><td>2021-09-24T12:00:00+01:00</td><td>Pour relations avec les autres</td></tr><tr><td style="white-space:nowrap">03<a name="TRE-R320-BesoinCommunication-03"> </a></td><td>Pour assurer sa sécurité</td><td>La personne a besoin d'aide pour assurer sa sécurité</td><td>2021-09-24T12:00:00+01:00</td><td>2021-09-24T12:00:00+01:00</td><td/></tr></table></div>
  </text>
  <extension url="http://hl7.org/fhir/StructureDefinition/resource-effectivePeriod">
    <valuePeriod>
      <start value="2021-09-24T12:00:00+01:00"/>
    </valuePeriod>
  </extension>
  <url value="https://mos.esante.gouv.fr/NOS/TRE_R320-BesoinCommunication/FHIR/TRE-R320-BesoinCommunication"/>
  <identifier>
    <system value="urn:ietf:rfc:3986"/>
    <value value="urn:oid:1.2.250.1.213.3.3.75"/>
  </identifier>
  <version value="20240329120000"/>
  <name value="TRE_R320_BesoinCommunication"/>
  <status value="active"/>
  <experimental value="false"/>
  <date value="2024-03-29T12:00:00+01:00"/>
  <publisher value="Agence du Numérique en Santé (ANS) - 2-10 Rue d'Oradour-sur-Glane, 75015 Paris"/>
  <description value="Caractérise les besoins d'aide de la personne en matière de scolarité, en lien avec la communication"/>
  <caseSensitive value="false"/>
  <content value="complete"/>
  <property>
    <code value="dateValid"/>
    <description value="date de validité d'un code concept"/>
    <type value="dateTime"/>
  </property>
  <property>
    <code value="dateMaj"/>
    <description value="Date de mise à jour d'un code concept"/>
    <type value="dateTime"/>
  </property>
  <property>
    <code value="dateFin"/>
    <description value="Date de fin d'exploitation d'un code concept"/>
    <type value="dateTime"/>
  </property>
  <concept>
    <code value="01"/>
    <display value="Pour communiquer"/>
    <definition value="La personne a besoin d'aide pour communiquer"/>
    <property>
      <code value="dateValid"/>
      <valueDateTime value="2021-09-24T12:00:00+01:00"/>
    </property>
    <property>
      <code value="dateMaj"/>
      <valueDateTime value="2021-09-24T12:00:00+01:00"/>
    </property>
  </concept>
  <concept>
    <code value="02"/>
    <display value="Pour les relations avec les autres"/>
    <definition value="La personne a besoin d'aide pour les relations avec les autres"/>
    <designation>
      <language value="fr-FR"/>
      <use>
        <system value="http://snomed.info/sct"/>
        <code value="900000000000013009"/>
      </use>
      <value value="Pour relations avec les autres"/>
    </designation>
    <property>
      <code value="dateValid"/>
      <valueDateTime value="2021-09-24T12:00:00+01:00"/>
    </property>
    <property>
      <code value="dateMaj"/>
      <valueDateTime value="2021-09-24T12:00:00+01:00"/>
    </property>
  </concept>
  <concept>
    <code value="03"/>
    <display value="Pour assurer sa sécurité"/>
    <definition value="La personne a besoin d'aide pour assurer sa sécurité"/>
    <property>
      <code value="dateValid"/>
      <valueDateTime value="2021-09-24T12:00:00+01:00"/>
    </property>
    <property>
      <code value="dateMaj"/>
      <valueDateTime value="2021-09-24T12:00:00+01:00"/>
    </property>
  </concept>
</CodeSystem>