<?xml version="1.0" encoding="UTF-8"?>

<CodeSystem xmlns="http://hl7.org/fhir">
  <id value="TRE-R18-DisciplineAutorisation"/>
  <meta>
    <versionId value="4"/>
    <lastUpdated value="2024-08-28T05:12:10.575+00:00"/>
    <profile value="http://hl7.org/fhir/StructureDefinition/shareablecodesystem"/>
  </meta>
  <text>
    <status value="generated"/><div xmlns="http://www.w3.org/1999/xhtml"><p class="res-header-id"><b>Generated Narrative: CodeSystem TRE-R18-DisciplineAutorisation</b></p><a name="TRE-R18-DisciplineAutorisation"> </a><a name="hcTRE-R18-DisciplineAutorisation"> </a><a name="TRE-R18-DisciplineAutorisation-fr-FR"> </a><div style="display: inline-block; background-color: #d9e0e7; padding: 6px; margin: 4px; border: 1px solid #8da1b4; border-radius: 5px; line-height: 60%"><p style="margin-bottom: 0px">version: 4; Last updated: 2024-08-28 05:12:10+0000</p><p style="margin-bottom: 0px">Profil: <a href="http://hl7.org/fhir/R4/shareablecodesystem.html">Shareable CodeSystem</a></p></div><p><b>Propriétés</b></p><p><b>Cette terminologie de référence (CodeSystem) définit les propriétés suivantes pour ses concepts</b></p><table class="grid"><tr><td><b>Nom</b></td><td><b>Code</b></td><td><b>Type</b></td><td><b>Description</b></td></tr><tr><td>dateValid</td><td>dateValid</td><td>dateTime</td><td>date de validité d'un code concept</td></tr><tr><td>dateMaj</td><td>dateMaj</td><td>dateTime</td><td>Date de mise à jour d'un code concept</td></tr><tr><td>dateFin</td><td>dateFin</td><td>dateTime</td><td>Date de fin d'exploitation d'un code concept</td></tr></table><p><b>Concepts</b></p><p>This case-insensitive code system <code>https://mos.esante.gouv.fr/NOS/TRE_R18-DisciplineAutorisation/FHIR/TRE-R18-DisciplineAutorisation</code> defines the following codes:</p><table class="codes"><tr><td style="white-space:nowrap"><b>Code</b></td><td><b>Display</b></td><td><b>dateValid</b></td><td><b>dateMaj</b></td><td><b>French (France) (fr)</b></td></tr><tr><td style="white-space:nowrap">DAUT01<a name="TRE-R18-DisciplineAutorisation-DAUT01"> </a></td><td>Biologie médicale</td><td>2007-07-25T15:04:42+01:00</td><td>2016-09-01T00:00:00+01:00</td><td/></tr><tr><td style="white-space:nowrap">DAUT02<a name="TRE-R18-DisciplineAutorisation-DAUT02"> </a></td><td>Chirurgie générale</td><td>2007-07-25T15:04:42+01:00</td><td>2016-09-01T00:00:00+01:00</td><td/></tr><tr><td style="white-space:nowrap">DAUT03<a name="TRE-R18-DisciplineAutorisation-DAUT03"> </a></td><td>Chirurgie infantile</td><td>2007-07-25T15:04:42+01:00</td><td>2016-09-01T00:00:00+01:00</td><td/></tr><tr><td style="white-space:nowrap">DAUT04<a name="TRE-R18-DisciplineAutorisation-DAUT04"> </a></td><td>Chirurgie maxillo-faciale et Stomatologie</td><td>2007-07-25T15:04:42+01:00</td><td>2016-09-01T00:00:00+01:00</td><td>Chir maxillo-fac, Stomatologie</td></tr><tr><td style="white-space:nowrap">DAUT05<a name="TRE-R18-DisciplineAutorisation-DAUT05"> </a></td><td>Chirurgie orthopédique et Traumatologie</td><td>2007-07-25T15:04:42+01:00</td><td>2016-09-01T00:00:00+01:00</td><td>Chir orthopéd, Traumatologie</td></tr><tr><td style="white-space:nowrap">DAUT06<a name="TRE-R18-DisciplineAutorisation-DAUT06"> </a></td><td>Chirurgie plastique, reconstructrice et esthétique</td><td>2007-07-25T15:04:42+01:00</td><td>2016-09-01T00:00:00+01:00</td><td>Chir plastique, recon, esthét</td></tr><tr><td style="white-space:nowrap">DAUT07<a name="TRE-R18-DisciplineAutorisation-DAUT07"> </a></td><td>Chirurgie thoracique et cardio-vasculaire</td><td>2007-07-25T15:04:42+01:00</td><td>2016-09-01T00:00:00+01:00</td><td>Chir thoracique, cardio-vasc</td></tr><tr><td style="white-space:nowrap">DAUT08<a name="TRE-R18-DisciplineAutorisation-DAUT08"> </a></td><td>Chirurgie urologique</td><td>2007-07-25T15:04:42+01:00</td><td>2016-09-01T00:00:00+01:00</td><td/></tr><tr><td style="white-space:nowrap">DAUT09<a name="TRE-R18-DisciplineAutorisation-DAUT09"> </a></td><td>Chirurgie vasculaire</td><td>2007-07-25T15:04:42+01:00</td><td>2016-09-01T00:00:00+01:00</td><td/></tr><tr><td style="white-space:nowrap">DAUT10<a name="TRE-R18-DisciplineAutorisation-DAUT10"> </a></td><td>Chirurgie viscérale et digestive</td><td>2007-07-25T15:04:42+01:00</td><td>2016-09-01T00:00:00+01:00</td><td>Chirurgie viscérale, digestive</td></tr><tr><td style="white-space:nowrap">DAUT11<a name="TRE-R18-DisciplineAutorisation-DAUT11"> </a></td><td>Gynécologie-obstétrique</td><td>2007-07-25T15:04:42+01:00</td><td>2016-09-01T00:00:00+01:00</td><td/></tr><tr><td style="white-space:nowrap">DAUT12<a name="TRE-R18-DisciplineAutorisation-DAUT12"> </a></td><td>Neurochirurgie</td><td>2007-07-25T15:04:42+01:00</td><td>2016-09-01T00:00:00+01:00</td><td/></tr><tr><td style="white-space:nowrap">DAUT13<a name="TRE-R18-DisciplineAutorisation-DAUT13"> </a></td><td>Ophtalmologie</td><td>2007-07-25T15:04:42+01:00</td><td>2016-09-01T00:00:00+01:00</td><td/></tr><tr><td style="white-space:nowrap">DAUT14<a name="TRE-R18-DisciplineAutorisation-DAUT14"> </a></td><td>Oto-rhino-laryngologie et Chirurgie cervico-faciale</td><td>2007-07-25T15:04:42+01:00</td><td>2016-09-01T00:00:00+01:00</td><td>ORL, Chir cervico-faciale</td></tr><tr><td style="white-space:nowrap">DAUT15<a name="TRE-R18-DisciplineAutorisation-DAUT15"> </a></td><td>Anatomie et Cytologie pathologiques</td><td>2007-07-25T15:04:42+01:00</td><td>2016-09-01T00:00:00+01:00</td><td>Anatomie, Cytologie pathologiq</td></tr><tr><td style="white-space:nowrap">DAUT16<a name="TRE-R18-DisciplineAutorisation-DAUT16"> </a></td><td>Anesthésie et Réanimation</td><td>2007-07-25T15:04:42+01:00</td><td>2016-09-01T00:00:00+01:00</td><td/></tr><tr><td style="white-space:nowrap">DAUT17<a name="TRE-R18-DisciplineAutorisation-DAUT17"> </a></td><td>Cardiologie et Maladies vasculaires</td><td>2007-07-25T15:04:42+01:00</td><td>2016-09-01T00:00:00+01:00</td><td>Cardio, Maladies vasculaires</td></tr><tr><td style="white-space:nowrap">DAUT18<a name="TRE-R18-DisciplineAutorisation-DAUT18"> </a></td><td>Dermatologie et Vénéréologie</td><td>2007-07-25T15:04:42+01:00</td><td>2016-09-01T00:00:00+01:00</td><td>Dermatologie, Vénéréologie</td></tr><tr><td style="white-space:nowrap">DAUT19<a name="TRE-R18-DisciplineAutorisation-DAUT19"> </a></td><td>Endocrinologie et Métabolisme</td><td>2007-07-25T15:04:42+01:00</td><td>2016-09-01T00:00:00+01:00</td><td>Endocrinologie, Métabolisme</td></tr><tr><td style="white-space:nowrap">DAUT20<a name="TRE-R18-DisciplineAutorisation-DAUT20"> </a></td><td>Gastro-entérologie et Hépatologie</td><td>2007-07-25T15:04:42+01:00</td><td>2016-09-01T00:00:00+01:00</td><td>Gastro-entéro, Hépatologie</td></tr><tr><td style="white-space:nowrap">DAUT21<a name="TRE-R18-DisciplineAutorisation-DAUT21"> </a></td><td>Génétique médicale</td><td>2007-07-25T15:04:42+01:00</td><td>2008-02-28T00:00:00+01:00</td><td/></tr><tr><td style="white-space:nowrap">DAUT22<a name="TRE-R18-DisciplineAutorisation-DAUT22"> </a></td><td>Gériatrie</td><td>2007-07-25T15:04:42+01:00</td><td>2008-02-28T00:00:00+01:00</td><td/></tr><tr><td style="white-space:nowrap">DAUT23<a name="TRE-R18-DisciplineAutorisation-DAUT23"> </a></td><td>Gynécologie médicale</td><td>2007-07-25T15:04:42+01:00</td><td>2008-02-28T00:00:00+01:00</td><td/></tr><tr><td style="white-space:nowrap">DAUT24<a name="TRE-R18-DisciplineAutorisation-DAUT24"> </a></td><td>Hématologie</td><td>2007-07-25T15:04:42+01:00</td><td>2008-02-28T00:00:00+01:00</td><td/></tr><tr><td style="white-space:nowrap">DAUT25<a name="TRE-R18-DisciplineAutorisation-DAUT25"> </a></td><td>Médecine d'urgence</td><td>2005-01-01T00:00:00+01:00</td><td>2016-04-28T00:00:00+01:00</td><td/></tr><tr><td style="white-space:nowrap">DAUT26<a name="TRE-R18-DisciplineAutorisation-DAUT26"> </a></td><td>Médecine générale</td><td>2007-07-25T15:04:42+01:00</td><td>2008-02-28T00:00:00+01:00</td><td/></tr><tr><td style="white-space:nowrap">DAUT27<a name="TRE-R18-DisciplineAutorisation-DAUT27"> </a></td><td>Médecine interne</td><td>2007-07-25T15:04:42+01:00</td><td>2008-02-28T00:00:00+01:00</td><td/></tr><tr><td style="white-space:nowrap">DAUT28<a name="TRE-R18-DisciplineAutorisation-DAUT28"> </a></td><td>Médecine nucléaire</td><td>2007-07-25T15:04:42+01:00</td><td>2008-02-28T00:00:00+01:00</td><td/></tr><tr><td style="white-space:nowrap">DAUT29<a name="TRE-R18-DisciplineAutorisation-DAUT29"> </a></td><td>Médecine physique et de réadaptation</td><td>2007-07-25T15:04:42+01:00</td><td>2016-09-01T00:00:00+01:00</td><td>Médecine physiq, réadaptation</td></tr><tr><td style="white-space:nowrap">DAUT30<a name="TRE-R18-DisciplineAutorisation-DAUT30"> </a></td><td>Néphrologie</td><td>2007-07-25T15:04:42+01:00</td><td>2008-02-28T00:00:00+01:00</td><td/></tr><tr><td style="white-space:nowrap">DAUT31<a name="TRE-R18-DisciplineAutorisation-DAUT31"> </a></td><td>Neurologie</td><td>2007-07-25T15:04:42+01:00</td><td>2008-02-28T00:00:00+01:00</td><td/></tr><tr><td style="white-space:nowrap">DAUT32<a name="TRE-R18-DisciplineAutorisation-DAUT32"> </a></td><td>Oncologie</td><td>2007-07-25T15:04:42+01:00</td><td>2008-02-28T00:00:00+01:00</td><td/></tr><tr><td style="white-space:nowrap">DAUT33<a name="TRE-R18-DisciplineAutorisation-DAUT33"> </a></td><td>Pédiatrie</td><td>2007-07-25T15:04:42+01:00</td><td>2008-02-28T00:00:00+01:00</td><td/></tr><tr><td style="white-space:nowrap">DAUT34<a name="TRE-R18-DisciplineAutorisation-DAUT34"> </a></td><td>Pneumologie</td><td>2007-07-25T15:04:42+01:00</td><td>2008-02-28T00:00:00+01:00</td><td/></tr><tr><td style="white-space:nowrap">DAUT35<a name="TRE-R18-DisciplineAutorisation-DAUT35"> </a></td><td>Psychiatrie</td><td>2007-07-25T15:04:42+01:00</td><td>2008-02-28T00:00:00+01:00</td><td/></tr><tr><td style="white-space:nowrap">DAUT36<a name="TRE-R18-DisciplineAutorisation-DAUT36"> </a></td><td>Radiodiagnostic et Imagerie médicale</td><td>2007-07-25T15:04:42+01:00</td><td>2008-02-28T00:00:00+01:00</td><td>Radiodiag, Imagerie médicale</td></tr><tr><td style="white-space:nowrap">DAUT37<a name="TRE-R18-DisciplineAutorisation-DAUT37"> </a></td><td>Réanimation médicale</td><td>2007-07-25T15:04:42+01:00</td><td>2008-02-28T00:00:00+01:00</td><td/></tr><tr><td style="white-space:nowrap">DAUT38<a name="TRE-R18-DisciplineAutorisation-DAUT38"> </a></td><td>Rhumatologie</td><td>2007-07-25T15:04:42+01:00</td><td>2008-02-28T00:00:00+01:00</td><td/></tr><tr><td style="white-space:nowrap">DAUT39<a name="TRE-R18-DisciplineAutorisation-DAUT39"> </a></td><td>Santé publique et Médecine sociale</td><td>2007-07-25T15:04:42+01:00</td><td>2016-09-01T00:00:00+01:00</td><td>Santé publiq, Médecine sociale</td></tr><tr><td style="white-space:nowrap">DAUT40<a name="TRE-R18-DisciplineAutorisation-DAUT40"> </a></td><td>Médecine du travail</td><td>2007-07-25T00:00:00+01:00</td><td>2008-02-28T00:00:00+01:00</td><td/></tr><tr><td style="white-space:nowrap">DAUT41<a name="TRE-R18-DisciplineAutorisation-DAUT41"> </a></td><td>Stomatologie</td><td>2007-07-25T00:00:00+01:00</td><td>2008-02-28T00:00:00+01:00</td><td/></tr></table></div>
  </text>
  <extension url="http://hl7.org/fhir/StructureDefinition/resource-effectivePeriod">
    <valuePeriod>
      <start value="2013-06-28T00:00:00+01:00"/>
    </valuePeriod>
  </extension>
  <url value="https://mos.esante.gouv.fr/NOS/TRE_R18-DisciplineAutorisation/FHIR/TRE-R18-DisciplineAutorisation"/>
  <identifier>
    <system value="urn:ietf:rfc:3986"/>
    <value value="urn:oid:1.2.250.1.213.1.6.1.67"/>
  </identifier>
  <version value="20231215120000"/>
  <name value="TRE_R18_DisciplineAutorisation"/>
  <status value="active"/>
  <experimental value="false"/>
  <date value="2023-12-15T12:00:00+01:00"/>
  <publisher value="Agence du Numérique en Santé (ANS) - 2-10 Rue d'Oradour-sur-Glane, 75015 Paris"/>
  <description value="Discipline d'autorisation"/>
  <caseSensitive value="false"/>
  <content value="complete"/>
  <property>
    <code value="dateValid"/>
    <description value="date de validité d'un code concept"/>
    <type value="dateTime"/>
  </property>
  <property>
    <code value="dateMaj"/>
    <description value="Date de mise à jour d'un code concept"/>
    <type value="dateTime"/>
  </property>
  <property>
    <code value="dateFin"/>
    <description value="Date de fin d'exploitation d'un code concept"/>
    <type value="dateTime"/>
  </property>
  <concept>
    <code value="DAUT01"/>
    <display value="Biologie médicale"/>
    <property>
      <code value="dateValid"/>
      <valueDateTime value="2007-07-25T15:04:42+01:00"/>
    </property>
    <property>
      <code value="dateMaj"/>
      <valueDateTime value="2016-09-01T00:00:00+01:00"/>
    </property>
  </concept>
  <concept>
    <code value="DAUT02"/>
    <display value="Chirurgie générale"/>
    <property>
      <code value="dateValid"/>
      <valueDateTime value="2007-07-25T15:04:42+01:00"/>
    </property>
    <property>
      <code value="dateMaj"/>
      <valueDateTime value="2016-09-01T00:00:00+01:00"/>
    </property>
  </concept>
  <concept>
    <code value="DAUT03"/>
    <display value="Chirurgie infantile"/>
    <property>
      <code value="dateValid"/>
      <valueDateTime value="2007-07-25T15:04:42+01:00"/>
    </property>
    <property>
      <code value="dateMaj"/>
      <valueDateTime value="2016-09-01T00:00:00+01:00"/>
    </property>
  </concept>
  <concept>
    <code value="DAUT04"/>
    <display value="Chirurgie maxillo-faciale et Stomatologie"/>
    <designation>
      <language value="fr-FR"/>
      <use>
        <system value="http://snomed.info/sct"/>
        <code value="900000000000013009"/>
      </use>
      <value value="Chir maxillo-fac, Stomatologie"/>
    </designation>
    <property>
      <code value="dateValid"/>
      <valueDateTime value="2007-07-25T15:04:42+01:00"/>
    </property>
    <property>
      <code value="dateMaj"/>
      <valueDateTime value="2016-09-01T00:00:00+01:00"/>
    </property>
  </concept>
  <concept>
    <code value="DAUT05"/>
    <display value="Chirurgie orthopédique et Traumatologie"/>
    <designation>
      <language value="fr-FR"/>
      <use>
        <system value="http://snomed.info/sct"/>
        <code value="900000000000013009"/>
      </use>
      <value value="Chir orthopéd, Traumatologie"/>
    </designation>
    <property>
      <code value="dateValid"/>
      <valueDateTime value="2007-07-25T15:04:42+01:00"/>
    </property>
    <property>
      <code value="dateMaj"/>
      <valueDateTime value="2016-09-01T00:00:00+01:00"/>
    </property>
  </concept>
  <concept>
    <code value="DAUT06"/>
    <display value="Chirurgie plastique, reconstructrice et esthétique"/>
    <designation>
      <language value="fr-FR"/>
      <use>
        <system value="http://snomed.info/sct"/>
        <code value="900000000000013009"/>
      </use>
      <value value="Chir plastique, recon, esthét"/>
    </designation>
    <property>
      <code value="dateValid"/>
      <valueDateTime value="2007-07-25T15:04:42+01:00"/>
    </property>
    <property>
      <code value="dateMaj"/>
      <valueDateTime value="2016-09-01T00:00:00+01:00"/>
    </property>
  </concept>
  <concept>
    <code value="DAUT07"/>
    <display value="Chirurgie thoracique et cardio-vasculaire"/>
    <designation>
      <language value="fr-FR"/>
      <use>
        <system value="http://snomed.info/sct"/>
        <code value="900000000000013009"/>
      </use>
      <value value="Chir thoracique, cardio-vasc"/>
    </designation>
    <property>
      <code value="dateValid"/>
      <valueDateTime value="2007-07-25T15:04:42+01:00"/>
    </property>
    <property>
      <code value="dateMaj"/>
      <valueDateTime value="2016-09-01T00:00:00+01:00"/>
    </property>
  </concept>
  <concept>
    <code value="DAUT08"/>
    <display value="Chirurgie urologique"/>
    <property>
      <code value="dateValid"/>
      <valueDateTime value="2007-07-25T15:04:42+01:00"/>
    </property>
    <property>
      <code value="dateMaj"/>
      <valueDateTime value="2016-09-01T00:00:00+01:00"/>
    </property>
  </concept>
  <concept>
    <code value="DAUT09"/>
    <display value="Chirurgie vasculaire"/>
    <property>
      <code value="dateValid"/>
      <valueDateTime value="2007-07-25T15:04:42+01:00"/>
    </property>
    <property>
      <code value="dateMaj"/>
      <valueDateTime value="2016-09-01T00:00:00+01:00"/>
    </property>
  </concept>
  <concept>
    <code value="DAUT10"/>
    <display value="Chirurgie viscérale et digestive"/>
    <designation>
      <language value="fr-FR"/>
      <use>
        <system value="http://snomed.info/sct"/>
        <code value="900000000000013009"/>
      </use>
      <value value="Chirurgie viscérale, digestive"/>
    </designation>
    <property>
      <code value="dateValid"/>
      <valueDateTime value="2007-07-25T15:04:42+01:00"/>
    </property>
    <property>
      <code value="dateMaj"/>
      <valueDateTime value="2016-09-01T00:00:00+01:00"/>
    </property>
  </concept>
  <concept>
    <code value="DAUT11"/>
    <display value="Gynécologie-obstétrique"/>
    <property>
      <code value="dateValid"/>
      <valueDateTime value="2007-07-25T15:04:42+01:00"/>
    </property>
    <property>
      <code value="dateMaj"/>
      <valueDateTime value="2016-09-01T00:00:00+01:00"/>
    </property>
  </concept>
  <concept>
    <code value="DAUT12"/>
    <display value="Neurochirurgie"/>
    <property>
      <code value="dateValid"/>
      <valueDateTime value="2007-07-25T15:04:42+01:00"/>
    </property>
    <property>
      <code value="dateMaj"/>
      <valueDateTime value="2016-09-01T00:00:00+01:00"/>
    </property>
  </concept>
  <concept>
    <code value="DAUT13"/>
    <display value="Ophtalmologie"/>
    <property>
      <code value="dateValid"/>
      <valueDateTime value="2007-07-25T15:04:42+01:00"/>
    </property>
    <property>
      <code value="dateMaj"/>
      <valueDateTime value="2016-09-01T00:00:00+01:00"/>
    </property>
  </concept>
  <concept>
    <code value="DAUT14"/>
    <display value="Oto-rhino-laryngologie et Chirurgie cervico-faciale"/>
    <designation>
      <language value="fr-FR"/>
      <use>
        <system value="http://snomed.info/sct"/>
        <code value="900000000000013009"/>
      </use>
      <value value="ORL, Chir cervico-faciale"/>
    </designation>
    <property>
      <code value="dateValid"/>
      <valueDateTime value="2007-07-25T15:04:42+01:00"/>
    </property>
    <property>
      <code value="dateMaj"/>
      <valueDateTime value="2016-09-01T00:00:00+01:00"/>
    </property>
  </concept>
  <concept>
    <code value="DAUT15"/>
    <display value="Anatomie et Cytologie pathologiques"/>
    <designation>
      <language value="fr-FR"/>
      <use>
        <system value="http://snomed.info/sct"/>
        <code value="900000000000013009"/>
      </use>
      <value value="Anatomie, Cytologie pathologiq"/>
    </designation>
    <property>
      <code value="dateValid"/>
      <valueDateTime value="2007-07-25T15:04:42+01:00"/>
    </property>
    <property>
      <code value="dateMaj"/>
      <valueDateTime value="2016-09-01T00:00:00+01:00"/>
    </property>
  </concept>
  <concept>
    <code value="DAUT16"/>
    <display value="Anesthésie et Réanimation"/>
    <property>
      <code value="dateValid"/>
      <valueDateTime value="2007-07-25T15:04:42+01:00"/>
    </property>
    <property>
      <code value="dateMaj"/>
      <valueDateTime value="2016-09-01T00:00:00+01:00"/>
    </property>
  </concept>
  <concept>
    <code value="DAUT17"/>
    <display value="Cardiologie et Maladies vasculaires"/>
    <designation>
      <language value="fr-FR"/>
      <use>
        <system value="http://snomed.info/sct"/>
        <code value="900000000000013009"/>
      </use>
      <value value="Cardio, Maladies vasculaires"/>
    </designation>
    <property>
      <code value="dateValid"/>
      <valueDateTime value="2007-07-25T15:04:42+01:00"/>
    </property>
    <property>
      <code value="dateMaj"/>
      <valueDateTime value="2016-09-01T00:00:00+01:00"/>
    </property>
  </concept>
  <concept>
    <code value="DAUT18"/>
    <display value="Dermatologie et Vénéréologie"/>
    <designation>
      <language value="fr-FR"/>
      <use>
        <system value="http://snomed.info/sct"/>
        <code value="900000000000013009"/>
      </use>
      <value value="Dermatologie, Vénéréologie"/>
    </designation>
    <property>
      <code value="dateValid"/>
      <valueDateTime value="2007-07-25T15:04:42+01:00"/>
    </property>
    <property>
      <code value="dateMaj"/>
      <valueDateTime value="2016-09-01T00:00:00+01:00"/>
    </property>
  </concept>
  <concept>
    <code value="DAUT19"/>
    <display value="Endocrinologie et Métabolisme"/>
    <designation>
      <language value="fr-FR"/>
      <use>
        <system value="http://snomed.info/sct"/>
        <code value="900000000000013009"/>
      </use>
      <value value="Endocrinologie, Métabolisme"/>
    </designation>
    <property>
      <code value="dateValid"/>
      <valueDateTime value="2007-07-25T15:04:42+01:00"/>
    </property>
    <property>
      <code value="dateMaj"/>
      <valueDateTime value="2016-09-01T00:00:00+01:00"/>
    </property>
  </concept>
  <concept>
    <code value="DAUT20"/>
    <display value="Gastro-entérologie et Hépatologie"/>
    <designation>
      <language value="fr-FR"/>
      <use>
        <system value="http://snomed.info/sct"/>
        <code value="900000000000013009"/>
      </use>
      <value value="Gastro-entéro, Hépatologie"/>
    </designation>
    <property>
      <code value="dateValid"/>
      <valueDateTime value="2007-07-25T15:04:42+01:00"/>
    </property>
    <property>
      <code value="dateMaj"/>
      <valueDateTime value="2016-09-01T00:00:00+01:00"/>
    </property>
  </concept>
  <concept>
    <code value="DAUT21"/>
    <display value="Génétique médicale"/>
    <property>
      <code value="dateValid"/>
      <valueDateTime value="2007-07-25T15:04:42+01:00"/>
    </property>
    <property>
      <code value="dateMaj"/>
      <valueDateTime value="2008-02-28T00:00:00+01:00"/>
    </property>
  </concept>
  <concept>
    <code value="DAUT22"/>
    <display value="Gériatrie"/>
    <property>
      <code value="dateValid"/>
      <valueDateTime value="2007-07-25T15:04:42+01:00"/>
    </property>
    <property>
      <code value="dateMaj"/>
      <valueDateTime value="2008-02-28T00:00:00+01:00"/>
    </property>
  </concept>
  <concept>
    <code value="DAUT23"/>
    <display value="Gynécologie médicale"/>
    <property>
      <code value="dateValid"/>
      <valueDateTime value="2007-07-25T15:04:42+01:00"/>
    </property>
    <property>
      <code value="dateMaj"/>
      <valueDateTime value="2008-02-28T00:00:00+01:00"/>
    </property>
  </concept>
  <concept>
    <code value="DAUT24"/>
    <display value="Hématologie"/>
    <property>
      <code value="dateValid"/>
      <valueDateTime value="2007-07-25T15:04:42+01:00"/>
    </property>
    <property>
      <code value="dateMaj"/>
      <valueDateTime value="2008-02-28T00:00:00+01:00"/>
    </property>
  </concept>
  <concept>
    <code value="DAUT25"/>
    <display value="Médecine d'urgence"/>
    <property>
      <code value="dateValid"/>
      <valueDateTime value="2005-01-01T00:00:00+01:00"/>
    </property>
    <property>
      <code value="dateMaj"/>
      <valueDateTime value="2016-04-28T00:00:00+01:00"/>
    </property>
  </concept>
  <concept>
    <code value="DAUT26"/>
    <display value="Médecine générale"/>
    <property>
      <code value="dateValid"/>
      <valueDateTime value="2007-07-25T15:04:42+01:00"/>
    </property>
    <property>
      <code value="dateMaj"/>
      <valueDateTime value="2008-02-28T00:00:00+01:00"/>
    </property>
  </concept>
  <concept>
    <code value="DAUT27"/>
    <display value="Médecine interne"/>
    <property>
      <code value="dateValid"/>
      <valueDateTime value="2007-07-25T15:04:42+01:00"/>
    </property>
    <property>
      <code value="dateMaj"/>
      <valueDateTime value="2008-02-28T00:00:00+01:00"/>
    </property>
  </concept>
  <concept>
    <code value="DAUT28"/>
    <display value="Médecine nucléaire"/>
    <property>
      <code value="dateValid"/>
      <valueDateTime value="2007-07-25T15:04:42+01:00"/>
    </property>
    <property>
      <code value="dateMaj"/>
      <valueDateTime value="2008-02-28T00:00:00+01:00"/>
    </property>
  </concept>
  <concept>
    <code value="DAUT29"/>
    <display value="Médecine physique et de réadaptation"/>
    <designation>
      <language value="fr-FR"/>
      <use>
        <system value="http://snomed.info/sct"/>
        <code value="900000000000013009"/>
      </use>
      <value value="Médecine physiq, réadaptation"/>
    </designation>
    <property>
      <code value="dateValid"/>
      <valueDateTime value="2007-07-25T15:04:42+01:00"/>
    </property>
    <property>
      <code value="dateMaj"/>
      <valueDateTime value="2016-09-01T00:00:00+01:00"/>
    </property>
  </concept>
  <concept>
    <code value="DAUT30"/>
    <display value="Néphrologie"/>
    <property>
      <code value="dateValid"/>
      <valueDateTime value="2007-07-25T15:04:42+01:00"/>
    </property>
    <property>
      <code value="dateMaj"/>
      <valueDateTime value="2008-02-28T00:00:00+01:00"/>
    </property>
  </concept>
  <concept>
    <code value="DAUT31"/>
    <display value="Neurologie"/>
    <property>
      <code value="dateValid"/>
      <valueDateTime value="2007-07-25T15:04:42+01:00"/>
    </property>
    <property>
      <code value="dateMaj"/>
      <valueDateTime value="2008-02-28T00:00:00+01:00"/>
    </property>
  </concept>
  <concept>
    <code value="DAUT32"/>
    <display value="Oncologie"/>
    <property>
      <code value="dateValid"/>
      <valueDateTime value="2007-07-25T15:04:42+01:00"/>
    </property>
    <property>
      <code value="dateMaj"/>
      <valueDateTime value="2008-02-28T00:00:00+01:00"/>
    </property>
  </concept>
  <concept>
    <code value="DAUT33"/>
    <display value="Pédiatrie"/>
    <property>
      <code value="dateValid"/>
      <valueDateTime value="2007-07-25T15:04:42+01:00"/>
    </property>
    <property>
      <code value="dateMaj"/>
      <valueDateTime value="2008-02-28T00:00:00+01:00"/>
    </property>
  </concept>
  <concept>
    <code value="DAUT34"/>
    <display value="Pneumologie"/>
    <property>
      <code value="dateValid"/>
      <valueDateTime value="2007-07-25T15:04:42+01:00"/>
    </property>
    <property>
      <code value="dateMaj"/>
      <valueDateTime value="2008-02-28T00:00:00+01:00"/>
    </property>
  </concept>
  <concept>
    <code value="DAUT35"/>
    <display value="Psychiatrie"/>
    <property>
      <code value="dateValid"/>
      <valueDateTime value="2007-07-25T15:04:42+01:00"/>
    </property>
    <property>
      <code value="dateMaj"/>
      <valueDateTime value="2008-02-28T00:00:00+01:00"/>
    </property>
  </concept>
  <concept>
    <code value="DAUT36"/>
    <display value="Radiodiagnostic et Imagerie médicale"/>
    <designation>
      <language value="fr-FR"/>
      <use>
        <system value="http://snomed.info/sct"/>
        <code value="900000000000013009"/>
      </use>
      <value value="Radiodiag, Imagerie médicale"/>
    </designation>
    <property>
      <code value="dateValid"/>
      <valueDateTime value="2007-07-25T15:04:42+01:00"/>
    </property>
    <property>
      <code value="dateMaj"/>
      <valueDateTime value="2008-02-28T00:00:00+01:00"/>
    </property>
  </concept>
  <concept>
    <code value="DAUT37"/>
    <display value="Réanimation médicale"/>
    <property>
      <code value="dateValid"/>
      <valueDateTime value="2007-07-25T15:04:42+01:00"/>
    </property>
    <property>
      <code value="dateMaj"/>
      <valueDateTime value="2008-02-28T00:00:00+01:00"/>
    </property>
  </concept>
  <concept>
    <code value="DAUT38"/>
    <display value="Rhumatologie"/>
    <property>
      <code value="dateValid"/>
      <valueDateTime value="2007-07-25T15:04:42+01:00"/>
    </property>
    <property>
      <code value="dateMaj"/>
      <valueDateTime value="2008-02-28T00:00:00+01:00"/>
    </property>
  </concept>
  <concept>
    <code value="DAUT39"/>
    <display value="Santé publique et Médecine sociale"/>
    <designation>
      <language value="fr-FR"/>
      <use>
        <system value="http://snomed.info/sct"/>
        <code value="900000000000013009"/>
      </use>
      <value value="Santé publiq, Médecine sociale"/>
    </designation>
    <property>
      <code value="dateValid"/>
      <valueDateTime value="2007-07-25T15:04:42+01:00"/>
    </property>
    <property>
      <code value="dateMaj"/>
      <valueDateTime value="2016-09-01T00:00:00+01:00"/>
    </property>
  </concept>
  <concept>
    <code value="DAUT40"/>
    <display value="Médecine du travail"/>
    <property>
      <code value="dateValid"/>
      <valueDateTime value="2007-07-25T00:00:00+01:00"/>
    </property>
    <property>
      <code value="dateMaj"/>
      <valueDateTime value="2008-02-28T00:00:00+01:00"/>
    </property>
  </concept>
  <concept>
    <code value="DAUT41"/>
    <display value="Stomatologie"/>
    <property>
      <code value="dateValid"/>
      <valueDateTime value="2007-07-25T00:00:00+01:00"/>
    </property>
    <property>
      <code value="dateMaj"/>
      <valueDateTime value="2008-02-28T00:00:00+01:00"/>
    </property>
  </concept>
</CodeSystem>