<?xml version="1.0" encoding="UTF-8"?>

<CodeSystem xmlns="http://hl7.org/fhir">
  <id value="TRE-R256-TypeMessagerie"/>
  <meta>
    <versionId value="5"/>
    <lastUpdated value="2025-07-02T18:16:41.643+00:00"/>
    <profile value="http://hl7.org/fhir/StructureDefinition/shareablecodesystem|4.0.1"/>
  </meta>
  <text>
    <status value="generated"/><div xmlns="http://www.w3.org/1999/xhtml"><p class="res-header-id"><b>Narratif généré : CodeSystem TRE-R256-TypeMessagerie</b></p><a name="TRE-R256-TypeMessagerie"> </a><a name="hcTRE-R256-TypeMessagerie"> </a><div style="display: inline-block; background-color: #d9e0e7; padding: 6px; margin: 4px; border: 1px solid #8da1b4; border-radius: 5px; line-height: 60%"><p style="margin-bottom: 0px">version: 4; Dernière mise à jour : 2024-08-28 05:12:50+0000</p><p style="margin-bottom: 0px">Profil: <a href="http://hl7.org/fhir/R4/shareablecodesystem.html">Shareable CodeSystem</a></p></div><p><b>Propriétés</b></p><p><b>Cette terminologie de référence (CodeSystem) définit les propriétés suivantes pour ses concepts</b></p><table class="grid"><tr><td><b>Nom</b></td><td><b>Code</b></td><td><b>Type</b></td><td><b>Description</b></td></tr><tr><td>dateValid</td><td>dateValid</td><td>dateTime</td><td>date de validité d'un code concept</td></tr><tr><td>dateMaj</td><td>dateMaj</td><td>dateTime</td><td>Date de mise à jour d'un code concept</td></tr><tr><td>dateFin</td><td>dateFin</td><td>dateTime</td><td>Date de fin d'exploitation d'un code concept</td></tr></table><p><b>Concepts</b></p><p>This case-insensitive code system <code>https://mos.esante.gouv.fr/NOS/TRE_R256-TypeMessagerie/FHIR/TRE-R256-TypeMessagerie</code> defines the following codes:</p><table class="codes"><tr><td style="white-space:nowrap"><b>Code</b></td><td><b>Display</b></td><td><b>dateValid</b></td><td><b>dateMaj</b></td><td><b>French (France) (fr)</b></td></tr><tr><td style="white-space:nowrap">MSSANTE<a name="TRE-R256-TypeMessagerie-MSSANTE"> </a></td><td>MSSANTE</td><td>2018-03-30T12:00:00+01:00</td><td>2018-03-30T12:00:00+01:00</td><td>Espace de confiance des messageries sécurisées de santé se conformant aux exigences du contrat opérateur MSSanté</td></tr><tr><td style="white-space:nowrap">APICRYPT<a name="TRE-R256-TypeMessagerie-APICRYPT"> </a></td><td>APICRYPT</td><td>2018-03-30T12:00:00+01:00</td><td>2018-03-30T12:00:00+01:00</td><td>Système de messagerie sécurisée mise en oeuvre par APICEM</td></tr><tr><td style="white-space:nowrap">OSM<a name="TRE-R256-TypeMessagerie-OSM"> </a></td><td>OSM</td><td>2018-03-30T12:00:00+01:00</td><td>2018-03-30T12:00:00+01:00</td><td>Outils de Sécurisation des Messageries homologués par le GIP-CPS</td></tr><tr><td style="white-space:nowrap">AutreMessagerie<a name="TRE-R256-TypeMessagerie-AutreMessagerie"> </a></td><td>Messagerie électronique rassemblant des acteurs légitimes à l'utiliser</td><td>2018-04-27T12:00:00+01:00</td><td>2018-04-27T12:00:00+01:00</td><td>eMessagerie acteurs habilités</td></tr></table></div>
  </text>
  <extension url="http://hl7.org/fhir/StructureDefinition/resource-effectivePeriod">
    <valuePeriod>
      <start value="2018-03-30T12:00:00+01:00"/>
    </valuePeriod>
  </extension>
  <url value="https://mos.esante.gouv.fr/NOS/TRE_R256-TypeMessagerie/FHIR/TRE-R256-TypeMessagerie"/>
  <identifier>
    <system value="urn:ietf:rfc:3986"/>
    <value value="urn:oid:1.2.250.1.213.3.3.54"/>
  </identifier>
  <version value="20231215120000"/>
  <name value="TRE_R256_TypeMessagerie"/>
  <status value="active"/>
  <experimental value="false"/>
  <date value="2023-12-15T12:00:00+01:00"/>
  <publisher value="Agence du Numérique en Santé (ANS) - 2-10 Rue d'Oradour-sur-Glane, 75015 Paris"/>
  <description value="Type de messagerie électronique"/>
  <jurisdiction>
    <coding>
      <system value="urn:iso:std:iso:3166"/>
      <code value="FRA"/>
    </coding>
  </jurisdiction>
  <caseSensitive value="false"/>
  <content value="complete"/>
  <property>
    <code value="dateValid"/>
    <description value="date de validité d'un code concept"/>
    <type value="dateTime"/>
  </property>
  <property>
    <code value="dateMaj"/>
    <description value="Date de mise à jour d'un code concept"/>
    <type value="dateTime"/>
  </property>
  <property>
    <code value="dateFin"/>
    <description value="Date de fin d'exploitation d'un code concept"/>
    <type value="dateTime"/>
  </property>
  <property>
    <code value="deprecationDate"/>
    <uri value="http://hl7.org/fhir/concept-properties#deprecationDate"/>
    <description value="Date Concept was deprecated"/>
    <type value="dateTime"/>
  </property>
  <property>
    <code value="status"/>
    <uri value="http://hl7.org/fhir/concept-properties#status"/>
    <description value="A property that indicates the status of the concept."/>
    <type value="code"/>
  </property>
  <property>
    <code value="retirementDate"/>
    <uri value="http://hl7.org/fhir/concept-properties#retirementDate"/>
    <description value="Date Concept was retired"/>
    <type value="dateTime"/>
  </property>
  <concept>
    <code value="MSSANTE"/>
    <display value="MSSANTE"/>
    <designation>
      <language value="fr-FR"/>
      <use>
        <system value="http://snomed.info/sct"/>
        <code value="900000000000013009"/>
      </use>
      <value value="Espace de confiance des messageries sécurisées de santé se conformant aux exigences du contrat opérateur MSSanté"/>
    </designation>
    <property>
      <code value="dateValid"/>
      <valueDateTime value="2018-03-30T12:00:00+01:00"/>
    </property>
    <property>
      <code value="dateMaj"/>
      <valueDateTime value="2018-03-30T12:00:00+01:00"/>
    </property>
    <property>
      <code value="status"/>
      <valueCode value="active"/>
    </property>
  </concept>
  <concept>
    <code value="APICRYPT"/>
    <display value="APICRYPT"/>
    <designation>
      <language value="fr-FR"/>
      <use>
        <system value="http://snomed.info/sct"/>
        <code value="900000000000013009"/>
      </use>
      <value value="Système de messagerie sécurisée mise en oeuvre par APICEM"/>
    </designation>
    <property>
      <code value="dateValid"/>
      <valueDateTime value="2018-03-30T12:00:00+01:00"/>
    </property>
    <property>
      <code value="dateMaj"/>
      <valueDateTime value="2018-03-30T12:00:00+01:00"/>
    </property>
    <property>
      <code value="status"/>
      <valueCode value="active"/>
    </property>
  </concept>
  <concept>
    <code value="OSM"/>
    <display value="OSM"/>
    <designation>
      <language value="fr-FR"/>
      <use>
        <system value="http://snomed.info/sct"/>
        <code value="900000000000013009"/>
      </use>
      <value value="Outils de Sécurisation des Messageries homologués par le GIP-CPS"/>
    </designation>
    <property>
      <code value="dateValid"/>
      <valueDateTime value="2018-03-30T12:00:00+01:00"/>
    </property>
    <property>
      <code value="dateMaj"/>
      <valueDateTime value="2018-03-30T12:00:00+01:00"/>
    </property>
    <property>
      <code value="status"/>
      <valueCode value="active"/>
    </property>
  </concept>
  <concept>
    <code value="AutreMessagerie"/>
    <display value="Messagerie électronique rassemblant des acteurs légitimes à l'utiliser"/>
    <designation>
      <language value="fr-FR"/>
      <use>
        <system value="http://snomed.info/sct"/>
        <code value="900000000000013009"/>
      </use>
      <value value="eMessagerie acteurs habilités"/>
    </designation>
    <designation>
      <language value="fr-FR"/>
      <use>
        <system value="http://snomed.info/sct"/>
        <code value="900000000000013009"/>
      </use>
      <value value="Toute autre messagerie électronique rassemblant des acteurs identifiés et enregistrés selon des règles qui garantissent leur légitimité à l'utiliser"/>
    </designation>
    <property>
      <code value="dateValid"/>
      <valueDateTime value="2018-04-27T12:00:00+01:00"/>
    </property>
    <property>
      <code value="dateMaj"/>
      <valueDateTime value="2018-04-27T12:00:00+01:00"/>
    </property>
    <property>
      <code value="status"/>
      <valueCode value="active"/>
    </property>
  </concept>
</CodeSystem>