<?xml version="1.0" encoding="UTF-8"?>

<CodeSystem xmlns="http://hl7.org/fhir">
  <id value="TRE-A01-CadreExercice"/>
  <meta>
    <versionId value="5"/>
    <lastUpdated value="2024-09-29T18:11:12.633+00:00"/>
    <profile value="http://hl7.org/fhir/StructureDefinition/shareablecodesystem"/>
  </meta>
  <text>
    <status value="generated"/><div xmlns="http://www.w3.org/1999/xhtml"><p class="res-header-id"><b>Generated Narrative: CodeSystem TRE-A01-CadreExercice</b></p><a name="TRE-A01-CadreExercice"> </a><a name="hcTRE-A01-CadreExercice"> </a><a name="TRE-A01-CadreExercice-fr-FR"> </a><div style="display: inline-block; background-color: #d9e0e7; padding: 6px; margin: 4px; border: 1px solid #8da1b4; border-radius: 5px; line-height: 60%"><p style="margin-bottom: 0px">version: 5; Last updated: 2024-09-29 18:11:12+0000</p><p style="margin-bottom: 0px">Profil: <a href="http://hl7.org/fhir/R4/shareablecodesystem.html">Shareable CodeSystem</a></p></div><p><b>Propriétés</b></p><p><b>Cette terminologie de référence (CodeSystem) définit les propriétés suivantes pour ses concepts</b></p><table class="grid"><tr><td><b>Nom</b></td><td><b>Code</b></td><td><b>Type</b></td><td><b>Description</b></td></tr><tr><td>dateValid</td><td>dateValid</td><td>dateTime</td><td>date de validité d'un code concept</td></tr><tr><td>dateMaj</td><td>dateMaj</td><td>dateTime</td><td>Date de mise à jour d'un code concept</td></tr><tr><td>dateFin</td><td>dateFin</td><td>dateTime</td><td>Date de fin d'exploitation d'un code concept</td></tr></table><p><b>Concepts</b></p><p>This case-insensitive code system <code>https://mos.esante.gouv.fr/NOS/TRE_A01-CadreExercice/FHIR/TRE-A01-CadreExercice</code> defines the following codes:</p><table class="codes"><tr><td style="white-space:nowrap"><b>Code</b></td><td><b>Display</b></td><td><b>dateValid</b></td><td><b>dateMaj</b></td><td><b>French (France) (fr)</b></td></tr><tr><td style="white-space:nowrap">AMBULATOIRE<a name="TRE-A01-CadreExercice-AMBULATOIRE"> </a></td><td>Ambulatoire</td><td>2016-05-19T00:00:00+01:00</td><td>2016-05-19T00:00:00+01:00</td><td/></tr><tr><td style="white-space:nowrap">AMO<a name="TRE-A01-CadreExercice-AMO"> </a></td><td>Organisme d'assurance maladie obligatoire</td><td>2016-05-19T00:00:00+01:00</td><td>2016-05-19T00:00:00+01:00</td><td>Organisme AMO</td></tr><tr><td style="white-space:nowrap">DEPISTAGE<a name="TRE-A01-CadreExercice-DEPISTAGE"> </a></td><td>Dépistage</td><td>2016-05-19T00:00:00+01:00</td><td>2016-05-19T00:00:00+01:00</td><td/></tr><tr><td style="white-space:nowrap">ESSMS<a name="TRE-A01-CadreExercice-ESSMS"> </a></td><td>Etablissement ou Service Social ou Médico-Social</td><td>2024-09-27T12:00:00+01:00</td><td>2024-09-27T12:00:00+01:00</td><td/></tr><tr><td style="white-space:nowrap">ETABLISSEMENT<a name="TRE-A01-CadreExercice-ETABLISSEMENT"> </a></td><td>Etablissement de santé</td><td>2016-05-19T00:00:00+01:00</td><td>2016-05-19T00:00:00+01:00</td><td>Etab de santé</td></tr><tr><td style="white-space:nowrap">HAD<a name="TRE-A01-CadreExercice-HAD"> </a></td><td>Hospitalisation à domicile</td><td>2016-05-19T00:00:00+01:00</td><td>2016-05-19T00:00:00+01:00</td><td>Hosp à domicile</td></tr><tr><td style="white-space:nowrap">MAD<a name="TRE-A01-CadreExercice-MAD"> </a></td><td>Maintien à domicile</td><td>2016-05-19T00:00:00+01:00</td><td>2016-05-19T00:00:00+01:00</td><td/></tr><tr><td style="white-space:nowrap">PALLIATIF<a name="TRE-A01-CadreExercice-PALLIATIF"> </a></td><td>Soins palliatifs</td><td>2016-05-19T00:00:00+01:00</td><td>2016-05-19T00:00:00+01:00</td><td/></tr><tr><td style="white-space:nowrap">SAD<a name="TRE-A01-CadreExercice-SAD"> </a></td><td>Soins à domicile</td><td>2016-05-19T00:00:00+01:00</td><td>2016-05-19T00:00:00+01:00</td><td/></tr><tr><td style="white-space:nowrap">SAMU_SMUR<a name="TRE-A01-CadreExercice-SAMU_SMUR"> </a></td><td>SAMU/SMUR</td><td>2016-05-19T00:00:00+01:00</td><td>2016-05-19T00:00:00+01:00</td><td/></tr></table></div>
  </text>
  <extension url="http://hl7.org/fhir/StructureDefinition/resource-effectivePeriod">
    <valuePeriod>
      <start value="2016-05-19T00:00:00+01:00"/>
    </valuePeriod>
  </extension>
  <url value="https://mos.esante.gouv.fr/NOS/TRE_A01-CadreExercice/FHIR/TRE-A01-CadreExercice"/>
  <identifier>
    <system value="urn:ietf:rfc:3986"/>
    <value value="urn:oid:1.2.250.1.213.1.1.4.9"/>
  </identifier>
  <version value="20240927120000"/>
  <name value="TRE_A01_CadreExercice"/>
  <status value="active"/>
  <experimental value="false"/>
  <date value="2024-09-27T12:00:00+01:00"/>
  <publisher value="Agence du Numérique en Santé (ANS) - 2-10 Rue d'Oradour-sur-Glane, 75015 Paris"/>
  <description value="Cadre d'exercice"/>
  <caseSensitive value="false"/>
  <content value="complete"/>
  <property>
    <code value="dateValid"/>
    <description value="date de validité d'un code concept"/>
    <type value="dateTime"/>
  </property>
  <property>
    <code value="dateMaj"/>
    <description value="Date de mise à jour d'un code concept"/>
    <type value="dateTime"/>
  </property>
  <property>
    <code value="dateFin"/>
    <description value="Date de fin d'exploitation d'un code concept"/>
    <type value="dateTime"/>
  </property>
  <concept>
    <code value="AMBULATOIRE"/>
    <display value="Ambulatoire"/>
    <property>
      <code value="dateValid"/>
      <valueDateTime value="2016-05-19T00:00:00+01:00"/>
    </property>
    <property>
      <code value="dateMaj"/>
      <valueDateTime value="2016-05-19T00:00:00+01:00"/>
    </property>
  </concept>
  <concept>
    <code value="AMO"/>
    <display value="Organisme d'assurance maladie obligatoire"/>
    <designation>
      <language value="fr-FR"/>
      <use>
        <system value="http://snomed.info/sct"/>
        <code value="900000000000013009"/>
      </use>
      <value value="Organisme AMO"/>
    </designation>
    <property>
      <code value="dateValid"/>
      <valueDateTime value="2016-05-19T00:00:00+01:00"/>
    </property>
    <property>
      <code value="dateMaj"/>
      <valueDateTime value="2016-05-19T00:00:00+01:00"/>
    </property>
  </concept>
  <concept>
    <code value="DEPISTAGE"/>
    <display value="Dépistage"/>
    <property>
      <code value="dateValid"/>
      <valueDateTime value="2016-05-19T00:00:00+01:00"/>
    </property>
    <property>
      <code value="dateMaj"/>
      <valueDateTime value="2016-05-19T00:00:00+01:00"/>
    </property>
  </concept>
  <concept>
    <code value="ESSMS"/>
    <display value="Etablissement ou Service Social ou Médico-Social"/>
    <property>
      <code value="dateValid"/>
      <valueDateTime value="2024-09-27T12:00:00+01:00"/>
    </property>
    <property>
      <code value="dateMaj"/>
      <valueDateTime value="2024-09-27T12:00:00+01:00"/>
    </property>
  </concept>
  <concept>
    <code value="ETABLISSEMENT"/>
    <display value="Etablissement de santé"/>
    <designation>
      <language value="fr-FR"/>
      <use>
        <system value="http://snomed.info/sct"/>
        <code value="900000000000013009"/>
      </use>
      <value value="Etab de santé"/>
    </designation>
    <property>
      <code value="dateValid"/>
      <valueDateTime value="2016-05-19T00:00:00+01:00"/>
    </property>
    <property>
      <code value="dateMaj"/>
      <valueDateTime value="2016-05-19T00:00:00+01:00"/>
    </property>
  </concept>
  <concept>
    <code value="HAD"/>
    <display value="Hospitalisation à domicile"/>
    <designation>
      <language value="fr-FR"/>
      <use>
        <system value="http://snomed.info/sct"/>
        <code value="900000000000013009"/>
      </use>
      <value value="Hosp à domicile"/>
    </designation>
    <property>
      <code value="dateValid"/>
      <valueDateTime value="2016-05-19T00:00:00+01:00"/>
    </property>
    <property>
      <code value="dateMaj"/>
      <valueDateTime value="2016-05-19T00:00:00+01:00"/>
    </property>
  </concept>
  <concept>
    <code value="MAD"/>
    <display value="Maintien à domicile"/>
    <property>
      <code value="dateValid"/>
      <valueDateTime value="2016-05-19T00:00:00+01:00"/>
    </property>
    <property>
      <code value="dateMaj"/>
      <valueDateTime value="2016-05-19T00:00:00+01:00"/>
    </property>
  </concept>
  <concept>
    <code value="PALLIATIF"/>
    <display value="Soins palliatifs"/>
    <property>
      <code value="dateValid"/>
      <valueDateTime value="2016-05-19T00:00:00+01:00"/>
    </property>
    <property>
      <code value="dateMaj"/>
      <valueDateTime value="2016-05-19T00:00:00+01:00"/>
    </property>
  </concept>
  <concept>
    <code value="SAD"/>
    <display value="Soins à domicile"/>
    <property>
      <code value="dateValid"/>
      <valueDateTime value="2016-05-19T00:00:00+01:00"/>
    </property>
    <property>
      <code value="dateMaj"/>
      <valueDateTime value="2016-05-19T00:00:00+01:00"/>
    </property>
  </concept>
  <concept>
    <code value="SAMU_SMUR"/>
    <display value="SAMU/SMUR"/>
    <property>
      <code value="dateValid"/>
      <valueDateTime value="2016-05-19T00:00:00+01:00"/>
    </property>
    <property>
      <code value="dateMaj"/>
      <valueDateTime value="2016-05-19T00:00:00+01:00"/>
    </property>
  </concept>
</CodeSystem>