<?xml version="1.0" encoding="UTF-8"?>

<CodeSystem xmlns="http://hl7.org/fhir">
  <id value="TRE-R327-TypeDecision"/>
  <meta>
    <versionId value="5"/>
    <lastUpdated value="2024-08-28T05:13:30.491+00:00"/>
    <profile value="http://hl7.org/fhir/StructureDefinition/shareablecodesystem"/>
  </meta>
  <text>
    <status value="generated"/><div xmlns="http://www.w3.org/1999/xhtml"><p class="res-header-id"><b>Generated Narrative: CodeSystem TRE-R327-TypeDecision</b></p><a name="TRE-R327-TypeDecision"> </a><a name="hcTRE-R327-TypeDecision"> </a><a name="TRE-R327-TypeDecision-fr-FR"> </a><div style="display: inline-block; background-color: #d9e0e7; padding: 6px; margin: 4px; border: 1px solid #8da1b4; border-radius: 5px; line-height: 60%"><p style="margin-bottom: 0px">version: 5; Last updated: 2024-08-28 05:13:30+0000</p><p style="margin-bottom: 0px">Profil: <a href="http://hl7.org/fhir/R4/shareablecodesystem.html">Shareable CodeSystem</a></p></div><p><b>Propriétés</b></p><p><b>Cette terminologie de référence (CodeSystem) définit les propriétés suivantes pour ses concepts</b></p><table class="grid"><tr><td><b>Nom</b></td><td><b>Code</b></td><td><b>Type</b></td><td><b>Description</b></td></tr><tr><td>dateValid</td><td>dateValid</td><td>dateTime</td><td>date de validité d'un code concept</td></tr><tr><td>dateMaj</td><td>dateMaj</td><td>dateTime</td><td>Date de mise à jour d'un code concept</td></tr><tr><td>dateFin</td><td>dateFin</td><td>dateTime</td><td>Date de fin d'exploitation d'un code concept</td></tr></table><p><b>Concepts</b></p><p>This case-insensitive code system <code>https://mos.esante.gouv.fr/NOS/TRE_R327-TypeDecision/FHIR/TRE-R327-TypeDecision</code> defines the following codes:</p><table class="codes"><tr><td style="white-space:nowrap"><b>Code</b></td><td><b>Display</b></td><td><b>Définition</b></td><td><b>dateValid</b></td><td><b>dateMaj</b></td></tr><tr><td style="white-space:nowrap">1<a name="TRE-R327-TypeDecision-1"> </a></td><td>Attribution</td><td>La CDAPH a décidé d'attribuer un droit ou une prestation à l'usager</td><td>2021-09-24T12:00:00+01:00</td><td>2021-09-24T12:00:00+01:00</td></tr><tr><td style="white-space:nowrap">2<a name="TRE-R327-TypeDecision-2"> </a></td><td>Rejet</td><td>La CDAPH a décidé de rejeter une demande de compensation ou un recours</td><td>2021-09-24T12:00:00+01:00</td><td>2021-09-24T12:00:00+01:00</td></tr><tr><td style="white-space:nowrap">3<a name="TRE-R327-TypeDecision-3"> </a></td><td>Sursis</td><td>La CDAPH a sursis à sa décision parce qu'elle estime ne pas avoir suffisamment d'éléments pour statuer. L'équipe pluridisciplinaire devra apporter les informations manquantes et/ou faire de nouvelles propositions.</td><td>2021-09-24T12:00:00+01:00</td><td>2021-09-24T12:00:00+01:00</td></tr><tr><td style="white-space:nowrap">4<a name="TRE-R327-TypeDecision-4"> </a></td><td>Non attribution supplémentaire</td><td>La CDAPH a pris une décision de &quot;non attribution supplémentaire&quot; lorsque, convoquée plusieurs fois pour prendre les décisions répondant à une demande, elle a décidé de ne rien attribuer lors de la dernière séance</td><td>2021-09-24T12:00:00+01:00</td><td>2021-09-24T12:00:00+01:00</td></tr><tr><td style="white-space:nowrap">5<a name="TRE-R327-TypeDecision-5"> </a></td><td>Clôture de droit</td><td>La CDAPH, déterminant qu'un usager n'est plus éligible à un droit précédemment attribué ou considérant que le droit n'apporte plus une réponse adaptée aux besoins de l'usager, a décidé de mettre fin à ce droit</td><td>2021-09-24T12:00:00+01:00</td><td>2021-09-24T12:00:00+01:00</td></tr></table></div>
  </text>
  <extension url="http://hl7.org/fhir/StructureDefinition/resource-effectivePeriod">
    <valuePeriod>
      <start value="2021-09-24T12:00:00+01:00"/>
    </valuePeriod>
  </extension>
  <url value="https://mos.esante.gouv.fr/NOS/TRE_R327-TypeDecision/FHIR/TRE-R327-TypeDecision"/>
  <identifier>
    <system value="urn:ietf:rfc:3986"/>
    <value value="urn:oid:1.2.250.1.213.3.3.82"/>
  </identifier>
  <version value="20240329120000"/>
  <name value="TRE_R327_TypeDecision"/>
  <status value="active"/>
  <experimental value="false"/>
  <date value="2024-03-29T12:00:00+01:00"/>
  <publisher value="Agence du Numérique en Santé (ANS) - 2-10 Rue d'Oradour-sur-Glane, 75015 Paris"/>
  <description value="Caractérise le type de décision prise par la CDAPH en réponse à une demande de compensation d'un usager (individu ou représentant légal), à une demande de révision par un tiers ou à un recours administratif préalable obligatoire (RAPO) d'un usager"/>
  <jurisdiction>
    <coding>
      <system value="urn:iso:std:iso:3166"/>
      <code value="FR"/>
    </coding>
  </jurisdiction>
  <caseSensitive value="false"/>
  <content value="complete"/>
  <property>
    <code value="dateValid"/>
    <description value="date de validité d'un code concept"/>
    <type value="dateTime"/>
  </property>
  <property>
    <code value="dateMaj"/>
    <description value="Date de mise à jour d'un code concept"/>
    <type value="dateTime"/>
  </property>
  <property>
    <code value="dateFin"/>
    <description value="Date de fin d'exploitation d'un code concept"/>
    <type value="dateTime"/>
  </property>
  <concept>
    <code value="1"/>
    <display value="Attribution"/>
    <definition value="La CDAPH a décidé d'attribuer un droit ou une prestation à l'usager"/>
    <property>
      <code value="dateValid"/>
      <valueDateTime value="2021-09-24T12:00:00+01:00"/>
    </property>
    <property>
      <code value="dateMaj"/>
      <valueDateTime value="2021-09-24T12:00:00+01:00"/>
    </property>
  </concept>
  <concept>
    <code value="2"/>
    <display value="Rejet"/>
    <definition value="La CDAPH a décidé de rejeter une demande de compensation ou un recours"/>
    <property>
      <code value="dateValid"/>
      <valueDateTime value="2021-09-24T12:00:00+01:00"/>
    </property>
    <property>
      <code value="dateMaj"/>
      <valueDateTime value="2021-09-24T12:00:00+01:00"/>
    </property>
  </concept>
  <concept>
    <code value="3"/>
    <display value="Sursis"/>
    <definition value="La CDAPH a sursis à sa décision parce qu'elle estime ne pas avoir suffisamment d'éléments pour statuer. L'équipe pluridisciplinaire devra apporter les informations manquantes et/ou faire de nouvelles propositions."/>
    <property>
      <code value="dateValid"/>
      <valueDateTime value="2021-09-24T12:00:00+01:00"/>
    </property>
    <property>
      <code value="dateMaj"/>
      <valueDateTime value="2021-09-24T12:00:00+01:00"/>
    </property>
  </concept>
  <concept>
    <code value="4"/>
    <display value="Non attribution supplémentaire"/>
    <definition value="La CDAPH a pris une décision de &quot;non attribution supplémentaire&quot; lorsque, convoquée plusieurs fois pour prendre les décisions répondant à une demande, elle a décidé de ne rien attribuer lors de la dernière séance"/>
    <property>
      <code value="dateValid"/>
      <valueDateTime value="2021-09-24T12:00:00+01:00"/>
    </property>
    <property>
      <code value="dateMaj"/>
      <valueDateTime value="2021-09-24T12:00:00+01:00"/>
    </property>
  </concept>
  <concept>
    <code value="5"/>
    <display value="Clôture de droit"/>
    <definition value="La CDAPH, déterminant qu'un usager n'est plus éligible à un droit précédemment attribué ou considérant que le droit n'apporte plus une réponse adaptée aux besoins de l'usager, a décidé de mettre fin à ce droit"/>
    <property>
      <code value="dateValid"/>
      <valueDateTime value="2021-09-24T12:00:00+01:00"/>
    </property>
    <property>
      <code value="dateMaj"/>
      <valueDateTime value="2021-09-24T12:00:00+01:00"/>
    </property>
  </concept>
</CodeSystem>