<?xml version="1.0" encoding="UTF-8"?>

<CodeSystem xmlns="http://hl7.org/fhir">
  <id value="TRE-R354-TypeIdentifiantRessourceOperationnelle"/>
  <meta>
    <versionId value="6"/>
    <lastUpdated value="2025-07-02T18:17:51.362+00:00"/>
    <profile value="http://hl7.org/fhir/StructureDefinition/shareablecodesystem|4.0.1"/>
  </meta>
  <text>
    <status value="generated"/><div xmlns="http://www.w3.org/1999/xhtml"><p class="res-header-id"><b>Narratif généré : CodeSystem TRE-R354-TypeIdentifiantRessourceOperationnelle</b></p><a name="TRE-R354-TypeIdentifiantRessourceOperationnelle"> </a><a name="hcTRE-R354-TypeIdentifiantRessourceOperationnelle"> </a><div style="display: inline-block; background-color: #d9e0e7; padding: 6px; margin: 4px; border: 1px solid #8da1b4; border-radius: 5px; line-height: 60%"><p style="margin-bottom: 0px">version: 5; Dernière mise à jour : 2024-08-28 05:13:44+0000</p><p style="margin-bottom: 0px">Profil: <a href="http://hl7.org/fhir/R4/shareablecodesystem.html">Shareable CodeSystem</a></p></div><p><b>Propriétés</b></p><p><b>Cette terminologie de référence (CodeSystem) définit les propriétés suivantes pour ses concepts</b></p><table class="grid"><tr><td><b>Nom</b></td><td><b>Code</b></td><td><b>Type</b></td><td><b>Description</b></td></tr><tr><td>dateValid</td><td>dateValid</td><td>dateTime</td><td>date de validité d'un code concept</td></tr><tr><td>dateMaj</td><td>dateMaj</td><td>dateTime</td><td>Date de mise à jour d'un code concept</td></tr><tr><td>dateFin</td><td>dateFin</td><td>dateTime</td><td>Date de fin d'exploitation d'un code concept</td></tr></table><p><b>Concepts</b></p><p>This case-insensitive code system <code>https://mos.esante.gouv.fr/NOS/TRE_R354-TypeIdentifiantRessourceOperationnelle/FHIR/TRE-R354-TypeIdentifiantRessourceOperationnelle</code> defines the following codes:</p><table class="codes"><tr><td style="white-space:nowrap"><b>Code</b></td><td><b>Display</b></td><td><b>Définition</b></td><td><b>dateValid</b></td><td><b>dateMaj</b></td><td><b>French (France) (fr)</b></td></tr><tr><td style="white-space:nowrap">25<a name="TRE-R354-TypeIdentifiantRessourceOperationnelle-25"> </a></td><td>Identifiant du lieu de réalisation de l'offre connu par l'instance ROR</td><td>Correspond à l'identifiant du lieu, appelé identifiant du point de saisie dans le service de synchronisation du capacitaire</td><td>2023-03-31T12:00:00+01:00</td><td>2023-03-31T12:00:00+01:00</td><td>RORR_PTSAI _LOCID</td></tr><tr><td style="white-space:nowrap">26<a name="TRE-R354-TypeIdentifiantRessourceOperationnelle-26"> </a></td><td>Identifiant de la zone d'hébergement connu par l'établissement</td><td>Identifiant connu par l'établissement dans son SI (Bed management, …) et correspondant à l'Id Externe de Synchro dans le service de synchronisation du capacitaire</td><td>2023-03-31T12:00:00+01:00</td><td>2023-03-31T12:00:00+01:00</td><td>RORR_ETAB_ LOCID</td></tr></table></div>
  </text>
  <extension url="http://hl7.org/fhir/StructureDefinition/resource-effectivePeriod">
    <valuePeriod>
      <start value="2023-03-31T12:00:00+01:00"/>
    </valuePeriod>
  </extension>
  <url value="https://mos.esante.gouv.fr/NOS/TRE_R354-TypeIdentifiantRessourceOperationnelle/FHIR/TRE-R354-TypeIdentifiantRessourceOperationnelle"/>
  <identifier>
    <system value="urn:ietf:rfc:3986"/>
    <value value="urn:oid:1.2.250.1.213.3.3.244"/>
  </identifier>
  <version value="20240329120000"/>
  <name value="TRE_R354_TypeIdentifiantRessourceOperationnelle"/>
  <status value="active"/>
  <experimental value="false"/>
  <date value="2024-03-29T12:00:00+01:00"/>
  <publisher value="Agence du Numérique en Santé (ANS) - 2-10 Rue d'Oradour-sur-Glane, 75015 Paris"/>
  <description value="Type d'identifiant des ressources opérationnelles"/>
  <jurisdiction>
    <coding>
      <system value="urn:iso:std:iso:3166"/>
      <code value="FRA"/>
    </coding>
  </jurisdiction>
  <caseSensitive value="false"/>
  <content value="complete"/>
  <property>
    <code value="dateValid"/>
    <description value="date de validité d'un code concept"/>
    <type value="dateTime"/>
  </property>
  <property>
    <code value="dateMaj"/>
    <description value="Date de mise à jour d'un code concept"/>
    <type value="dateTime"/>
  </property>
  <property>
    <code value="dateFin"/>
    <description value="Date de fin d'exploitation d'un code concept"/>
    <type value="dateTime"/>
  </property>
  <property>
    <code value="deprecationDate"/>
    <uri value="http://hl7.org/fhir/concept-properties#deprecationDate"/>
    <description value="Date Concept was deprecated"/>
    <type value="dateTime"/>
  </property>
  <property>
    <code value="status"/>
    <uri value="http://hl7.org/fhir/concept-properties#status"/>
    <description value="A property that indicates the status of the concept."/>
    <type value="code"/>
  </property>
  <property>
    <code value="retirementDate"/>
    <uri value="http://hl7.org/fhir/concept-properties#retirementDate"/>
    <description value="Date Concept was retired"/>
    <type value="dateTime"/>
  </property>
  <concept>
    <code value="25"/>
    <display value="Identifiant du lieu de réalisation de l'offre connu par l'instance ROR"/>
    <definition value="Correspond à l'identifiant du lieu, appelé identifiant du point de saisie dans le service de synchronisation du capacitaire"/>
    <designation>
      <language value="fr-FR"/>
      <use>
        <system value="http://snomed.info/sct"/>
        <code value="900000000000013009"/>
      </use>
      <value value="RORR_PTSAI _LOCID"/>
    </designation>
    <property>
      <code value="dateValid"/>
      <valueDateTime value="2023-03-31T12:00:00+01:00"/>
    </property>
    <property>
      <code value="dateMaj"/>
      <valueDateTime value="2023-03-31T12:00:00+01:00"/>
    </property>
    <property>
      <code value="status"/>
      <valueCode value="active"/>
    </property>
  </concept>
  <concept>
    <code value="26"/>
    <display value="Identifiant de la zone d'hébergement connu par l'établissement"/>
    <definition value="Identifiant connu par l'établissement dans son SI (Bed management, …) et correspondant à l'Id Externe de Synchro dans le service de synchronisation du capacitaire"/>
    <designation>
      <language value="fr-FR"/>
      <use>
        <system value="http://snomed.info/sct"/>
        <code value="900000000000013009"/>
      </use>
      <value value="RORR_ETAB_ LOCID"/>
    </designation>
    <property>
      <code value="dateValid"/>
      <valueDateTime value="2023-03-31T12:00:00+01:00"/>
    </property>
    <property>
      <code value="dateMaj"/>
      <valueDateTime value="2023-03-31T12:00:00+01:00"/>
    </property>
    <property>
      <code value="status"/>
      <valueCode value="active"/>
    </property>
  </concept>
</CodeSystem>