<?xml version="1.0" encoding="UTF-8"?>

<CodeSystem xmlns="http://hl7.org/fhir">
  <id value="TRE-R67-TypeStructure-EJ-EG"/>
  <meta>
    <versionId value="5"/>
    <lastUpdated value="2025-07-02T18:18:40.751+00:00"/>
    <profile value="http://hl7.org/fhir/StructureDefinition/shareablecodesystem"/>
  </meta>
  <text>
    <status value="generated"/><div xmlns="http://www.w3.org/1999/xhtml"><p class="res-header-id"><b>Narratif généré : CodeSystem TRE-R67-TypeStructure-EJ-EG</b></p><a name="TRE-R67-TypeStructure-EJ-EG"> </a><a name="hcTRE-R67-TypeStructure-EJ-EG"> </a><div style="display: inline-block; background-color: #d9e0e7; padding: 6px; margin: 4px; border: 1px solid #8da1b4; border-radius: 5px; line-height: 60%"><p style="margin-bottom: 0px">version: 4; Dernière mise à jour : 2024-08-28 05:14:07+0000</p><p style="margin-bottom: 0px">Profil: <a href="http://hl7.org/fhir/R4/shareablecodesystem.html">Shareable CodeSystem</a></p></div><p><b>Propriétés</b></p><p><b>Cette terminologie de référence (CodeSystem) définit les propriétés suivantes pour ses concepts</b></p><table class="grid"><tr><td><b>Nom</b></td><td><b>Code</b></td><td><b>Type</b></td><td><b>Description</b></td></tr><tr><td>dateValid</td><td>dateValid</td><td>dateTime</td><td>date de validité d'un code concept</td></tr><tr><td>dateMaj</td><td>dateMaj</td><td>dateTime</td><td>Date de mise à jour d'un code concept</td></tr><tr><td>dateFin</td><td>dateFin</td><td>dateTime</td><td>Date de fin d'exploitation d'un code concept</td></tr></table><p><b>Concepts</b></p><p>This case-insensitive code system <code>https://mos.esante.gouv.fr/NOS/TRE_R67-TypeStructure-EJ-EG/FHIR/TRE-R67-TypeStructure-EJ-EG</code> defines the following codes:</p><table class="codes"><tr><td style="white-space:nowrap"><b>Code</b></td><td><b>Display</b></td><td><b>dateValid</b></td><td><b>dateMaj</b></td></tr><tr><td style="white-space:nowrap">EJ<a name="TRE-R67-TypeStructure-EJ-EG-EJ"> </a></td><td>Entité juridique</td><td>2013-04-30T00:00:00+01:00</td><td>2013-04-30T00:00:00+01:00</td></tr><tr><td style="white-space:nowrap">EG<a name="TRE-R67-TypeStructure-EJ-EG-EG"> </a></td><td>Etablissement géographique</td><td>2013-04-30T00:00:00+01:00</td><td>2013-04-30T00:00:00+01:00</td></tr></table></div>
  </text>
  <extension url="http://hl7.org/fhir/StructureDefinition/resource-effectivePeriod">
    <valuePeriod>
      <start value="2013-04-30T00:00:00+01:00"/>
    </valuePeriod>
  </extension>
  <url value="https://mos.esante.gouv.fr/NOS/TRE_R67-TypeStructure-EJ-EG/FHIR/TRE-R67-TypeStructure-EJ-EG"/>
  <identifier>
    <system value="urn:ietf:rfc:3986"/>
    <value value="urn:oid:1.2.250.1.213.1.6.1.62"/>
  </identifier>
  <version value="20231215120000"/>
  <name value="TRE_R67_TypeStructure_EJ_EG"/>
  <status value="active"/>
  <experimental value="false"/>
  <date value="2023-12-15T12:00:00+01:00"/>
  <publisher value="Agence du Numérique en Santé (ANS) - 2-10 Rue d'Oradour-sur-Glane, 75015 Paris"/>
  <description value="Type de structure"/>
  <jurisdiction>
    <coding>
      <system value="urn:iso:std:iso:3166"/>
      <code value="FRA"/>
    </coding>
  </jurisdiction>
  <caseSensitive value="false"/>
  <content value="complete"/>
  <property>
    <code value="dateValid"/>
    <description value="date de validité d'un code concept"/>
    <type value="dateTime"/>
  </property>
  <property>
    <code value="dateMaj"/>
    <description value="Date de mise à jour d'un code concept"/>
    <type value="dateTime"/>
  </property>
  <property>
    <code value="dateFin"/>
    <description value="Date de fin d'exploitation d'un code concept"/>
    <type value="dateTime"/>
  </property>
  <property>
    <code value="deprecationDate"/>
    <uri value="http://hl7.org/fhir/concept-properties#deprecationDate"/>
    <description value="Date Concept was deprecated"/>
    <type value="dateTime"/>
  </property>
  <property>
    <code value="status"/>
    <uri value="http://hl7.org/fhir/concept-properties#status"/>
    <description value="A property that indicates the status of the concept."/>
    <type value="code"/>
  </property>
  <property>
    <code value="retirementDate"/>
    <uri value="http://hl7.org/fhir/concept-properties#retirementDate"/>
    <description value="Date Concept was retired"/>
    <type value="dateTime"/>
  </property>
  <concept>
    <code value="EJ"/>
    <display value="Entité juridique"/>
    <property>
      <code value="dateValid"/>
      <valueDateTime value="2013-04-30T00:00:00+01:00"/>
    </property>
    <property>
      <code value="dateMaj"/>
      <valueDateTime value="2013-04-30T00:00:00+01:00"/>
    </property>
    <property>
      <code value="status"/>
      <valueCode value="active"/>
    </property>
  </concept>
  <concept>
    <code value="EG"/>
    <display value="Etablissement géographique"/>
    <property>
      <code value="dateValid"/>
      <valueDateTime value="2013-04-30T00:00:00+01:00"/>
    </property>
    <property>
      <code value="dateMaj"/>
      <valueDateTime value="2013-04-30T00:00:00+01:00"/>
    </property>
    <property>
      <code value="status"/>
      <valueCode value="active"/>
    </property>
  </concept>
</CodeSystem>