<?xml version="1.0" encoding="UTF-8"?>

<CodeSystem xmlns="http://hl7.org/fhir">
  <id value="TRE-R271-TypeRequete"/>
  <meta>
    <versionId value="5"/>
    <lastUpdated value="2025-07-02T18:16:55.958+00:00"/>
    <profile value="http://hl7.org/fhir/StructureDefinition/shareablecodesystem"/>
  </meta>
  <text>
    <status value="generated"/><div xmlns="http://www.w3.org/1999/xhtml"><p class="res-header-id"><b>Narratif généré : CodeSystem TRE-R271-TypeRequete</b></p><a name="TRE-R271-TypeRequete"> </a><a name="hcTRE-R271-TypeRequete"> </a><div style="display: inline-block; background-color: #d9e0e7; padding: 6px; margin: 4px; border: 1px solid #8da1b4; border-radius: 5px; line-height: 60%"><p style="margin-bottom: 0px">version: 4; Dernière mise à jour : 2024-08-28 05:12:59+0000</p><p style="margin-bottom: 0px">Profil: <a href="http://hl7.org/fhir/R4/shareablecodesystem.html">Shareable CodeSystem</a></p></div><p><b>Propriétés</b></p><p><b>Cette terminologie de référence (CodeSystem) définit les propriétés suivantes pour ses concepts</b></p><table class="grid"><tr><td><b>Nom</b></td><td><b>Code</b></td><td><b>Type</b></td><td><b>Description</b></td></tr><tr><td>dateValid</td><td>dateValid</td><td>dateTime</td><td>date de validité d'un code concept</td></tr><tr><td>dateMaj</td><td>dateMaj</td><td>dateTime</td><td>Date de mise à jour d'un code concept</td></tr><tr><td>dateFin</td><td>dateFin</td><td>dateTime</td><td>Date de fin d'exploitation d'un code concept</td></tr></table><p><b>Concepts</b></p><p>This case-insensitive code system <code>https://mos.esante.gouv.fr/NOS/TRE_R271-TypeRequete/FHIR/TRE-R271-TypeRequete</code> defines the following codes:</p><table class="codes"><tr><td style="white-space:nowrap"><b>Code</b></td><td><b>Display</b></td><td><b>dateValid</b></td><td><b>dateMaj</b></td></tr><tr><td style="white-space:nowrap">TEST_EXST<a name="TRE-R271-TypeRequete-TEST_EXST"> </a></td><td>Test d'existence de dossier</td><td>2018-06-29T12:00:00+01:00</td><td>2018-06-29T12:00:00+01:00</td></tr><tr><td style="white-space:nowrap">CREA_RD<a name="TRE-R271-TypeRequete-CREA_RD"> </a></td><td>Création de dossier</td><td>2018-06-29T12:00:00+01:00</td><td>2018-06-29T12:00:00+01:00</td></tr><tr><td style="white-space:nowrap">CNSLT_DATA<a name="TRE-R271-TypeRequete-CNSLT_DATA"> </a></td><td>Consultation des données de gestion de dossier</td><td>2018-06-29T12:00:00+01:00</td><td>2018-06-29T12:00:00+01:00</td></tr><tr><td style="white-space:nowrap">MODIF_DATA<a name="TRE-R271-TypeRequete-MODIF_DATA"> </a></td><td>Modification des données de gestion du dossier</td><td>2018-06-29T12:00:00+01:00</td><td>2018-06-29T12:00:00+01:00</td></tr><tr><td style="white-space:nowrap">FERM<a name="TRE-R271-TypeRequete-FERM"> </a></td><td>Fermeture de dossier</td><td>2018-06-29T12:00:00+01:00</td><td>2018-06-29T12:00:00+01:00</td></tr><tr><td style="white-space:nowrap">REAC<a name="TRE-R271-TypeRequete-REAC"> </a></td><td>Réactivation de dossier</td><td>2018-06-29T12:00:00+01:00</td><td>2018-06-29T12:00:00+01:00</td></tr></table></div>
  </text>
  <extension url="http://hl7.org/fhir/StructureDefinition/resource-effectivePeriod">
    <valuePeriod>
      <start value="2018-06-29T12:00:00+01:00"/>
    </valuePeriod>
  </extension>
  <url value="https://mos.esante.gouv.fr/NOS/TRE_R271-TypeRequete/FHIR/TRE-R271-TypeRequete"/>
  <identifier>
    <system value="urn:ietf:rfc:3986"/>
    <value value="urn:oid:1.2.250.1.213.1.1.4.11"/>
  </identifier>
  <version value="20231215120000"/>
  <name value="TRE_R271_TypeRequete"/>
  <status value="active"/>
  <experimental value="false"/>
  <date value="2023-12-15T12:00:00+01:00"/>
  <publisher value="Agence du Numérique en Santé (ANS) - 2-10 Rue d'Oradour-sur-Glane, 75015 Paris"/>
  <description value="Code de type requêtes"/>
  <jurisdiction>
    <coding>
      <system value="urn:iso:std:iso:3166"/>
      <code value="FRA"/>
    </coding>
  </jurisdiction>
  <caseSensitive value="false"/>
  <content value="complete"/>
  <property>
    <code value="dateValid"/>
    <description value="date de validité d'un code concept"/>
    <type value="dateTime"/>
  </property>
  <property>
    <code value="dateMaj"/>
    <description value="Date de mise à jour d'un code concept"/>
    <type value="dateTime"/>
  </property>
  <property>
    <code value="dateFin"/>
    <description value="Date de fin d'exploitation d'un code concept"/>
    <type value="dateTime"/>
  </property>
  <property>
    <code value="deprecationDate"/>
    <uri value="http://hl7.org/fhir/concept-properties#deprecationDate"/>
    <description value="Date Concept was deprecated"/>
    <type value="dateTime"/>
  </property>
  <property>
    <code value="status"/>
    <uri value="http://hl7.org/fhir/concept-properties#status"/>
    <description value="A property that indicates the status of the concept."/>
    <type value="code"/>
  </property>
  <property>
    <code value="retirementDate"/>
    <uri value="http://hl7.org/fhir/concept-properties#retirementDate"/>
    <description value="Date Concept was retired"/>
    <type value="dateTime"/>
  </property>
  <concept>
    <code value="TEST_EXST"/>
    <display value="Test d'existence de dossier"/>
    <property>
      <code value="dateValid"/>
      <valueDateTime value="2018-06-29T12:00:00+01:00"/>
    </property>
    <property>
      <code value="dateMaj"/>
      <valueDateTime value="2018-06-29T12:00:00+01:00"/>
    </property>
    <property>
      <code value="status"/>
      <valueCode value="active"/>
    </property>
  </concept>
  <concept>
    <code value="CREA_RD"/>
    <display value="Création de dossier"/>
    <property>
      <code value="dateValid"/>
      <valueDateTime value="2018-06-29T12:00:00+01:00"/>
    </property>
    <property>
      <code value="dateMaj"/>
      <valueDateTime value="2018-06-29T12:00:00+01:00"/>
    </property>
    <property>
      <code value="status"/>
      <valueCode value="active"/>
    </property>
  </concept>
  <concept>
    <code value="CNSLT_DATA"/>
    <display value="Consultation des données de gestion de dossier"/>
    <property>
      <code value="dateValid"/>
      <valueDateTime value="2018-06-29T12:00:00+01:00"/>
    </property>
    <property>
      <code value="dateMaj"/>
      <valueDateTime value="2018-06-29T12:00:00+01:00"/>
    </property>
    <property>
      <code value="status"/>
      <valueCode value="active"/>
    </property>
  </concept>
  <concept>
    <code value="MODIF_DATA"/>
    <display value="Modification des données de gestion du dossier"/>
    <property>
      <code value="dateValid"/>
      <valueDateTime value="2018-06-29T12:00:00+01:00"/>
    </property>
    <property>
      <code value="dateMaj"/>
      <valueDateTime value="2018-06-29T12:00:00+01:00"/>
    </property>
    <property>
      <code value="status"/>
      <valueCode value="active"/>
    </property>
  </concept>
  <concept>
    <code value="FERM"/>
    <display value="Fermeture de dossier"/>
    <property>
      <code value="dateValid"/>
      <valueDateTime value="2018-06-29T12:00:00+01:00"/>
    </property>
    <property>
      <code value="dateMaj"/>
      <valueDateTime value="2018-06-29T12:00:00+01:00"/>
    </property>
    <property>
      <code value="status"/>
      <valueCode value="active"/>
    </property>
  </concept>
  <concept>
    <code value="REAC"/>
    <display value="Réactivation de dossier"/>
    <property>
      <code value="dateValid"/>
      <valueDateTime value="2018-06-29T12:00:00+01:00"/>
    </property>
    <property>
      <code value="dateMaj"/>
      <valueDateTime value="2018-06-29T12:00:00+01:00"/>
    </property>
    <property>
      <code value="status"/>
      <valueCode value="active"/>
    </property>
  </concept>
</CodeSystem>