<?xml version="1.0" encoding="UTF-8"?>

<CodeSystem xmlns="http://hl7.org/fhir">
  <id value="TRE-R302-ContexteCodeComplementaire"/>
  <meta>
    <versionId value="3"/>
    <lastUpdated value="2024-08-28T05:13:18.448+00:00"/>
    <profile value="http://hl7.org/fhir/StructureDefinition/shareablecodesystem"/>
  </meta>
  <text>
    <status value="generated"/><div xmlns="http://www.w3.org/1999/xhtml"><p class="res-header-id"><b>Generated Narrative: CodeSystem TRE-R302-ContexteCodeComplementaire</b></p><a name="TRE-R302-ContexteCodeComplementaire"> </a><a name="hcTRE-R302-ContexteCodeComplementaire"> </a><a name="TRE-R302-ContexteCodeComplementaire-fr-FR"> </a><div style="display: inline-block; background-color: #d9e0e7; padding: 6px; margin: 4px; border: 1px solid #8da1b4; border-radius: 5px; line-height: 60%"><p style="margin-bottom: 0px">version: 3; Last updated: 2024-08-28 05:13:18+0000</p><p style="margin-bottom: 0px">Profil: <a href="http://hl7.org/fhir/R4/shareablecodesystem.html">Shareable CodeSystem</a></p></div><p><b>Propriétés</b></p><p><b>Cette terminologie de référence (CodeSystem) définit les propriétés suivantes pour ses concepts</b></p><table class="grid"><tr><td><b>Nom</b></td><td><b>Code</b></td><td><b>Type</b></td><td><b>Description</b></td></tr><tr><td>dateValid</td><td>dateValid</td><td>dateTime</td><td>date de validité d'un code concept</td></tr><tr><td>dateMaj</td><td>dateMaj</td><td>dateTime</td><td>Date de mise à jour d'un code concept</td></tr><tr><td>dateFin</td><td>dateFin</td><td>dateTime</td><td>Date de fin d'exploitation d'un code concept</td></tr></table><p><b>Concepts</b></p><p>This case-insensitive code system <code>https://mos.esante.gouv.fr/NOS/TRE_R302-ContexteCodeComplementaire/FHIR/TRE-R302-ContexteCodeComplementaire</code> defines the following codes:</p><table class="codes"><tr><td style="white-space:nowrap"><b>Code</b></td><td><b>Display</b></td><td><b>Définition</b></td><td><b>dateValid</b></td><td><b>dateMaj</b></td><td><b>French (France) (fr)</b></td></tr><tr><td style="white-space:nowrap">01<a name="TRE-R302-ContexteCodeComplementaire-01"> </a></td><td>Non renseigné</td><td/><td>2020-08-28T12:00:00+01:00</td><td>2020-08-28T12:00:00+01:00</td><td/></tr><tr><td style="white-space:nowrap">02<a name="TRE-R302-ContexteCodeComplementaire-02"> </a></td><td>Autre</td><td>Tout ce qui n'est pas listé de façon exhaustive dans la liste de codes</td><td>2020-08-28T12:00:00+01:00</td><td>2020-08-28T12:00:00+01:00</td><td/></tr><tr><td style="white-space:nowrap">AUT<a name="TRE-R302-ContexteCodeComplementaire-AUT"> </a></td><td>Autre motif</td><td/><td>2020-11-27T12:00:00+01:00</td><td>2020-11-27T12:00:00+01:00</td><td/></tr><tr><td style="white-space:nowrap">CHA<a name="TRE-R302-ContexteCodeComplementaire-CHA"> </a></td><td>Changement d'activité</td><td/><td>2020-11-27T12:00:00+01:00</td><td>2020-11-27T12:00:00+01:00</td><td/></tr><tr><td style="white-space:nowrap">def<a name="TRE-R302-ContexteCodeComplementaire-def"> </a></td><td>Rejet par votre gestionnaire</td><td/><td>2020-11-27T12:00:00+01:00</td><td>2020-11-27T12:00:00+01:00</td><td>Rejet par votre gestionnaire d'autorité d'enregistrement</td></tr></table></div>
  </text>
  <extension url="http://hl7.org/fhir/StructureDefinition/resource-effectivePeriod">
    <valuePeriod>
      <start value="2020-08-28T12:00:00+01:00"/>
    </valuePeriod>
  </extension>
  <url value="https://mos.esante.gouv.fr/NOS/TRE_R302-ContexteCodeComplementaire/FHIR/TRE-R302-ContexteCodeComplementaire"/>
  <identifier>
    <system value="urn:ietf:rfc:3986"/>
    <value value="urn:oid:1.2.250.1.213.3.3.70"/>
  </identifier>
  <version value="20240426120000"/>
  <name value="TRE_R302_ContexteCodeComplementaire"/>
  <status value="active"/>
  <experimental value="false"/>
  <date value="2024-04-26T12:00:00+01:00"/>
  <publisher value="Agence du Numérique en Santé (ANS) - 2-10 Rue d'Oradour-sur-Glane, 75015 Paris"/>
  <description value="Liste des codes complémentaires utilisables dans un contexte particulier"/>
  <jurisdiction>
    <coding>
      <system value="urn:iso:std:iso:3166"/>
      <code value="FR"/>
    </coding>
  </jurisdiction>
  <caseSensitive value="false"/>
  <content value="complete"/>
  <property>
    <code value="dateValid"/>
    <description value="date de validité d'un code concept"/>
    <type value="dateTime"/>
  </property>
  <property>
    <code value="dateMaj"/>
    <description value="Date de mise à jour d'un code concept"/>
    <type value="dateTime"/>
  </property>
  <property>
    <code value="dateFin"/>
    <description value="Date de fin d'exploitation d'un code concept"/>
    <type value="dateTime"/>
  </property>
  <concept>
    <code value="01"/>
    <display value="Non renseigné"/>
    <property>
      <code value="dateValid"/>
      <valueDateTime value="2020-08-28T12:00:00+01:00"/>
    </property>
    <property>
      <code value="dateMaj"/>
      <valueDateTime value="2020-08-28T12:00:00+01:00"/>
    </property>
  </concept>
  <concept>
    <code value="02"/>
    <display value="Autre"/>
    <definition value="Tout ce qui n'est pas listé de façon exhaustive dans la liste de codes"/>
    <property>
      <code value="dateValid"/>
      <valueDateTime value="2020-08-28T12:00:00+01:00"/>
    </property>
    <property>
      <code value="dateMaj"/>
      <valueDateTime value="2020-08-28T12:00:00+01:00"/>
    </property>
  </concept>
  <concept>
    <code value="AUT"/>
    <display value="Autre motif"/>
    <property>
      <code value="dateValid"/>
      <valueDateTime value="2020-11-27T12:00:00+01:00"/>
    </property>
    <property>
      <code value="dateMaj"/>
      <valueDateTime value="2020-11-27T12:00:00+01:00"/>
    </property>
  </concept>
  <concept>
    <code value="CHA"/>
    <display value="Changement d'activité"/>
    <property>
      <code value="dateValid"/>
      <valueDateTime value="2020-11-27T12:00:00+01:00"/>
    </property>
    <property>
      <code value="dateMaj"/>
      <valueDateTime value="2020-11-27T12:00:00+01:00"/>
    </property>
  </concept>
  <concept>
    <code value="def"/>
    <display value="Rejet par votre gestionnaire"/>
    <designation>
      <language value="fr-FR"/>
      <use>
        <system value="http://snomed.info/sct"/>
        <code value="900000000000013009"/>
      </use>
      <value value="Rejet par votre gestionnaire d'autorité d'enregistrement"/>
    </designation>
    <property>
      <code value="dateValid"/>
      <valueDateTime value="2020-11-27T12:00:00+01:00"/>
    </property>
    <property>
      <code value="dateMaj"/>
      <valueDateTime value="2020-11-27T12:00:00+01:00"/>
    </property>
  </concept>
</CodeSystem>