<?xml version="1.0" encoding="UTF-8"?>
<RetrieveValueSetResponse xmlns="urn:ihe:iti:svs:2008"
                          xmlns:xsi="http://www.w3.org/2001/XMLSchema-instance">
   <ValueSet dateFin=""
             dateMaj="20230404000000"
             dateValid="20210315000000"
             description="JDV_Poumon_Type_histologique_lesion_neoplasique_maligne_invasive_CISIS"
             displayName="JDV_Poumon_Type_histologique_lesion_neoplasique_maligne_invasive_CISIS"
             id="1.2.250.1.213.1.1.5.394"
             typeFichier="JDV"
             urlFichier="">
      <ConceptList>
         <Concept code="965" codeSystem="" displayName="Carcinome épidermoïde"/>
         <Concept code="966" codeSystem="" displayName="Adénocarcinome"/>
         <Concept code="967" codeSystem="" displayName="Carcinome à grandes cellules"/>
         <Concept code="968" codeSystem="" displayName="Carcinome à petites cellules"/>
         <Concept code="969" codeSystem="" displayName="Carcinome adénosquameux"/>
         <Concept code="970" codeSystem="" displayName="Carcinome sarcomatoïde"/>
         <Concept code="971" codeSystem="" displayName="Tumeur carcinoïde"/>
         <Concept code="972"
                  codeSystem=""
                  displayName="Tumeur des glandes bronchiques"/>
      </ConceptList>
   </ValueSet>
</RetrieveValueSetResponse>
