<?xml version="1.0" encoding="UTF-8"?>
<RetrieveValueSetResponse xmlns="urn:ihe:iti:svs:2008"
                          xmlns:xsi="http://www.w3.org/2001/XMLSchema-instance">
   <ValueSet dateFin=""
             dateMaj="20241213000000"
             dateValid="20210315000000"
             description="AVC_InterpretationScoreFisher"
             displayName="AVC_InterpretationScoreFisher"
             id="1.2.250.1.213.1.1.4.321.46"
             typeFichier="JDV"
             urlFichier="">
      <ConceptList>
         <concept code="AVC-166" codeSystem="" displayName="Absence de sang"/>
         <concept code="AVC-167"
                  codeSystem=""
                  displayName="Dépôts de moins de 1 mm d'épaisseur"/>
         <concept code="AVC-168"
                  codeSystem=""
                  displayName="Dépôts de plus de 1 mm d'épaisseur"/>
         <concept code="AVC-169"
                  codeSystem=""
                  displayName="Hématome parenchymateux ou hémorragie ventriculaire"/>
      </ConceptList>
   </ValueSet>
</RetrieveValueSetResponse>
