<?xml version="1.0" encoding="UTF-8"?>
<RetrieveValueSetResponse xmlns="urn:ihe:iti:svs:2008"
                          xmlns:xsi="http://www.w3.org/2001/XMLSchema-instance">
   <ValueSet dateFin=""
             dateMaj="20221231000000"
             dateValid="20210315000000"
             description="JDV_ANRCPAppareil_CISIS"
             displayName="JDV_ANRCPAppareil_CISIS"
             id="1.2.250.1.213.1.1.4.2.281.23"
             typeFichier="JDV"
             urlFichier="">
      <ConceptList>
         <concept code="MED-236"
                  codeSystem="1.2.250.1.213.1.1.4.322"
                  displayName="Voies aéro-digestives supérieures"/>
         <concept code="18723-7" codeSystem="" displayName="Hématologie"/>
         <concept code="T-01000" codeSystem="" displayName="Peau"/>
         <concept code="T-04000" codeSystem="" displayName="Sein"/>
         <concept code="T-11001" codeSystem="" displayName="Os"/>
         <concept code="T-1A000"
                  codeSystem=""
                  displayName="Tissus mous, non classés par ailleurs"/>
         <concept code="T-20000"
                  codeSystem=""
                  displayName="Appareil respiratoire et autres thorax"/>
         <concept code="T-50000" codeSystem="" displayName="Appareil digestif"/>
         <concept code="T-70000" codeSystem="" displayName="Voies urinaires"/>
         <concept code="T-80000"
                  codeSystem=""
                  displayName="Organes génitaux féminins"/>
         <concept code="T-90000"
                  codeSystem=""
                  displayName="Organes génitaux masculins"/>
         <concept code="T-A0000" codeSystem="" displayName="Système nerveux"/>
         <concept code="T-AA000" codeSystem="" displayName="Oeil"/>
         <concept code="T-B0000" codeSystem="" displayName="Glande endocrine"/>
      </ConceptList>
   </ValueSet>
</RetrieveValueSetResponse>
