{
  "resourceType" : "ValueSet",
  "id" : "JDV-J101-SecteurActivite-RASS",
  "meta" : {
    "versionId" : "13",
    "lastUpdated" : "2025-10-02T19:01:53.430+02:00",
    "profile" : ["http://hl7.org/fhir/StructureDefinition/shareablevalueset|4.0.1"]
  },
  "language" : "fr-FR",
  "text" : {
    "status" : "extensions",
    "div" : "<div xml:lang=\"fr-FR\" xmlns=\"http://www.w3.org/1999/xhtml\" lang=\"fr-FR\"><p class=\"res-header-id\"><b>Generated Narrative: ValueSet JDV-J101-SecteurActivite-RASS</b></p><a name=\"JDV-J101-SecteurActivite-RASS\"> </a><a name=\"hcJDV-J101-SecteurActivite-RASS\"> </a><a name=\"JDV-J101-SecteurActivite-RASS-fr-FR\"> </a><div style=\"display: inline-block; background-color: #d9e0e7; padding: 6px; margin: 4px; border: 1px solid #8da1b4; border-radius: 5px; line-height: 60%\"><p style=\"margin-bottom: 0px\">version: 12; Last updated: 2025-09-29 16:32:58+0200; Language: fr-FR</p><p style=\"margin-bottom: 0px\">Profil: <a href=\"http://hl7.org/fhir/R4/shareablevalueset.html\">Shareable ValueSet</a></p></div><ul><li>Include ces codes sont définis dans <a href=\"CodeSystem-TRE-R02-SecteurActivite.html\"><code>https://mos.esante.gouv.fr/NOS/TRE_R02-SecteurActivite/FHIR/TRE-R02-SecteurActivite</code></a><table class=\"none\"><tr><td style=\"white-space:nowrap\"><b>Code</b></td><td><b>Display</b></td><td><b>Définition</b></td></tr><tr><td><a href=\"CodeSystem-TRE-R02-SecteurActivite.html#TRE-R02-SecteurActivite-SA01\">SA01</a></td><td>Etablissement public de santé</td><td/></tr><tr><td><a href=\"CodeSystem-TRE-R02-SecteurActivite.html#TRE-R02-SecteurActivite-SA02\">SA02</a></td><td>Hôpital militaire du Service de santé des armées</td><td/></tr><tr><td><a href=\"CodeSystem-TRE-R02-SecteurActivite.html#TRE-R02-SecteurActivite-SA03\">SA03</a></td><td>Etablissement privé PSPH</td><td/></tr><tr><td><a href=\"CodeSystem-TRE-R02-SecteurActivite.html#TRE-R02-SecteurActivite-SA04\">SA04</a></td><td>Etablissement privé non PSPH</td><td/></tr><tr><td><a href=\"CodeSystem-TRE-R02-SecteurActivite.html#TRE-R02-SecteurActivite-SA05\">SA05</a></td><td>Centre de santé</td><td/></tr><tr><td><a href=\"CodeSystem-TRE-R02-SecteurActivite.html#TRE-R02-SecteurActivite-SA06\">SA06</a></td><td>Autre structure du Service de santé des armées</td><td/></tr><tr><td><a href=\"CodeSystem-TRE-R02-SecteurActivite.html#TRE-R02-SecteurActivite-SA07\">SA07</a></td><td>Cabinet individuel</td><td/></tr><tr><td><a href=\"CodeSystem-TRE-R02-SecteurActivite.html#TRE-R02-SecteurActivite-SA08\">SA08</a></td><td>Cabinet de groupe</td><td/></tr><tr><td><a href=\"CodeSystem-TRE-R02-SecteurActivite.html#TRE-R02-SecteurActivite-SA09\">SA09</a></td><td>Exercice en société</td><td/></tr><tr><td><a href=\"CodeSystem-TRE-R02-SecteurActivite.html#TRE-R02-SecteurActivite-SA10\">SA10</a></td><td>Transporteur sanitaire</td><td/></tr><tr><td><a href=\"CodeSystem-TRE-R02-SecteurActivite.html#TRE-R02-SecteurActivite-SA11\">SA11</a></td><td>Entreprise d'intérim</td><td/></tr><tr><td><a href=\"CodeSystem-TRE-R02-SecteurActivite.html#TRE-R02-SecteurActivite-SA12\">SA12</a></td><td>Etablissement de soins et prévention</td><td/></tr><tr><td><a href=\"CodeSystem-TRE-R02-SecteurActivite.html#TRE-R02-SecteurActivite-SA13\">SA13</a></td><td>Prévention et soins en entreprise</td><td/></tr><tr><td><a href=\"CodeSystem-TRE-R02-SecteurActivite.html#TRE-R02-SecteurActivite-SA14\">SA14</a></td><td>Etablissements scolaires, universitaires et de formation hors champ FINESS</td><td>Etablissements scolaires, universitaires et de formation hors champ FINESS (venant donc en complément des établissements du secteur SA19)</td></tr><tr><td><a href=\"CodeSystem-TRE-R02-SecteurActivite.html#TRE-R02-SecteurActivite-SA15\">SA15</a></td><td>PMI et Planification familiale</td><td/></tr><tr><td><a href=\"CodeSystem-TRE-R02-SecteurActivite.html#TRE-R02-SecteurActivite-SA16\">SA16</a></td><td>Etablissement pour personnes handicapées</td><td/></tr><tr><td><a href=\"CodeSystem-TRE-R02-SecteurActivite.html#TRE-R02-SecteurActivite-SA17\">SA17</a></td><td>Etablissement pour personnes âgées</td><td/></tr><tr><td><a href=\"CodeSystem-TRE-R02-SecteurActivite.html#TRE-R02-SecteurActivite-SA18\">SA18</a></td><td>Etablissement aide à la famille</td><td/></tr><tr><td><a href=\"CodeSystem-TRE-R02-SecteurActivite.html#TRE-R02-SecteurActivite-SA19\">SA19</a></td><td>Etablissements FINESS de formation aux professions sanitaires et sociales</td><td>Etablissements de formation préparant aux diplômes délivrés par l'administration sanitaire et sociale, relevant du répertoire FINESS. Hormis les écoles universitaires de sages-femmes, qui sont dans FINESS, ce secteur ne comprend pas les universités formant aux professions médicales qui sont hors champ FINESS</td></tr><tr><td><a href=\"CodeSystem-TRE-R02-SecteurActivite.html#TRE-R02-SecteurActivite-SA20\">SA20</a></td><td>Etablissement pour la protection de l'enfance</td><td/></tr><tr><td><a href=\"CodeSystem-TRE-R02-SecteurActivite.html#TRE-R02-SecteurActivite-SA21\">SA21</a></td><td>Etablissement d'hébergement et de réadaptation</td><td/></tr><tr><td><a href=\"CodeSystem-TRE-R02-SecteurActivite.html#TRE-R02-SecteurActivite-SA22\">SA22</a></td><td>Recherche</td><td/></tr><tr><td><a href=\"CodeSystem-TRE-R02-SecteurActivite.html#TRE-R02-SecteurActivite-SA23\">SA23</a></td><td>Assurance privée</td><td/></tr><tr><td><a href=\"CodeSystem-TRE-R02-SecteurActivite.html#TRE-R02-SecteurActivite-SA24\">SA24</a></td><td>Organisme de sécurité sociale</td><td/></tr><tr><td><a href=\"CodeSystem-TRE-R02-SecteurActivite.html#TRE-R02-SecteurActivite-SA25\">SA25</a></td><td>Laboratoire de biologie médicale</td><td/></tr><tr><td><a href=\"CodeSystem-TRE-R02-SecteurActivite.html#TRE-R02-SecteurActivite-SA26\">SA26</a></td><td>Ministère ou Service déconcentré</td><td/></tr><tr><td><a href=\"CodeSystem-TRE-R02-SecteurActivite.html#TRE-R02-SecteurActivite-SA27\">SA27</a></td><td>Collectivité territoriale</td><td/></tr><tr><td><a href=\"CodeSystem-TRE-R02-SecteurActivite.html#TRE-R02-SecteurActivite-SA28\">SA28</a></td><td>Association ou organisme humanitaire</td><td/></tr><tr><td><a href=\"CodeSystem-TRE-R02-SecteurActivite.html#TRE-R02-SecteurActivite-SA29\">SA29</a></td><td>Laboratoire d'analyses et de biologie médicale</td><td/></tr><tr><td><a href=\"CodeSystem-TRE-R02-SecteurActivite.html#TRE-R02-SecteurActivite-SA30\">SA30</a></td><td>Autre établissement sanitaire</td><td/></tr><tr><td><a href=\"CodeSystem-TRE-R02-SecteurActivite.html#TRE-R02-SecteurActivite-SA31\">SA31</a></td><td>Répartition et Distribution de médicaments et dispositifs médicaux</td><td/></tr><tr><td><a href=\"CodeSystem-TRE-R02-SecteurActivite.html#TRE-R02-SecteurActivite-SA32\">SA32</a></td><td>Fabrication, Exploitation et Importation de médicaments et dispositifs médicaux</td><td/></tr><tr><td><a href=\"CodeSystem-TRE-R02-SecteurActivite.html#TRE-R02-SecteurActivite-SA33\">SA33</a></td><td>Pharmacie d'officine</td><td/></tr><tr><td><a href=\"CodeSystem-TRE-R02-SecteurActivite.html#TRE-R02-SecteurActivite-SA34\">SA34</a></td><td>Centre de dialyse</td><td/></tr><tr><td><a href=\"CodeSystem-TRE-R02-SecteurActivite.html#TRE-R02-SecteurActivite-SA35\">SA35</a></td><td>Para-pharmacie</td><td/></tr><tr><td><a href=\"CodeSystem-TRE-R02-SecteurActivite.html#TRE-R02-SecteurActivite-SA36\">SA36</a></td><td>Centre anti-cancer</td><td/></tr><tr><td><a href=\"CodeSystem-TRE-R02-SecteurActivite.html#TRE-R02-SecteurActivite-SA37\">SA37</a></td><td>Centre de transfusion sanguine</td><td/></tr><tr><td><a href=\"CodeSystem-TRE-R02-SecteurActivite.html#TRE-R02-SecteurActivite-SA38\">SA38</a></td><td>Pharmacie minière</td><td/></tr><tr><td><a href=\"CodeSystem-TRE-R02-SecteurActivite.html#TRE-R02-SecteurActivite-SA39\">SA39</a></td><td>Pharmacie mutualiste</td><td/></tr><tr><td><a href=\"CodeSystem-TRE-R02-SecteurActivite.html#TRE-R02-SecteurActivite-SA40\">SA40</a></td><td>Secteur privé, praticien hospitalier temps plein</td><td/></tr><tr><td><a href=\"CodeSystem-TRE-R02-SecteurActivite.html#TRE-R02-SecteurActivite-SA41\">SA41</a></td><td>Autre établissement du domaine social ou médico-social</td><td/></tr><tr><td><a href=\"CodeSystem-TRE-R02-SecteurActivite.html#TRE-R02-SecteurActivite-SA42\">SA42</a></td><td>Appareillage médical</td><td/></tr><tr><td><a href=\"CodeSystem-TRE-R02-SecteurActivite.html#TRE-R02-SecteurActivite-SA43\">SA43</a></td><td>Secteur non défini</td><td/></tr><tr><td><a href=\"CodeSystem-TRE-R02-SecteurActivite.html#TRE-R02-SecteurActivite-SA44\">SA44</a></td><td>Recrutement ou Gestion RH</td><td/></tr><tr><td><a href=\"CodeSystem-TRE-R02-SecteurActivite.html#TRE-R02-SecteurActivite-SA45\">SA45</a></td><td>Communication, Marketing, Consulting, Média</td><td/></tr><tr><td><a href=\"CodeSystem-TRE-R02-SecteurActivite.html#TRE-R02-SecteurActivite-SA46\">SA46</a></td><td>Fabrication, Exploitation, Importation, Répartition, Distribution médicaments et dispositifs médicaux</td><td/></tr><tr><td><a href=\"CodeSystem-TRE-R02-SecteurActivite.html#TRE-R02-SecteurActivite-SA47\">SA47</a></td><td>Incendie et secours</td><td/></tr><tr><td><a href=\"CodeSystem-TRE-R02-SecteurActivite.html#TRE-R02-SecteurActivite-SA48\">SA48</a></td><td>Entreprise industrielle et tertiaire hors industrie pharmaceutique</td><td/></tr><tr><td><a href=\"CodeSystem-TRE-R02-SecteurActivite.html#TRE-R02-SecteurActivite-SA49\">SA49</a></td><td>Entité Outre-Mer</td><td/></tr><tr><td><a href=\"CodeSystem-TRE-R02-SecteurActivite.html#TRE-R02-SecteurActivite-SA50\">SA50</a></td><td>Permanence des soins ambulatoires hors cabinet</td><td>Ce secteur est utilisé pour un usage spécifique lié à la facturation et n'a pas vocation à recenser exhaustivement les structures de PDSA. Le SA50 contient les SIRET des professionnels ayant une activité de PDSA et qui ne sont pas déjà établis à titre libéral non remplaçant. Ces structures permettent aux professionnels de facturer à l'Assurance Maladie dans le cadre de leur activité de PDSA (feuilles de soins électroniques).</td></tr><tr><td><a href=\"CodeSystem-TRE-R02-SecteurActivite.html#TRE-R02-SecteurActivite-SA51\">SA51</a></td><td>Structure de coopération avec autorisation de soins</td><td/></tr><tr><td><a href=\"CodeSystem-TRE-R02-SecteurActivite.html#TRE-R02-SecteurActivite-SA52\">SA52</a></td><td>Maison de santé ou Pôle de santé</td><td/></tr><tr><td><a href=\"CodeSystem-TRE-R02-SecteurActivite.html#TRE-R02-SecteurActivite-SA53\">SA53</a></td><td>Siège administratif d'un établissement de santé</td><td/></tr><tr><td><a href=\"CodeSystem-TRE-R02-SecteurActivite.html#TRE-R02-SecteurActivite-SA54\">SA54</a></td><td>Centre de dépistage et de prévention</td><td/></tr><tr><td><a href=\"CodeSystem-TRE-R02-SecteurActivite.html#TRE-R02-SecteurActivite-SA55\">SA55</a></td><td>Laboratoire pharmaceutique préparant et délivrant des allergènes</td><td/></tr><tr><td><a href=\"CodeSystem-TRE-R02-SecteurActivite.html#TRE-R02-SecteurActivite-SA56\">SA56</a></td><td>Propharmacie</td><td/></tr><tr><td><a href=\"CodeSystem-TRE-R02-SecteurActivite.html#TRE-R02-SecteurActivite-SA57\">SA57</a></td><td>Structure de coopération avec mission de coordination de soins</td><td/></tr><tr><td><a href=\"CodeSystem-TRE-R02-SecteurActivite.html#TRE-R02-SecteurActivite-SA58\">SA58</a></td><td>Entreprise de taxis</td><td/></tr><tr><td><a href=\"CodeSystem-TRE-R02-SecteurActivite.html#TRE-R02-SecteurActivite-SA59\">SA59</a></td><td>Laboratoire de biologie médicale hors catégorie standard</td><td/></tr><tr><td><a href=\"CodeSystem-TRE-R02-SecteurActivite.html#TRE-R02-SecteurActivite-SA60\">SA60</a></td><td>Centres médicaux SNCF</td><td/></tr><tr><td><a href=\"CodeSystem-TRE-R02-SecteurActivite.html#TRE-R02-SecteurActivite-SA61\">SA61</a></td><td>Structure Dispensatrice à domicile d'Oxygène à usage médical</td><td/></tr><tr><td><a href=\"CodeSystem-TRE-R02-SecteurActivite.html#TRE-R02-SecteurActivite-SA62\">SA62</a></td><td>Ordre professionnel de santé</td><td/></tr><tr><td><a href=\"CodeSystem-TRE-R02-SecteurActivite.html#TRE-R02-SecteurActivite-SA63\">SA63</a></td><td>Structures de coordination et d'orientation</td><td>Structures non effectrices de soins permettant la coordination entre professionnels de santé et/ou l'orientation des personnes dans leur parcours de soins</td></tr><tr><td><a href=\"CodeSystem-TRE-R02-SecteurActivite.html#TRE-R02-SecteurActivite-SA64\">SA64</a></td><td>Société de téléconsultation</td><td/></tr><tr><td><a href=\"CodeSystem-TRE-R02-SecteurActivite.html#TRE-R02-SecteurActivite-SA65\">SA65</a></td><td>Antenne de pharmacie</td><td/></tr><tr><td><a href=\"CodeSystem-TRE-R02-SecteurActivite.html#TRE-R02-SecteurActivite-SA66\">SA66</a></td><td>Services de Prévention et de Santé au Travail (SPST)</td><td/></tr><tr><td><a href=\"CodeSystem-TRE-R02-SecteurActivite.html#TRE-R02-SecteurActivite-SA67\">SA67</a></td><td>Maisons médicales de garde (MMG)</td><td/></tr><tr><td><a href=\"CodeSystem-TRE-R02-SecteurActivite.html#TRE-R02-SecteurActivite-SA68\">SA68</a></td><td>Services départementaux d'incendie et de secours</td><td/></tr><tr><td><a href=\"CodeSystem-TRE-R02-SecteurActivite.html#TRE-R02-SecteurActivite-SA69\">SA69</a></td><td>Maisons de naissance</td><td/></tr></table></li></ul></div>"
  },
  "extension" : [{
    "url" : "http://hl7.org/fhir/StructureDefinition/resource-effectivePeriod",
    "valuePeriod" : {
      "start" : "2019-08-30T12:00:00+01:00"
    }
  }],
  "url" : "https://mos.esante.gouv.fr/NOS/JDV_J101-SecteurActivite-RASS/FHIR/JDV-J101-SecteurActivite-RASS",
  "identifier" : [{
    "system" : "urn:ietf:rfc:3986",
    "value" : "urn:oid:1.2.250.1.213.1.6.1.169"
  }],
  "version" : "20250828120000",
  "name" : "JDV_J101_SecteurActivite_RASS",
  "status" : "active",
  "experimental" : false,
  "date" : "2025-08-28T12:00:00+01:00",
  "publisher" : "Agence du Numérique en Santé (ANS) - 2-10 Rue d'Oradour-sur-Glane, 75015 Paris",
  "description" : "Secteurs d'activité des établissements avec la même activité dans le RASS",
  "jurisdiction" : [{
    "coding" : [{
      "system" : "urn:iso:std:iso:3166",
      "code" : "FRA"
    }]
  }],
  "compose" : {
    "include" : [{
      "system" : "https://mos.esante.gouv.fr/NOS/TRE_R02-SecteurActivite/FHIR/TRE-R02-SecteurActivite",
      "concept" : [{
        "code" : "SA01",
        "display" : "Etablissement public de santé"
      },
      {
        "code" : "SA02",
        "display" : "Hôpital militaire du Service de santé des armées"
      },
      {
        "code" : "SA03",
        "display" : "Etablissement privé PSPH"
      },
      {
        "code" : "SA04",
        "display" : "Etablissement privé non PSPH"
      },
      {
        "code" : "SA05",
        "display" : "Centre de santé"
      },
      {
        "code" : "SA06",
        "display" : "Autre structure du Service de santé des armées"
      },
      {
        "code" : "SA07",
        "display" : "Cabinet individuel"
      },
      {
        "code" : "SA08",
        "display" : "Cabinet de groupe"
      },
      {
        "code" : "SA09",
        "display" : "Exercice en société"
      },
      {
        "code" : "SA10",
        "display" : "Transporteur sanitaire"
      },
      {
        "code" : "SA11",
        "display" : "Entreprise d'intérim"
      },
      {
        "code" : "SA12",
        "display" : "Etablissement de soins et prévention"
      },
      {
        "code" : "SA13",
        "display" : "Prévention et soins en entreprise"
      },
      {
        "code" : "SA14",
        "display" : "Etablissements scolaires, universitaires et de formation hors champ FINESS"
      },
      {
        "code" : "SA15",
        "display" : "PMI et Planification familiale"
      },
      {
        "code" : "SA16",
        "display" : "Etablissement pour personnes handicapées"
      },
      {
        "code" : "SA17",
        "display" : "Etablissement pour personnes âgées"
      },
      {
        "code" : "SA18",
        "display" : "Etablissement aide à la famille"
      },
      {
        "code" : "SA19",
        "display" : "Etablissements FINESS de formation aux professions sanitaires et sociales"
      },
      {
        "code" : "SA20",
        "display" : "Etablissement pour la protection de l'enfance"
      },
      {
        "code" : "SA21",
        "display" : "Etablissement d'hébergement et de réadaptation"
      },
      {
        "code" : "SA22",
        "display" : "Recherche"
      },
      {
        "code" : "SA23",
        "display" : "Assurance privée"
      },
      {
        "code" : "SA24",
        "display" : "Organisme de sécurité sociale"
      },
      {
        "code" : "SA25",
        "display" : "Laboratoire de biologie médicale"
      },
      {
        "code" : "SA26",
        "display" : "Ministère ou Service déconcentré"
      },
      {
        "code" : "SA27",
        "display" : "Collectivité territoriale"
      },
      {
        "code" : "SA28",
        "display" : "Association ou organisme humanitaire"
      },
      {
        "code" : "SA29",
        "display" : "Laboratoire d'analyses et de biologie médicale"
      },
      {
        "code" : "SA30",
        "display" : "Autre établissement sanitaire"
      },
      {
        "code" : "SA31",
        "display" : "Répartition et Distribution de médicaments et dispositifs médicaux"
      },
      {
        "code" : "SA32",
        "display" : "Fabrication, Exploitation et Importation de médicaments et dispositifs médicaux"
      },
      {
        "code" : "SA33",
        "display" : "Pharmacie d'officine"
      },
      {
        "code" : "SA34",
        "display" : "Centre de dialyse"
      },
      {
        "code" : "SA35",
        "display" : "Para-pharmacie"
      },
      {
        "code" : "SA36",
        "display" : "Centre anti-cancer"
      },
      {
        "code" : "SA37",
        "display" : "Centre de transfusion sanguine"
      },
      {
        "code" : "SA38",
        "display" : "Pharmacie minière"
      },
      {
        "code" : "SA39",
        "display" : "Pharmacie mutualiste"
      },
      {
        "code" : "SA40",
        "display" : "Secteur privé, praticien hospitalier temps plein"
      },
      {
        "code" : "SA41",
        "display" : "Autre établissement du domaine social ou médico-social"
      },
      {
        "code" : "SA42",
        "display" : "Appareillage médical"
      },
      {
        "code" : "SA43",
        "display" : "Secteur non défini"
      },
      {
        "code" : "SA44",
        "display" : "Recrutement ou Gestion RH"
      },
      {
        "code" : "SA45",
        "display" : "Communication, Marketing, Consulting, Média"
      },
      {
        "code" : "SA46",
        "display" : "Fabrication, Exploitation, Importation, Répartition, Distribution médicaments et dispositifs médicaux"
      },
      {
        "code" : "SA47",
        "display" : "Incendie et secours"
      },
      {
        "code" : "SA48",
        "display" : "Entreprise industrielle et tertiaire hors industrie pharmaceutique"
      },
      {
        "code" : "SA49",
        "display" : "Entité Outre-Mer"
      },
      {
        "code" : "SA50",
        "display" : "Permanence des soins ambulatoires hors cabinet"
      },
      {
        "code" : "SA51",
        "display" : "Structure de coopération avec autorisation de soins"
      },
      {
        "code" : "SA52",
        "display" : "Maison de santé ou Pôle de santé"
      },
      {
        "code" : "SA53",
        "display" : "Siège administratif d'un établissement de santé"
      },
      {
        "code" : "SA54",
        "display" : "Centre de dépistage et de prévention"
      },
      {
        "code" : "SA55",
        "display" : "Laboratoire pharmaceutique préparant et délivrant des allergènes"
      },
      {
        "code" : "SA56",
        "display" : "Propharmacie"
      },
      {
        "code" : "SA57",
        "display" : "Structure de coopération avec mission de coordination de soins"
      },
      {
        "code" : "SA58",
        "display" : "Entreprise de taxis"
      },
      {
        "code" : "SA59",
        "display" : "Laboratoire de biologie médicale hors catégorie standard"
      },
      {
        "code" : "SA60",
        "display" : "Centres médicaux SNCF"
      },
      {
        "code" : "SA61",
        "display" : "Structure Dispensatrice à domicile d'Oxygène à usage médical"
      },
      {
        "code" : "SA62",
        "display" : "Ordre professionnel de santé"
      },
      {
        "code" : "SA63",
        "display" : "Structures de coordination et d'orientation"
      },
      {
        "code" : "SA64",
        "display" : "Société de téléconsultation"
      },
      {
        "code" : "SA65",
        "display" : "Antenne de pharmacie"
      },
      {
        "code" : "SA66",
        "display" : "Services de Prévention et de Santé au Travail (SPST)"
      },
      {
        "code" : "SA67",
        "display" : "Maisons médicales de garde (MMG)"
      },
      {
        "code" : "SA68",
        "display" : "Services départementaux d'incendie et de secours"
      },
      {
        "code" : "SA69",
        "display" : "Maisons de naissance"
      }]
    }]
  }
}