{"resourceType":"CodeSystem","id":"terminologie-bdpm","meta":{"versionId":"18","lastUpdated":"2025-07-02T10:28:13.130+00:00","profile":["http://hl7.org/fhir/StructureDefinition/shareablecodesystem"],"tag":[{"system":"http://terminology.hl7.org/CodeSystem/v3-ObservationValue","code":"SUBSETTED","display":"Resource encoded in summary mode"}]},"text":{"status":"generated","div":"<div xmlns=\"http://www.w3.org/1999/xhtml\"><p class=\"res-header-id\"><b>Generated Narrative: CodeSystem terminologie-bdpm</b></p><a name=\"terminologie-bdpm\"> </a><a name=\"hcterminologie-bdpm\"> </a><a name=\"terminologie-bdpm-fr-FR\"> </a><div style=\"display: inline-block; background-color: #d9e0e7; padding: 6px; margin: 4px; border: 1px solid #8da1b4; border-radius: 5px; line-height: 60%\"><p style=\"margin-bottom: 0px\">version: 18; Last updated: 2025-07-02 10:28:13+0000</p><p style=\"margin-bottom: 0px\">Profil: <a href=\"http://hl7.org/fhir/R4/shareablecodesystem.html\">Shareable CodeSystem</a></p><p style=\"margin-bottom: 0px\">Tag: Resource encoded in summary mode (Details: ObservationValue code SUBSETTED = 'Resource encoded in summary mode')</p></div><p><b>Propriétés</b></p><p><b>Cette terminologie de référence (CodeSystem) définit les propriétés suivantes pour ses concepts</b></p><table class=\"grid\"><tr><td><b>Nom</b></td><td><b>Code</b></td><td><b>URI</b></td><td><b>Type</b></td><td><b>Description</b></td></tr><tr><td>broader</td><td>broader</td><td>http://www.w3.org/2004/02/skos/core#broader</td><td>code</td><td/></tr><tr><td>etat_commercialisation</td><td>etat_commercialisation</td><td>http://www.data.esante.gouv.fr/ANSM/BDPM-core-ontology/etat_commercialisation</td><td>code</td><td/></tr><tr><td>statut_CIP</td><td>statut_CIP</td><td>http://www.data.esante.gouv.fr/ANSM/BDPM-core-ontology/statut_CIP</td><td>code</td><td/></tr><tr><td>date_commercialisation</td><td>date_commercialisation</td><td>http://www.data.esante.gouv.fr/ANSM/BDPM-core-ontology/date_commercialisation</td><td>dateTime</td><td/></tr><tr><td>taux_remboursement</td><td>taux_remboursement</td><td>http://www.data.esante.gouv.fr/ANSM/BDPM-core-ontology/taux_remboursement</td><td>decimal</td><td/></tr><tr><td>prix_total</td><td>prix_total</td><td>http://www.data.esante.gouv.fr/ANSM/BDPM-core-ontology/prix_total</td><td>decimal</td><td/></tr><tr><td>tarif_dispensation</td><td>tarif_dispensation</td><td>http://www.data.esante.gouv.fr/ANSM/BDPM-core-ontology/tarif_dispensation</td><td>decimal</td><td/></tr><tr><td>prix_CIP</td><td>prix_CIP</td><td>http://www.data.esante.gouv.fr/ANSM/BDPM-core-ontology/prix_CIP</td><td>decimal</td><td/></tr><tr><td>agrément_collectivité</td><td>agrément_collectivité</td><td>http://www.data.esante.gouv.fr/ANSM/BDPM-core-ontology/agrément_collectivité</td><td>string</td><td/></tr><tr><td>narrower</td><td>narrower</td><td>http://www.w3.org/2004/02/skos/core#narrower</td><td>code</td><td/></tr><tr><td>substanceActive</td><td>substanceActive</td><td>http://www.data.esante.gouv.fr/ANSM/BDPM-core-ontology/substanceActive</td><td>code</td><td/></tr><tr><td>composition_pharmaceutique</td><td>composition_pharmaceutique</td><td>http://www.data.esante.gouv.fr/ANSM/BDPM-core-ontology/composition_pharmaceutique</td><td>string</td><td/></tr><tr><td>voieAdministration</td><td>voieAdministration</td><td>http://www.data.esante.gouv.fr/ANSM/BDPM-core-ontology/voieAdministration</td><td>code</td><td/></tr><tr><td>date_AMM</td><td>date_AMM</td><td>http://www.data.esante.gouv.fr/ANSM/BDPM-core-ontology/date_AMM</td><td>dateTime</td><td/></tr><tr><td>titulaire</td><td>titulaire</td><td>http://www.data.esante.gouv.fr/ANSM/BDPM-core-ontology/titulaire</td><td>string</td><td/></tr><tr><td>estCommercialisée</td><td>estCommercialisée</td><td>http://www.data.esante.gouv.fr/ANSM/BDPM-core-ontology/estCommercialisée</td><td>string</td><td/></tr><tr><td>formePharmaceutique</td><td>formePharmaceutique</td><td>http://www.data.esante.gouv.fr/ANSM/BDPM-core-ontology/formePharmaceutique</td><td>code</td><td/></tr><tr><td>suveillanceRenforcée</td><td>suveillanceRenforcée</td><td>http://www.data.esante.gouv.fr/ANSM/BDPM-core-ontology/suveillanceRenforcée</td><td>string</td><td/></tr><tr><td>AMM_TypedeProcédure</td><td>AMM_TypedeProcédure</td><td>http://www.data.esante.gouv.fr/ANSM/BDPM-core-ontology/AMM_TypedeProcédure</td><td>code</td><td/></tr><tr><td>AMM_Status</td><td>AMM_Status</td><td>http://www.data.esante.gouv.fr/ANSM/BDPM-core-ontology/AMM_Status</td><td>code</td><td/></tr><tr><td>indication_Remboursement</td><td>indication_Remboursement</td><td>http://www.data.esante.gouv.fr/ANSM/BDPM-core-ontology/indication_Remboursement</td><td>string</td><td/></tr><tr><td>numero_AutorisationEuropéenne</td><td>numero_AutorisationEuropéenne</td><td>http://www.data.esante.gouv.fr/ANSM/BDPM-core-ontology/numero_AutorisationEuropéenne</td><td>string</td><td/></tr><tr><td>Parent</td><td>parent</td><td>http://hl7.org/fhir/concept-properties#parent</td><td>code</td><td>Codes des parents du concept courant</td></tr><tr><td>Child</td><td>child</td><td>http://hl7.org/fhir/concept-properties#child</td><td>code</td><td>Codes des enfants du concept courant</td></tr><tr><td>imported</td><td>imported</td><td/><td>boolean</td><td>Indicates if the concept is imported from another code system.</td></tr><tr><td>root</td><td>root</td><td/><td>boolean</td><td>Indicates if this concept is a root concept (i.e. Thing is equivalent or a direct parent).</td></tr></table><p><b>Filters</b></p><table class=\"grid\"><tr><td><b>Code</b></td><td><b>Description</b></td><td><b>Op</b></td><td><b>Valeur</b></td></tr><tr><td>root</td><td/><td>= </td><td>True or false.</td></tr><tr><td>deprecated</td><td/><td>= </td><td>True or false.</td></tr><tr><td>imported</td><td/><td>= </td><td>True or false</td></tr></table><p><b>Concepts</b></p><p>This  code system <code>https://smt.esante.gouv.fr/terminologie-bdpm</code> defines codes, but no codes are represented here</p></div>"},"url":"https://smt.esante.gouv.fr/terminologie-bdpm","identifier":[{"use":"secondary","system":"https://smt.esante.gouv.fr/","value":"terminologie-bdpm"}],"version":"2025-07-01","name":"BDPM","title":"Base de données publique du médicament","status":"active","experimental":false,"date":"2025-07-02T00:00:00+00:00","publisher":"Agence du numérique en santé","jurisdiction":[{"coding":[{"system":"urn:iso:std:iso:3166","code":"FR"}]}],"valueSet":"https://smt.esante.gouv.fr/terminologie-bdpm?vs","content":"not-present","count":41109,"filter":[{"code":"root","operator":["="],"value":"True or false."},{"code":"deprecated","operator":["="],"value":"True or false."},{"code":"imported","operator":["="],"value":"True or false"}],"property":[{"code":"broader","uri":"http://www.w3.org/2004/02/skos/core#broader","type":"code"},{"code":"etat_commercialisation","uri":"http://www.data.esante.gouv.fr/ANSM/BDPM-core-ontology/etat_commercialisation","type":"code"},{"code":"statut_CIP","uri":"http://www.data.esante.gouv.fr/ANSM/BDPM-core-ontology/statut_CIP","type":"code"},{"code":"date_commercialisation","uri":"http://www.data.esante.gouv.fr/ANSM/BDPM-core-ontology/date_commercialisation","type":"dateTime"},{"code":"taux_remboursement","uri":"http://www.data.esante.gouv.fr/ANSM/BDPM-core-ontology/taux_remboursement","type":"decimal"},{"code":"prix_total","uri":"http://www.data.esante.gouv.fr/ANSM/BDPM-core-ontology/prix_total","type":"decimal"},{"code":"tarif_dispensation","uri":"http://www.data.esante.gouv.fr/ANSM/BDPM-core-ontology/tarif_dispensation","type":"decimal"},{"code":"prix_CIP","uri":"http://www.data.esante.gouv.fr/ANSM/BDPM-core-ontology/prix_CIP","type":"decimal"},{"code":"agrément_collectivité","uri":"http://www.data.esante.gouv.fr/ANSM/BDPM-core-ontology/agrément_collectivité","type":"string"},{"code":"narrower","uri":"http://www.w3.org/2004/02/skos/core#narrower","type":"code"},{"code":"substanceActive","uri":"http://www.data.esante.gouv.fr/ANSM/BDPM-core-ontology/substanceActive","type":"code"},{"code":"composition_pharmaceutique","uri":"http://www.data.esante.gouv.fr/ANSM/BDPM-core-ontology/composition_pharmaceutique","type":"string"},{"code":"voieAdministration","uri":"http://www.data.esante.gouv.fr/ANSM/BDPM-core-ontology/voieAdministration","type":"code"},{"code":"date_AMM","uri":"http://www.data.esante.gouv.fr/ANSM/BDPM-core-ontology/date_AMM","type":"dateTime"},{"code":"titulaire","uri":"http://www.data.esante.gouv.fr/ANSM/BDPM-core-ontology/titulaire","type":"string"},{"code":"estCommercialisée","uri":"http://www.data.esante.gouv.fr/ANSM/BDPM-core-ontology/estCommercialisée","type":"string"},{"code":"formePharmaceutique","uri":"http://www.data.esante.gouv.fr/ANSM/BDPM-core-ontology/formePharmaceutique","type":"code"},{"code":"suveillanceRenforcée","uri":"http://www.data.esante.gouv.fr/ANSM/BDPM-core-ontology/suveillanceRenforcée","type":"string"},{"code":"AMM_TypedeProcédure","uri":"http://www.data.esante.gouv.fr/ANSM/BDPM-core-ontology/AMM_TypedeProcédure","type":"code"},{"code":"AMM_Status","uri":"http://www.data.esante.gouv.fr/ANSM/BDPM-core-ontology/AMM_Status","type":"code"},{"code":"indication_Remboursement","uri":"http://www.data.esante.gouv.fr/ANSM/BDPM-core-ontology/indication_Remboursement","type":"string"},{"code":"numero_AutorisationEuropéenne","uri":"http://www.data.esante.gouv.fr/ANSM/BDPM-core-ontology/numero_AutorisationEuropéenne","type":"string"},{"code":"parent","uri":"http://hl7.org/fhir/concept-properties#parent","description":"Codes des parents du concept courant","type":"code"},{"code":"child","uri":"http://hl7.org/fhir/concept-properties#child","description":"Codes des enfants du concept courant","type":"code"},{"code":"imported","description":"Indicates if the concept is imported from another code system.","type":"boolean"},{"code":"root","description":"Indicates if this concept is a root concept (i.e. Thing is equivalent or a direct parent).","type":"boolean"}]}