{"resourceType":"ValueSet","id":"jdv-hl7-v3-ParticipationType-cisis","meta":{"versionId":"4","lastUpdated":"2025-06-25T09:17:18.573+00:00","profile":["http://hl7.org/fhir/StructureDefinition/shareablevalueset"]},"language":"fr-FR","text":{"status":"extensions","div":"<div xmlns=\"http://www.w3.org/1999/xhtml\" xml:lang=\"fr-FR\" lang=\"fr-FR\"><p class=\"res-header-id\"><b>Generated Narrative: ValueSet jdv-hl7-v3-ParticipationType-cisis</b></p><a name=\"jdv-hl7-v3-ParticipationType-cisis\"> </a><a name=\"hcjdv-hl7-v3-ParticipationType-cisis\"> </a><a name=\"jdv-hl7-v3-ParticipationType-cisis-fr-FR\"> </a><div style=\"display: inline-block; background-color: #d9e0e7; padding: 6px; margin: 4px; border: 1px solid #8da1b4; border-radius: 5px; line-height: 60%\"><p style=\"margin-bottom: 0px\">version: 4; Last updated: 2025-06-25 09:17:18+0000; Language: fr-FR</p><p style=\"margin-bottom: 0px\">Profil: <a href=\"http://hl7.org/fhir/R4/shareablevalueset.html\">Shareable ValueSet</a></p></div><ul><li>Include ces codes sont définis dans <a href=\"http://terminology.hl7.org/6.4.0/CodeSystem-v3-ParticipationType.html\"><code>http://terminology.hl7.org/CodeSystem/v3-ParticipationType</code></a><table class=\"none\"><tr><td style=\"white-space:nowrap\"><b>Code</b></td><td><b>Display</b></td><td><b>Définition</b></td></tr><tr><td><a href=\"http://terminology.hl7.org/6.4.0/CodeSystem-v3-ParticipationType.html#v3-ParticipationType-ADM\">ADM</a></td><td>Responsable de l'admission</td><td>The practitioner who is responsible for admitting a patient to a patient encounter.</td></tr><tr><td><a href=\"http://terminology.hl7.org/6.4.0/CodeSystem-v3-ParticipationType.html#v3-ParticipationType-ALY\">ALY</a></td><td>Cible d'une observation (substance ou composant le plus spécifique)</td><td>The target of an Observation action. Links an observation to a Role whose player is the substance or most specific component entity (material, micro-organism, etc.) being measured within the subject.<br/><br/>*Examples:* A &quot;plasma porcelain substance concentration&quot; has analyte a Role with player substance Entity &quot;porcelain&quot;.<br/><br/>*UsageNotes:* The Role that this participation connects to may be any Role whose player is that substance measured. Very often, the scoper may indicate the system in which the component is being measured. E.g., for &quot;plasma porcelain&quot; the scoper could be &quot;Plasma&quot;.</td></tr><tr><td><a href=\"http://terminology.hl7.org/6.4.0/CodeSystem-v3-ParticipationType.html#v3-ParticipationType-ATND\">ATND</a></td><td>Superviseur / Responsable des soins</td><td>The practitioner that has responsibility for overseeing a patient's care during a patient encounter.</td></tr><tr><td><a href=\"http://terminology.hl7.org/6.4.0/CodeSystem-v3-ParticipationType.html#v3-ParticipationType-AUT\">AUT</a></td><td>Auteur</td><td>**Definition:** A party that originates the Act and therefore has responsibility for the information given in the Act and ownership of this Act.<br/><br/>**Example:** the report writer, the person writing the act definition, the guideline author, the placer of an order, the EKG cart (device) creating a report etc. Every Act should have an author. Authorship is regardless of mood always actual authorship.<br/><br/>Examples of such policies might include:<br/><br/> *  The author and anyone they explicitly delegate may update the report;<br/> *  All administrators within the same clinic may cancel and reschedule appointments created by other administrators within that clinic;<br/><br/>A party that is neither an author nor a party who is extended authorship maintenance rights by policy, may only amend, reverse, override, replace, or follow up in other ways on this Act, whereby the Act remains intact and is linked to another Act authored by that other party.</td></tr><tr><td><a href=\"http://terminology.hl7.org/6.4.0/CodeSystem-v3-ParticipationType.html#v3-ParticipationType-AUTHEN\">AUTHEN</a></td><td>Validateur</td><td>A verifier who attests to the accuracy of an act, but who does not have privileges to legally authenticate the act. An example would be a resident physician who sees a patient and dictates a note, then later signs it. Their signature constitutes an authentication.</td></tr><tr><td><a href=\"http://terminology.hl7.org/6.4.0/CodeSystem-v3-ParticipationType.html#v3-ParticipationType-BBY\">BBY</a></td><td>Nouveau né</td><td>In an obstetric service, the baby.</td></tr><tr><td><a href=\"http://terminology.hl7.org/6.4.0/CodeSystem-v3-ParticipationType.html#v3-ParticipationType-BEN\">BEN</a></td><td>Bénéficiaire</td><td>Target on behalf of whom the service happens, but that is not necessarily present in the service. Can occur together with direct target to indicate that a target is both, as in the case where the patient is the indirect beneficiary of a service rendered to a family member, e.g. counseling or given home care instructions. This concept includes a participant, such as a covered party, who derives benefits from a service act covered by a coverage act.<br/><br/>Note that the semantic role of the intended recipient who benefits from the happening denoted by the verb in the clause. Thus, a patient who has no coverage under a policy or program may be a beneficiary of a health service while not being the beneficiary of coverage for that service.</td></tr><tr><td><a href=\"http://terminology.hl7.org/6.4.0/CodeSystem-v3-ParticipationType.html#v3-ParticipationType-CAGNT\">CAGNT</a></td><td>Agent causal</td><td>Definition: A factor, such as a microorganism, chemical substance, or form of radiation, whose presence, excessive presence, or (in deficiency diseases) relative absence is essential, in whole or in part, for the occurrence of a condition.<br/><br/>Constraint: The use of this participation is limited to observations.</td></tr><tr><td><a href=\"http://terminology.hl7.org/6.4.0/CodeSystem-v3-ParticipationType.html#v3-ParticipationType-CALLBCK\">CALLBCK</a></td><td>Contact à rappeler</td><td>A person or organization who should be contacted for follow-up questions about the act in place of the author.</td></tr><tr><td><a href=\"http://terminology.hl7.org/6.4.0/CodeSystem-v3-ParticipationType.html#v3-ParticipationType-CAT\">CAT</a></td><td>Catalyseur</td><td>The catalyst of a chemical reaction, such as an enzyme or a platinum surface. In biochemical reactions, connects the enzyme with the molecular interaction</td></tr><tr><td><a href=\"http://terminology.hl7.org/6.4.0/CodeSystem-v3-ParticipationType.html#v3-ParticipationType-CON\">CON</a></td><td>Consultant</td><td>An advisor participating in the service by performing evaluations and making recommendations.</td></tr><tr><td><a href=\"http://terminology.hl7.org/6.4.0/CodeSystem-v3-ParticipationType.html#v3-ParticipationType-COV\">COV</a></td><td>Partie couverte (titulaire ou bénéficiaire)</td><td>The target participation for an individual in a health care coverage act in which the target role is either the policy holder of the coverage, or a covered party under the coverage.</td></tr><tr><td><a href=\"http://terminology.hl7.org/6.4.0/CodeSystem-v3-ParticipationType.html#v3-ParticipationType-CSM\">CSM</a></td><td>Consommable</td><td>Participant material that is taken up, diminished, altered, or disappears in the act.</td></tr><tr><td><a href=\"http://terminology.hl7.org/6.4.0/CodeSystem-v3-ParticipationType.html#v3-ParticipationType-CST\">CST</a></td><td>Responsable de l'information</td><td>An entity (person, organization or device) that is in charge of maintaining the information of this act (e.g., who maintains the report or the master service catalog item, etc.).</td></tr><tr><td><a href=\"http://terminology.hl7.org/6.4.0/CodeSystem-v3-ParticipationType.html#v3-ParticipationType-DEV\">DEV</a></td><td>Dispositif automatique impliqué dans la production des résultats</td><td>Participant used in performing the act without being substantially affected by the act (i.e. durable or inert with respect to that particular service).<br/><br/>*Examples:* monitoring equipment, tools, but also access/drainage lines, prostheses, pace maker, etc.</td></tr><tr><td><a href=\"http://terminology.hl7.org/6.4.0/CodeSystem-v3-ParticipationType.html#v3-ParticipationType-DIR\">DIR</a></td><td>Participant direct</td><td>Target participant that is substantially present in the act and which is directly involved in the action (includes consumed material, devices, etc.).</td></tr><tr><td><a href=\"http://terminology.hl7.org/6.4.0/CodeSystem-v3-ParticipationType.html#v3-ParticipationType-DIS\">DIS</a></td><td>Responsable de la sortie</td><td>The practitioner who is responsible for the discharge of a patient from a patient encounter.</td></tr><tr><td><a href=\"http://terminology.hl7.org/6.4.0/CodeSystem-v3-ParticipationType.html#v3-ParticipationType-DIST\">DIST</a></td><td>Distributeur</td><td>Distributes material used in or generated during the act.</td></tr><tr><td><a href=\"http://terminology.hl7.org/6.4.0/CodeSystem-v3-ParticipationType.html#v3-ParticipationType-DON\">DON</a></td><td>Donneur</td><td>In some organ transplantation services and rarely in transfusion services a donor will be a target participant in the service. However, in most cases transplantation is decomposed in three services: explantation, transport, and implantation. The identity of the donor (recipient) is often irrelevant for the explantation (implantation) service.</td></tr><tr><td><a href=\"http://terminology.hl7.org/6.4.0/CodeSystem-v3-ParticipationType.html#v3-ParticipationType-DST\">DST</a></td><td>Destination</td><td>The destination for services. May be a static building (or room therein) or a movable facility (e.g., ship).</td></tr><tr><td><a href=\"http://terminology.hl7.org/6.4.0/CodeSystem-v3-ParticipationType.html#v3-ParticipationType-ELOC\">ELOC</a></td><td>Emplacement où les données sont saisies</td><td>A location where data about an Act was entered.</td></tr><tr><td><a href=\"http://terminology.hl7.org/6.4.0/CodeSystem-v3-ParticipationType.html#v3-ParticipationType-ENT\">ENT</a></td><td>Transcripteur du contenu à partir d'une autre forme</td><td>A person entering the data into the originating system. The data entry person is collected optionally for internal quality control purposes. This includes the transcriptionist for dictated text.</td></tr><tr><td><a href=\"http://terminology.hl7.org/6.4.0/CodeSystem-v3-ParticipationType.html#v3-ParticipationType-ESC\">ESC</a></td><td>Accompagnateur</td><td>Only with Transportation services. A person who escorts the patient.</td></tr><tr><td><a href=\"http://terminology.hl7.org/6.4.0/CodeSystem-v3-ParticipationType.html#v3-ParticipationType-EXPAGNT\">EXPAGNT</a></td><td>Agent de l'exposition</td><td>**Description:** The entity playing the associated role is the physical (including energy), chemical or biological substance that is participating in the exposure. For example in communicable diseases, the associated playing entity is the disease causing pathogen.</td></tr><tr><td><a href=\"http://terminology.hl7.org/6.4.0/CodeSystem-v3-ParticipationType.html#v3-ParticipationType-EXPART\">EXPART</a></td><td>Partie de l'exposition</td><td>**Description:**Direct participation in an exposure act where it is unknown that the participant is the source or subject of the exposure. If the participant is known to be the contact of an exposure then the SBJ participation type should be used. If the participant is known to be the source then the EXSRC participation type should be used.</td></tr><tr><td><a href=\"http://terminology.hl7.org/6.4.0/CodeSystem-v3-ParticipationType.html#v3-ParticipationType-EXSRC\">EXSRC</a></td><td>Source de l'exposition</td><td>**Description:**The entity playing the associated role is the source of exposure.</td></tr><tr><td><a href=\"http://terminology.hl7.org/6.4.0/CodeSystem-v3-ParticipationType.html#v3-ParticipationType-EXPTRGT\">EXPTRGT</a></td><td>Cible de l'exposition</td><td>**Description:** The entity playing the associated role is the target (contact) of exposure.</td></tr><tr><td><a href=\"http://terminology.hl7.org/6.4.0/CodeSystem-v3-ParticipationType.html#v3-ParticipationType-GUAR\">GUAR</a></td><td>Garant</td><td>The target person or organization contractually recognized by the issuer as a participant who has assumed fiscal responsibility for another personaTMs financial obligations by guaranteeing to pay for amounts owed to a particular account<br/><br/>*Example:*The subscriber of the patientaTMs health insurance policy signs a contract with the provider to be fiscally responsible for the patient billing account balance amount owed.</td></tr><tr><td><a href=\"http://terminology.hl7.org/6.4.0/CodeSystem-v3-ParticipationType.html#v3-ParticipationType-HLD\">HLD</a></td><td>Souscripteur</td><td>Participant who posses an instrument such as a financial contract (insurance policy) usually based on some agreement with the author.</td></tr><tr><td><a href=\"http://terminology.hl7.org/6.4.0/CodeSystem-v3-ParticipationType.html#v3-ParticipationType-IND\">IND</a></td><td>Cible indirecte</td><td>Target that is not substantially present in the act and which is not directly affected by the act, but which will be a focus of the record or documentation of the act.</td></tr><tr><td><a href=\"http://terminology.hl7.org/6.4.0/CodeSystem-v3-ParticipationType.html#v3-ParticipationType-INF\">INF</a></td><td>Informateur</td><td>A source of reported information (e.g., a next of kin who answers questions about the patient's history). For history questions, the patient is logically an informant, yet the informant of history questions is implicitly the subject.</td></tr><tr><td><a href=\"http://terminology.hl7.org/6.4.0/CodeSystem-v3-ParticipationType.html#v3-ParticipationType-IRCP\">IRCP</a></td><td>Destinataire de l'information</td><td>A party, who may or should receive or who has recieved the Act or subsequent or derivative information of that Act. Information recipient is inert, i.e., independent of mood.&quot; Rationale: this is a generalization of a too diverse family that the definition can't be any more specific, and the concept is abstract so one of the specializations should be used.</td></tr><tr><td><a href=\"http://terminology.hl7.org/6.4.0/CodeSystem-v3-ParticipationType.html#v3-ParticipationType-LA\">LA</a></td><td>Responsable légal de l'acte</td><td>A verifier who legally authenticates the accuracy of an act. An example would be a staff physician who sees a patient and dictates a note, then later signs it. Their signature constitutes a legal authentication.</td></tr><tr><td><a href=\"http://terminology.hl7.org/6.4.0/CodeSystem-v3-ParticipationType.html#v3-ParticipationType-LOC\">LOC</a></td><td>Emplacement principal</td><td>The facility where the service is done. May be a static building (or room therein) or a moving location (e.g., ambulance, helicopter, aircraft, train, truck, ship, etc.)</td></tr><tr><td><a href=\"http://terminology.hl7.org/6.4.0/CodeSystem-v3-ParticipationType.html#v3-ParticipationType-NRD\">NRD</a></td><td>Dispositif non réutilisable</td><td>A device that changes ownership due to the service, e.g., a pacemaker, a prosthesis, an insulin injection equipment (pen), etc. Such material may need to be restocked after he service.</td></tr><tr><td><a href=\"http://terminology.hl7.org/6.4.0/CodeSystem-v3-ParticipationType.html#v3-ParticipationType-NOT\">NOT</a></td><td>Personne à prévenir en cas d'urgence</td><td>An information recipient to notify for urgent matters about this Act. (e.g., in a laboratory order, critical results are being called by phone right away, this is the contact to call; or for an inpatient encounter, a next of kin to notify when the patient becomes critically ill).</td></tr><tr><td><a href=\"http://terminology.hl7.org/6.4.0/CodeSystem-v3-ParticipationType.html#v3-ParticipationType-NOTARY\">NOTARY</a></td><td>Certificateur</td><td>The entity (person or organization) who legally attests that the information present in the Act is a true replica of an original.</td></tr><tr><td><a href=\"http://terminology.hl7.org/6.4.0/CodeSystem-v3-ParticipationType.html#v3-ParticipationType-ORG\">ORG</a></td><td>Lieu d'origine</td><td>The location of origin for services. May be a static building (or room therein) or a movable facility (e.g., ship).</td></tr><tr><td><a href=\"http://terminology.hl7.org/6.4.0/CodeSystem-v3-ParticipationType.html#v3-ParticipationType-PART\">PART</a></td><td>Participant</td><td>Indicates that the target of the participation is involved in some manner in the act, but does not qualify how.</td></tr><tr><td><a href=\"http://terminology.hl7.org/6.4.0/CodeSystem-v3-ParticipationType.html#v3-ParticipationType-PPRF\">PPRF</a></td><td>Exécutant principal</td><td>The principal or primary performer of the act.</td></tr><tr><td><a href=\"http://terminology.hl7.org/6.4.0/CodeSystem-v3-ParticipationType.html#v3-ParticipationType-PRCP\">PRCP</a></td><td>Destinataire principal de l'information</td><td>Information recipient to whom an act statement is primarily directed. E.g., a primary care provider receiving a discharge letter from a hospitalist, a health department receiving information on a suspected case of infectious disease. Multiple of these participations may exist on the same act without requiring that recipients be ranked as primary vs. secondary.</td></tr><tr><td><a href=\"http://terminology.hl7.org/6.4.0/CodeSystem-v3-ParticipationType.html#v3-ParticipationType-PRD\">PRD</a></td><td>Produit</td><td>Participant material that is brought forth (produced) in the act (e.g., specimen in a specimen collection, access or drainage in a placement service, medication package in a dispense service). It does not matter whether the material produced had existence prior to the service, or whether it is created in the service (e.g., in supply services the product is taken from a stock).</td></tr><tr><td><a href=\"http://terminology.hl7.org/6.4.0/CodeSystem-v3-ParticipationType.html#v3-ParticipationType-PRF\">PRF</a></td><td>Exécutant</td><td>**Definition:** A person, non-person living subject, organization or device that who actually and principally carries out the action. Device should only be assigned as a performer in circumstances where the device is performing independent of human intervention. Need not be the principal responsible actor.<br/><br/>**Exampe:** A surgery resident operating under supervision of attending surgeon, a search and rescue dog locating survivors, an electronic laboratory analyzer or the laboratory discipline requested to perform a laboratory test. The performer may also be the patient in self-care, e.g. fingerstick blood sugar. The traditional order filler is a performer. This information should accompany every service event.<br/><br/>**Note:** that existing HL7 designs assign an organization as the playing entity of the Role that is the performer. These designs should be revised in subsequent releases to make this the scooping entity for the role involved.</td></tr><tr><td><a href=\"http://terminology.hl7.org/6.4.0/CodeSystem-v3-ParticipationType.html#v3-ParticipationType-RCT\">RCT</a></td><td>Dossier médical</td><td>The record target indicates whose medical record holds the documentation of this act. This is especially important when the subject of a service is not the patient himself.</td></tr><tr><td><a href=\"http://terminology.hl7.org/6.4.0/CodeSystem-v3-ParticipationType.html#v3-ParticipationType-RCV\">RCV</a></td><td>Récepteur</td><td>The person (or organization) who receives the product of an Act.</td></tr><tr><td><a href=\"http://terminology.hl7.org/6.4.0/CodeSystem-v3-ParticipationType.html#v3-ParticipationType-RDV\">RDV</a></td><td>Dispositif réutilisable</td><td>A device that does not change ownership due to the service, i.e., a surgical instrument or tool or an endoscope. The distinction between reuseable and non-reuseable must be made in order to know whether material must be re-stocked.</td></tr><tr><td><a href=\"http://terminology.hl7.org/6.4.0/CodeSystem-v3-ParticipationType.html#v3-ParticipationType-REF\">REF</a></td><td>Référent / Prescripteur</td><td>A person having referred the subject of the service to the performer (referring physician). Typically, a referring physician will receive a report.</td></tr><tr><td><a href=\"http://terminology.hl7.org/6.4.0/CodeSystem-v3-ParticipationType.html#v3-ParticipationType-REFB\">REFB</a></td><td>Personne ayant adressé le patient</td><td>A participant (e.g. provider) who has referred the subject of an act (e.g. patient).<br/><br/>Typically, a referred by participant will provide a report (e.g. referral).</td></tr><tr><td><a href=\"http://terminology.hl7.org/6.4.0/CodeSystem-v3-ParticipationType.html#v3-ParticipationType-REFT\">REFT</a></td><td>Personne recevant le patient</td><td>The person who receives the patient</td></tr><tr><td><a href=\"http://terminology.hl7.org/6.4.0/CodeSystem-v3-ParticipationType.html#v3-ParticipationType-RESP\">RESP</a></td><td>Responsable de l'acte</td><td>The person or organization that has primary responsibility for the act. The responsible party is not necessarily present in an action, but is accountable for the action through the power to delegate, and the duty to review actions with the performing actor after the fact. This responsibility may be ethical, legal, contractual, fiscal, or fiduciary in nature.<br/><br/>*Example:* A person who is the head of a biochemical laboratory; a sponsor for a policy or government program.</td></tr><tr><td><a href=\"http://terminology.hl7.org/6.4.0/CodeSystem-v3-ParticipationType.html#v3-ParticipationType-RML\">RML</a></td><td>Emplacement distant</td><td>Some services take place at multiple concurrent locations (e.g., telemedicine, telephone consultation). The location where the principal performing actor is located is taken as the primary location (LOC) while the other location(s) are considered &quot;remote.&quot;</td></tr><tr><td><a href=\"http://terminology.hl7.org/6.4.0/CodeSystem-v3-ParticipationType.html#v3-ParticipationType-SBJ\">SBJ</a></td><td>Sujet</td><td>The principle target on which the action happens.<br/><br/>*Examples:* The patient in physical examination, a specimen in a lab observation. May also be a patient's family member (teaching) or a device or room (cleaning, disinfecting, housekeeping).<br/><br/>*UsageNotes:* Not all direct targets are subjects. Consumables and devices used as tools for an act are not subjects. However, a device may be a subject of a maintenance action.</td></tr><tr><td><a href=\"http://terminology.hl7.org/6.4.0/CodeSystem-v3-ParticipationType.html#v3-ParticipationType-SPC\">SPC</a></td><td>Echantillon</td><td>The subject of non-clinical (e.g. laboratory) observation services is a specimen.</td></tr><tr><td><a href=\"http://terminology.hl7.org/6.4.0/CodeSystem-v3-ParticipationType.html#v3-ParticipationType-SPRF\">SPRF</a></td><td>Exécutant secondaire</td><td>A person assisting in an act through his substantial presence and involvement This includes: assistants, technicians, associates, or whatever the job titles may be.</td></tr><tr><td><a href=\"http://terminology.hl7.org/6.4.0/CodeSystem-v3-ParticipationType.html#v3-ParticipationType-TRANS\">TRANS</a></td><td>Transcripteur</td><td>An entity entering the data into the originating system. The data entry entity is collected optionally for internal quality control purposes. This includes the transcriptionist for dictated text transcribed into electronic form.</td></tr><tr><td><a href=\"http://terminology.hl7.org/6.4.0/CodeSystem-v3-ParticipationType.html#v3-ParticipationType-TRC\">TRC</a></td><td>Personne recevant une copie de l'information</td><td>A secondary information recipient, who receives copies (e.g., a primary care provider receiving copies of results as ordered by specialist).</td></tr><tr><td><a href=\"http://terminology.hl7.org/6.4.0/CodeSystem-v3-ParticipationType.html#v3-ParticipationType-VIA\">VIA</a></td><td>Emplacement intermédiaire</td><td>For services, an intermediate location that specifies a path between origin an destination.</td></tr><tr><td><a href=\"http://terminology.hl7.org/6.4.0/CodeSystem-v3-ParticipationType.html#v3-ParticipationType-VRF\">VRF</a></td><td>Vérificateur</td><td>A person who verifies the correctness and appropriateness of the service (plan, order, event, etc.) and hence takes on accountability.</td></tr><tr><td><a href=\"http://terminology.hl7.org/6.4.0/CodeSystem-v3-ParticipationType.html#v3-ParticipationType-WIT\">WIT</a></td><td>Témoin</td><td>Only with service events. A person witnessing the action happening without doing anything. A witness is not necessarily aware, much less approves of anything stated in the service event. Example for a witness is students watching an operation or an advanced directive witness.</td></tr></table></li></ul></div>"},"extension":[{"url":"http://hl7.org/fhir/StructureDefinition/resource-effectivePeriod","valuePeriod":{"start":"2010-01-01T00:00:00+01:00"}}],"url":"https://smt.esante.gouv.fr/fhir/ValueSet/jdv-hl7-v3-ParticipationType-cisis","identifier":[{"system":"urn:ietf:rfc:3986","value":"urn:oid:2.16.840.1.113883.1.11.10901"}],"version":"20250624152101","name":"ParticipationType","title":"ParticipationType","status":"active","experimental":false,"date":"2025-06-24T15:21:01+01:00","publisher":"Agence du Numérique en Santé(ANS) -2 - 10 Rue d'Oradour-sur-Glane, 75015 Paris","description":"ParticipationType","jurisdiction":[{"coding":[{"system":"urn:iso:std:iso:3166","code":"FR"}]}],"compose":{"include":[{"system":"http://terminology.hl7.org/CodeSystem/v3-ParticipationType","concept":[{"code":"ADM","display":"Responsable de l'admission"},{"code":"ALY","display":"Cible d'une observation (substance ou composant le plus spécifique)"},{"code":"ATND","display":"Superviseur / Responsable des soins"},{"code":"AUT","display":"Auteur"},{"code":"AUTHEN","display":"Validateur"},{"code":"BBY","display":"Nouveau né"},{"code":"BEN","display":"Bénéficiaire"},{"code":"CAGNT","display":"Agent causal"},{"code":"CALLBCK","display":"Contact à rappeler"},{"code":"CAT","display":"Catalyseur"},{"code":"CON","display":"Consultant"},{"code":"COV","display":"Partie couverte (titulaire ou bénéficiaire)"},{"code":"CSM","display":"Consommable"},{"code":"CST","display":"Responsable de l'information"},{"code":"DEV","display":"Dispositif automatique impliqué dans la production des résultats"},{"code":"DIR","display":"Participant direct"},{"code":"DIS","display":"Responsable de la sortie"},{"code":"DIST","display":"Distributeur"},{"code":"DON","display":"Donneur"},{"code":"DST","display":"Destination"},{"code":"ELOC","display":"Emplacement où les données sont saisies"},{"code":"ENT","display":"Transcripteur du contenu à partir d'une autre forme"},{"code":"ESC","display":"Accompagnateur"},{"code":"EXPAGNT","display":"Agent de l'exposition"},{"code":"EXPART","display":"Partie de l'exposition"},{"code":"EXSRC","display":"Source de l'exposition"},{"code":"EXPTRGT","display":"Cible de l'exposition"},{"code":"GUAR","display":"Garant"},{"code":"HLD","display":"Souscripteur"},{"code":"IND","display":"Cible indirecte"},{"code":"INF","display":"Informateur"},{"code":"IRCP","display":"Destinataire de l'information"},{"code":"LA","display":"Responsable légal de l'acte"},{"code":"LOC","display":"Emplacement principal"},{"code":"NRD","display":"Dispositif non réutilisable"},{"code":"NOT","display":"Personne à prévenir en cas d'urgence"},{"code":"NOTARY","display":"Certificateur"},{"code":"ORG","display":"Lieu d'origine"},{"code":"PART","display":"Participant"},{"code":"PPRF","display":"Exécutant principal"},{"code":"PRCP","display":"Destinataire principal de l'information"},{"code":"PRD","display":"Produit"},{"code":"PRF","display":"Exécutant"},{"code":"RCT","display":"Dossier médical"},{"code":"RCV","display":"Récepteur"},{"code":"RDV","display":"Dispositif réutilisable"},{"code":"REF","display":"Référent / Prescripteur"},{"code":"REFB","display":"Personne ayant adressé le patient"},{"code":"REFT","display":"Personne recevant le patient"},{"code":"RESP","display":"Responsable de l'acte"},{"code":"RML","display":"Emplacement distant"},{"code":"SBJ","display":"Sujet"},{"code":"SPC","display":"Echantillon"},{"code":"SPRF","display":"Exécutant secondaire"},{"code":"TRANS","display":"Transcripteur"},{"code":"TRC","display":"Personne recevant une copie de l'information"},{"code":"VIA","display":"Emplacement intermédiaire"},{"code":"VRF","display":"Vérificateur"},{"code":"WIT","display":"Témoin"}]}]}}