{"resourceType":"ValueSet","id":"JDV-J116-GenreActivite-ENREG","meta":{"versionId":"3","lastUpdated":"2024-04-27T05:06:13.923+00:00","profile":["http://hl7.org/fhir/StructureDefinition/shareablevalueset"]},"language":"fr-FR","text":{"status":"extensions","div":"<div xmlns=\"http://www.w3.org/1999/xhtml\" xml:lang=\"fr-FR\" lang=\"fr-FR\"><p class=\"res-header-id\"><b>Generated Narrative: ValueSet JDV-J116-GenreActivite-ENREG</b></p><a name=\"JDV-J116-GenreActivite-ENREG\"> </a><a name=\"hcJDV-J116-GenreActivite-ENREG\"> </a><a name=\"JDV-J116-GenreActivite-ENREG-fr-FR\"> </a><div style=\"display: inline-block; background-color: #d9e0e7; padding: 6px; margin: 4px; border: 1px solid #8da1b4; border-radius: 5px; line-height: 60%\"><p style=\"margin-bottom: 0px\">version: 3; Last updated: 2024-04-27 05:06:13+0000; Language: fr-FR</p><p style=\"margin-bottom: 0px\">Profil: <a href=\"http://hl7.org/fhir/R4/shareablevalueset.html\">Shareable ValueSet</a></p></div><ul><li>Include ces codes sont définis dans <a href=\"CodeSystem-TRE-R22-GenreActivite.html\"><code>https://mos.esante.gouv.fr/NOS/TRE_R22-GenreActivite/FHIR/TRE-R22-GenreActivite</code></a><table class=\"none\"><tr><td style=\"white-space:nowrap\"><b>Code</b></td><td><b>Display</b></td><td><b>Définition</b></td></tr><tr><td><a href=\"CodeSystem-TRE-R22-GenreActivite.html#TRE-R22-GenreActivite-GENR01\">GENR01</a></td><td>Activité de soin et de pharmacie</td><td>Activité de soin dans le cadre de la prise en charge des patients ou usagers, incluant la pharmacie</td></tr><tr><td><a href=\"CodeSystem-TRE-R22-GenreActivite.html#TRE-R22-GenreActivite-GENR08\">GENR08</a></td><td>Coordination et orientation</td><td>Activité de professionnel du secteur sanitaire, social et médico-social exerçant des fonctions de coordination et d'orientation</td></tr><tr><td><a href=\"CodeSystem-TRE-R22-GenreActivite.html#TRE-R22-GenreActivite-GENR09\">GENR09</a></td><td>Administratif ou appui à l'organisation de l'accompagnement social/médico-social</td><td>Activité de professionnel du secteur social et médico-social exerçant des fonctions administratives ou d'appui à l'organisation de l'accompagnement</td></tr><tr><td><a href=\"CodeSystem-TRE-R22-GenreActivite.html#TRE-R22-GenreActivite-GENR10\">GENR10</a></td><td>Accompagnement social/médico-social à la vie sociale, professionnelle, éducative</td><td>Activité de professionnel du secteur social et médico-social exerçant des fonctions d'accompagnement à la vie sociale, professionnelle et éducative</td></tr><tr><td><a href=\"CodeSystem-TRE-R22-GenreActivite.html#TRE-R22-GenreActivite-GENR11\">GENR11</a></td><td>Accompagnement social/médico-social au soin</td><td>Activité de professionnel du secteur social et médico-social exerçant des fonctions d'accompagnement au soin</td></tr><tr><td><a href=\"CodeSystem-TRE-R22-GenreActivite.html#TRE-R22-GenreActivite-GENR12\">GENR12</a></td><td>Encadrement et organisation de l'accompagnement social/médico-social</td><td>Activité de professionnel du social et médico-social exerçant des fonctions d'encadrement et d'organisation de l'accompagnement</td></tr><tr><td><a href=\"CodeSystem-TRE-R22-GenreActivite.html#TRE-R22-GenreActivite-GENR13\">GENR13</a></td><td>Médico-administratif</td><td/></tr><tr><td><a href=\"CodeSystem-TRE-R22-GenreActivite.html#TRE-R22-GenreActivite-GENR99\">GENR99</a></td><td>Autre activité</td><td/></tr></table></li></ul></div>"},"extension":[{"url":"http://hl7.org/fhir/StructureDefinition/resource-effectivePeriod","valuePeriod":{"start":"2020-05-29T12:00:00+01:00"}}],"url":"https://mos.esante.gouv.fr/NOS/JDV_J116-GenreActivite-ENREG/FHIR/JDV-J116-GenreActivite-ENREG","identifier":[{"system":"urn:ietf:rfc:3986","value":"urn:oid:1.2.250.1.213.1.6.1.187"}],"version":"20231124120000","name":"JDV_J116_GenreActivite_ENREG","status":"active","experimental":false,"date":"2023-11-24T12:00:00+01:00","publisher":"Agence du Numérique en Santé (ANS) - 2-10 Rue d'Oradour-sur-Glane, 75015 Paris","description":"Genre d'activité pour ENREG","jurisdiction":[{"coding":[{"system":"urn:iso:std:iso:3166","code":"FR"}]}],"compose":{"include":[{"system":"https://mos.esante.gouv.fr/NOS/TRE_R22-GenreActivite/FHIR/TRE-R22-GenreActivite","concept":[{"code":"GENR01","display":"Activité de soin et de pharmacie"},{"code":"GENR08","display":"Coordination et orientation"},{"code":"GENR09","display":"Administratif ou appui à l'organisation de l'accompagnement social/médico-social"},{"code":"GENR10","display":"Accompagnement social/médico-social à la vie sociale, professionnelle, éducative"},{"code":"GENR11","display":"Accompagnement social/médico-social au soin"},{"code":"GENR12","display":"Encadrement et organisation de l'accompagnement social/médico-social"},{"code":"GENR13","display":"Médico-administratif"},{"code":"GENR99","display":"Autre activité"}]}]}}