<?xml version="1.0" encoding="UTF-8"?>

<ConceptMap xmlns="http://hl7.org/fhir">
  <id value="ASS-X12-CommuneDeptRegionOM"/>
  <text>
    <status value="generated"/><div xmlns="http://www.w3.org/1999/xhtml"><p class="res-header-id"><b>Generated Narrative: ConceptMap ASS-X12-CommuneDeptRegionOM</b></p><a name="ASS-X12-CommuneDeptRegionOM"> </a><a name="hcASS-X12-CommuneDeptRegionOM"> </a><a name="ASS-X12-CommuneDeptRegionOM-fr-FR"> </a><p>Mapping from (non spécifié) to (non spécifié)</p><br/></div>
  </text>
  <extension url="http://hl7.org/fhir/StructureDefinition/resource-effectivePeriod">
    <valuePeriod>
      <start value="2017-07-07T10:00:00+01:00"/>
    </valuePeriod>
  </extension>
  <extension url="http://hl7.org/fhir/StructureDefinition/concept-bidirectional">
    <valueBoolean value="false"/>
  </extension>
  <url value="https://mos.esante.gouv.fr/NOS/ASS_X12-CommuneDeptRegionOM/FHIR/ASS-X12-CommuneDeptRegionOM"/>
  <identifier>
    <value value="urn:oid:1.2.250.1.213.1.6.1.119"/>
  </identifier>
  <version value="20200424120000"/>
  <name value="ASS_X12-CommuneDeptRegionOM"/>
  <status value="active"/>
  <date value="2020-04-24T12:00:00+01:00"/>
  <description value="Association communes - départements - régions (outre-mer et Monaco inclus)"/>
  <jurisdiction>
    <coding>
      <system value="urn:iso:std:iso:3166"/>
      <code value="FRA"/>
    </coding>
  </jurisdiction>
</ConceptMap>