<?xml version="1.0" encoding="UTF-8"?>

<ConceptMap xmlns="http://hl7.org/fhir">
  <id value="ASS-A32-StatutMotifPersonnePriseCharge"/>
  <text>
    <status value="generated"/><div xmlns="http://www.w3.org/1999/xhtml"><p class="res-header-id"><b>Generated Narrative: ConceptMap ASS-A32-StatutMotifPersonnePriseCharge</b></p><a name="ASS-A32-StatutMotifPersonnePriseCharge"> </a><a name="hcASS-A32-StatutMotifPersonnePriseCharge"> </a><a name="ASS-A32-StatutMotifPersonnePriseCharge-fr-FR"> </a><p>Mapping from (non spécifié) to (non spécifié)</p><br/><p><b>Group 1 </b>Mapping from <a href="CodeSystem-TRE-R357-StatutPersonnePriseCharge.html">TRE_R357_StatutPersonnePriseCharge</a> to <a href="CodeSystem-TRE-R358-MotifStatutPersonnePriseCharge.html">TRE_R358_MotifStatutPersonnePriseCharge</a></p><table class="grid"><tr><td><b>Source Code</b></td><td><b>relation</b></td><td><b>Target Code</b></td></tr><tr><td>181 (Période d'essai non concluante dans l'unité)</td><td><a href="http://hl7.org/fhir/R5/codesystem-concept-map-relationship.html#relatedto" title="relatedto">is related to</a></td><td>84 (Le demandeur ne remplit pas les exigences d'admission)</td></tr><tr><td>181 (Période d'essai non concluante dans l'unité)</td><td><a href="http://hl7.org/fhir/R5/codesystem-concept-map-relationship.html#relatedto" title="relatedto">is related to</a></td><td>85 (Volonté du demandeur)</td></tr><tr><td>45 (Admission impossible signalée)</td><td><a href="http://hl7.org/fhir/R5/codesystem-concept-map-relationship.html#relatedto" title="relatedto">is related to</a></td><td>86 (Le plateau technique n'est pas adapté à la prise en charge de l'usager)</td></tr><tr><td>188 (Fin de prise en charge)</td><td><a href="http://hl7.org/fhir/R5/codesystem-concept-map-relationship.html#relatedto" title="relatedto">is related to</a></td><td>87 (L'usager est admis dans un autre ESMS suite à un déménagement)</td></tr><tr><td>188 (Fin de prise en charge)</td><td><a href="http://hl7.org/fhir/R5/codesystem-concept-map-relationship.html#relatedto" title="relatedto">is related to</a></td><td>88 (Suite à la décision de la CDAPH)</td></tr><tr><td>188 (Fin de prise en charge)</td><td><a href="http://hl7.org/fhir/R5/codesystem-concept-map-relationship.html#relatedto" title="relatedto">is related to</a></td><td>89 (L'usager ne souhaite plus être pris en charge par l'ESMS)</td></tr><tr><td>188 (Fin de prise en charge)</td><td><a href="http://hl7.org/fhir/R5/codesystem-concept-map-relationship.html#relatedto" title="relatedto">is related to</a></td><td>124 (L'usager est décédé)</td></tr><tr><td>188 (Fin de prise en charge)</td><td><a href="http://hl7.org/fhir/R5/codesystem-concept-map-relationship.html#relatedto" title="relatedto">is related to</a></td><td>91 (L'usager est admis dans un autre ESMS suite à une réorientation)</td></tr><tr><td>180 (Retiré de la liste d'attente ou accompagnement annulé)</td><td><a href="http://hl7.org/fhir/R5/codesystem-concept-map-relationship.html#relatedto" title="relatedto">is related to</a></td><td>95 (Annulation automatique)</td></tr><tr><td>180 (Retiré de la liste d'attente ou accompagnement annulé)</td><td><a href="http://hl7.org/fhir/R5/codesystem-concept-map-relationship.html#relatedto" title="relatedto">is related to</a></td><td>124 (L'usager est décédé)</td></tr><tr><td>180 (Retiré de la liste d'attente ou accompagnement annulé)</td><td><a href="http://hl7.org/fhir/R5/codesystem-concept-map-relationship.html#relatedto" title="relatedto">is related to</a></td><td>109 (Déménagement)</td></tr><tr><td>180 (Retiré de la liste d'attente ou accompagnement annulé)</td><td><a href="http://hl7.org/fhir/R5/codesystem-concept-map-relationship.html#relatedto" title="relatedto">is related to</a></td><td>98 (Fin de validité de la notification)</td></tr><tr><td>180 (Retiré de la liste d'attente ou accompagnement annulé)</td><td><a href="http://hl7.org/fhir/R5/codesystem-concept-map-relationship.html#relatedto" title="relatedto">is related to</a></td><td>100 (Volonté de l'usager)</td></tr><tr><td>180 (Retiré de la liste d'attente ou accompagnement annulé)</td><td><a href="http://hl7.org/fhir/R5/codesystem-concept-map-relationship.html#relatedto" title="relatedto">is related to</a></td><td>112 (Erreur d'utilisation du logiciel)</td></tr><tr><td>37 (Décision d'orientation annulée)</td><td><a href="http://hl7.org/fhir/R5/codesystem-concept-map-relationship.html#relatedto" title="relatedto">is related to</a></td><td>112 (Erreur d'utilisation du logiciel)</td></tr><tr><td>37 (Décision d'orientation annulée)</td><td><a href="http://hl7.org/fhir/R5/codesystem-concept-map-relationship.html#relatedto" title="relatedto">is related to</a></td><td>124 (L'usager est décédé)</td></tr><tr><td>54 (Notification réactivée)</td><td><a href="http://hl7.org/fhir/R5/codesystem-concept-map-relationship.html#relatedto" title="relatedto">is related to</a></td><td>109 (Déménagement)</td></tr><tr><td>54 (Notification réactivée)</td><td><a href="http://hl7.org/fhir/R5/codesystem-concept-map-relationship.html#relatedto" title="relatedto">is related to</a></td><td>112 (Erreur d'utilisation du logiciel)</td></tr><tr><td>45 (Admission impossible signalée)</td><td><a href="http://hl7.org/fhir/R5/codesystem-concept-map-relationship.html#relatedto" title="relatedto">is related to</a></td><td>113 (Eloignement géographique)</td></tr><tr><td>45 (Admission impossible signalée)</td><td><a href="http://hl7.org/fhir/R5/codesystem-concept-map-relationship.html#relatedto" title="relatedto">is related to</a></td><td>114 (Les ressources de l'ESMS ne sont pas suffisantes)</td></tr><tr><td>45 (Admission impossible signalée)</td><td><a href="http://hl7.org/fhir/R5/codesystem-concept-map-relationship.html#relatedto" title="relatedto">is related to</a></td><td>115 (L'ESMS n'est pas adapté au projet de vie actuel de l'usager)</td></tr><tr><td>45 (Admission impossible signalée)</td><td><a href="http://hl7.org/fhir/R5/codesystem-concept-map-relationship.html#relatedto" title="relatedto">is related to</a></td><td>116 (Le type de handicap ne relève pas de l'ESMS)</td></tr><tr><td>45 (Admission impossible signalée)</td><td><a href="http://hl7.org/fhir/R5/codesystem-concept-map-relationship.html#relatedto" title="relatedto">is related to</a></td><td>117 (La situation de l'usager a changé, l'ESMS n'est pas adapté)</td></tr><tr><td>45 (Admission impossible signalée)</td><td><a href="http://hl7.org/fhir/R5/codesystem-concept-map-relationship.html#relatedto" title="relatedto">is related to</a></td><td>118 (L'usager ou son représentant légal refuse de s'inscrire dans l'ESMS)</td></tr><tr><td>45 (Admission impossible signalée)</td><td><a href="http://hl7.org/fhir/R5/codesystem-concept-map-relationship.html#relatedto" title="relatedto">is related to</a></td><td>119 (L'usager a été admis dans un autre ESMS, l'orientation n'est plus pertinente)</td></tr><tr><td>45 (Admission impossible signalée)</td><td><a href="http://hl7.org/fhir/R5/codesystem-concept-map-relationship.html#relatedto" title="relatedto">is related to</a></td><td>120 (L'usager a déménagé, l'orientation n'est plus pertinente géographiquement)</td></tr><tr><td>45 (Admission impossible signalée)</td><td><a href="http://hl7.org/fhir/R5/codesystem-concept-map-relationship.html#relatedto" title="relatedto">is related to</a></td><td>121 (L'usager ou son représentant légal refuse d'adhérer au projet de vie de l'ESMS)</td></tr><tr><td>45 (Admission impossible signalée)</td><td><a href="http://hl7.org/fhir/R5/codesystem-concept-map-relationship.html#relatedto" title="relatedto">is related to</a></td><td>122 (L'âge de l'usager est incompatible)</td></tr><tr><td>45 (Admission impossible signalée)</td><td><a href="http://hl7.org/fhir/R5/codesystem-concept-map-relationship.html#relatedto" title="relatedto">is related to</a></td><td>127 (Retraite (ESAT))</td></tr><tr><td>45 (Admission impossible signalée)</td><td><a href="http://hl7.org/fhir/R5/codesystem-concept-map-relationship.html#relatedto" title="relatedto">is related to</a></td><td>124 (L'usager est décédé)</td></tr><tr><td>188 (Fin de prise en charge)</td><td><a href="http://hl7.org/fhir/R5/codesystem-concept-map-relationship.html#relatedto" title="relatedto">is related to</a></td><td>125 (L'usager a démissionné (ESAT))</td></tr><tr><td>188 (Fin de prise en charge)</td><td><a href="http://hl7.org/fhir/R5/codesystem-concept-map-relationship.html#relatedto" title="relatedto">is related to</a></td><td>126 (Prise en charge invalidité SS (ESAT))</td></tr><tr><td>188 (Fin de prise en charge)</td><td><a href="http://hl7.org/fhir/R5/codesystem-concept-map-relationship.html#relatedto" title="relatedto">is related to</a></td><td>127 (Retraite (ESAT))</td></tr><tr><td>188 (Fin de prise en charge)</td><td><a href="http://hl7.org/fhir/R5/codesystem-concept-map-relationship.html#relatedto" title="relatedto">is related to</a></td><td>128 (Fin de contrat (SAVS/SAMSAH/SESSAD))</td></tr><tr><td>188 (Fin de prise en charge)</td><td><a href="http://hl7.org/fhir/R5/codesystem-concept-map-relationship.html#relatedto" title="relatedto">is related to</a></td><td>135 (Fin de période d'essai)</td></tr><tr><td>188 (Fin de prise en charge)</td><td><a href="http://hl7.org/fhir/R5/codesystem-concept-map-relationship.html#relatedto" title="relatedto">is related to</a></td><td>136 (Renouvellement)</td></tr><tr><td>188 (Fin de prise en charge)</td><td><a href="http://hl7.org/fhir/R5/codesystem-concept-map-relationship.html#relatedto" title="relatedto">is related to</a></td><td>146 (Entrée en apprentissage)</td></tr><tr><td>188 (Fin de prise en charge)</td><td><a href="http://hl7.org/fhir/R5/codesystem-concept-map-relationship.html#relatedto" title="relatedto">is related to</a></td><td>147 (Réinsertion en milieu ordinaire)</td></tr><tr><td>45 (Admission impossible signalée)</td><td><a href="http://hl7.org/fhir/R5/codesystem-concept-map-relationship.html#relatedto" title="relatedto">is related to</a></td><td>148 (L'ESMS n'a pas réussi à joindre l'usager)</td></tr><tr><td>41 (Contact effectué)</td><td><a href="http://hl7.org/fhir/R5/codesystem-concept-map-relationship.html#relatedto" title="relatedto">is related to</a></td><td>150 (L'usager a pris contact avec l'ESMS)</td></tr><tr><td>41 (Contact effectué)</td><td><a href="http://hl7.org/fhir/R5/codesystem-concept-map-relationship.html#relatedto" title="relatedto">is related to</a></td><td>151 (L'ESMS a pris contact avec l'usager)</td></tr><tr><td>41 (Contact effectué)</td><td><a href="http://hl7.org/fhir/R5/codesystem-concept-map-relationship.html#relatedto" title="relatedto">is related to</a></td><td>152 (L'usager a visité l'ESMS)</td></tr><tr><td>41 (Contact effectué)</td><td><a href="http://hl7.org/fhir/R5/codesystem-concept-map-relationship.html#relatedto" title="relatedto">is related to</a></td><td>153 (L'ESMS a envoyé une documentation à l'usager)</td></tr><tr><td>188 (Fin de prise en charge)</td><td><a href="http://hl7.org/fhir/R5/codesystem-concept-map-relationship.html#relatedto" title="relatedto">is related to</a></td><td>157 (Hospitalisation)</td></tr><tr><td>188 (Fin de prise en charge)</td><td><a href="http://hl7.org/fhir/R5/codesystem-concept-map-relationship.html#relatedto" title="relatedto">is related to</a></td><td>158 (Admission en établissement pour personnes âgées)</td></tr><tr><td>188 (Fin de prise en charge)</td><td><a href="http://hl7.org/fhir/R5/codesystem-concept-map-relationship.html#relatedto" title="relatedto">is related to</a></td><td>159 (Fin de formation)</td></tr><tr><td>54 (Notification réactivée)</td><td><a href="http://hl7.org/fhir/R5/codesystem-concept-map-relationship.html#relatedto" title="relatedto">is related to</a></td><td>168 (Pour placer l'usager en liste d'attente)</td></tr><tr><td>54 (Notification réactivée)</td><td><a href="http://hl7.org/fhir/R5/codesystem-concept-map-relationship.html#relatedto" title="relatedto">is related to</a></td><td>170 (Pour prendre en charge l'usager à temps adapté)</td></tr><tr><td>37 (Décision d'orientation annulée)</td><td><a href="http://hl7.org/fhir/R5/codesystem-concept-map-relationship.html#relatedto" title="relatedto">is related to</a></td><td>173 (Une autre décision annule et remplace cette décision)</td></tr><tr><td>37 (Décision d'orientation annulée)</td><td><a href="http://hl7.org/fhir/R5/codesystem-concept-map-relationship.html#relatedto" title="relatedto">is related to</a></td><td>174 (Décision clôturée par la MDPH)</td></tr><tr><td>188 (Fin de prise en charge)</td><td><a href="http://hl7.org/fhir/R5/codesystem-concept-map-relationship.html#relatedto" title="relatedto">is related to</a></td><td>184 (L'usager est accueilli en famille d'accueil)</td></tr><tr><td>188 (Fin de prise en charge)</td><td><a href="http://hl7.org/fhir/R5/codesystem-concept-map-relationship.html#relatedto" title="relatedto">is related to</a></td><td>204 (Fin de l'accueil temporaire)</td></tr><tr><td>188 (Fin de prise en charge)</td><td><a href="http://hl7.org/fhir/R5/codesystem-concept-map-relationship.html#relatedto" title="relatedto">is related to</a></td><td>253 (L'usager est transféré dans une autre unité)</td></tr><tr><td>51 (Demande de réorientation dans l'ESMS)</td><td><a href="http://hl7.org/fhir/R5/codesystem-concept-map-relationship.html#relatedto" title="relatedto">is related to</a></td><td>92 (Amélioration notoire de la situation de l'usager)</td></tr><tr><td>51 (Demande de réorientation dans l'ESMS)</td><td><a href="http://hl7.org/fhir/R5/codesystem-concept-map-relationship.html#relatedto" title="relatedto">is related to</a></td><td>93 (Aggravation notoire de la situation de l'usager)</td></tr><tr><td>51 (Demande de réorientation dans l'ESMS)</td><td><a href="http://hl7.org/fhir/R5/codesystem-concept-map-relationship.html#relatedto" title="relatedto">is related to</a></td><td>172 (Changement de situation de l'usager)</td></tr><tr><td>46 (Admission impossible entérinée)</td><td><a href="http://hl7.org/fhir/R5/codesystem-concept-map-relationship.html#relatedto" title="relatedto">is related to</a></td><td>86 (Le plateau technique n'est pas adapté à la prise en charge de l'usager)</td></tr><tr><td>46 (Admission impossible entérinée)</td><td><a href="http://hl7.org/fhir/R5/codesystem-concept-map-relationship.html#relatedto" title="relatedto">is related to</a></td><td>113 (Eloignement géographique)</td></tr><tr><td>46 (Admission impossible entérinée)</td><td><a href="http://hl7.org/fhir/R5/codesystem-concept-map-relationship.html#relatedto" title="relatedto">is related to</a></td><td>114 (Les ressources de l'ESMS ne sont pas suffisantes)</td></tr><tr><td>46 (Admission impossible entérinée)</td><td><a href="http://hl7.org/fhir/R5/codesystem-concept-map-relationship.html#relatedto" title="relatedto">is related to</a></td><td>115 (L'ESMS n'est pas adapté au projet de vie actuel de l'usager)</td></tr><tr><td>46 (Admission impossible entérinée)</td><td><a href="http://hl7.org/fhir/R5/codesystem-concept-map-relationship.html#relatedto" title="relatedto">is related to</a></td><td>116 (Le type de handicap ne relève pas de l'ESMS)</td></tr><tr><td>46 (Admission impossible entérinée)</td><td><a href="http://hl7.org/fhir/R5/codesystem-concept-map-relationship.html#relatedto" title="relatedto">is related to</a></td><td>117 (La situation de l'usager a changé, l'ESMS n'est pas adapté)</td></tr><tr><td>46 (Admission impossible entérinée)</td><td><a href="http://hl7.org/fhir/R5/codesystem-concept-map-relationship.html#relatedto" title="relatedto">is related to</a></td><td>118 (L'usager ou son représentant légal refuse de s'inscrire dans l'ESMS)</td></tr><tr><td>46 (Admission impossible entérinée)</td><td><a href="http://hl7.org/fhir/R5/codesystem-concept-map-relationship.html#relatedto" title="relatedto">is related to</a></td><td>119 (L'usager a été admis dans un autre ESMS, l'orientation n'est plus pertinente)</td></tr><tr><td>46 (Admission impossible entérinée)</td><td><a href="http://hl7.org/fhir/R5/codesystem-concept-map-relationship.html#relatedto" title="relatedto">is related to</a></td><td>120 (L'usager a déménagé, l'orientation n'est plus pertinente géographiquement)</td></tr><tr><td>46 (Admission impossible entérinée)</td><td><a href="http://hl7.org/fhir/R5/codesystem-concept-map-relationship.html#relatedto" title="relatedto">is related to</a></td><td>121 (L'usager ou son représentant légal refuse d'adhérer au projet de vie de l'ESMS)</td></tr><tr><td>46 (Admission impossible entérinée)</td><td><a href="http://hl7.org/fhir/R5/codesystem-concept-map-relationship.html#relatedto" title="relatedto">is related to</a></td><td>122 (L'âge de l'usager est incompatible)</td></tr><tr><td>46 (Admission impossible entérinée)</td><td><a href="http://hl7.org/fhir/R5/codesystem-concept-map-relationship.html#relatedto" title="relatedto">is related to</a></td><td>124 (L'usager est décédé)</td></tr><tr><td>46 (Admission impossible entérinée)</td><td><a href="http://hl7.org/fhir/R5/codesystem-concept-map-relationship.html#relatedto" title="relatedto">is related to</a></td><td>127 (Retraite (ESAT))</td></tr><tr><td>46 (Admission impossible entérinée)</td><td><a href="http://hl7.org/fhir/R5/codesystem-concept-map-relationship.html#relatedto" title="relatedto">is related to</a></td><td>148 (L'ESMS n'a pas réussi à joindre l'usager)</td></tr><tr><td>49 (Notification annulée)</td><td><a href="http://hl7.org/fhir/R5/codesystem-concept-map-relationship.html#relatedto" title="relatedto">is related to</a></td><td>100 (Volonté de l'usager)</td></tr><tr><td>49 (Notification annulée)</td><td><a href="http://hl7.org/fhir/R5/codesystem-concept-map-relationship.html#relatedto" title="relatedto">is related to</a></td><td>109 (Déménagement)</td></tr><tr><td>49 (Notification annulée)</td><td><a href="http://hl7.org/fhir/R5/codesystem-concept-map-relationship.html#relatedto" title="relatedto">is related to</a></td><td>112 (Erreur d'utilisation du logiciel)</td></tr><tr><td>49 (Notification annulée)</td><td><a href="http://hl7.org/fhir/R5/codesystem-concept-map-relationship.html#relatedto" title="relatedto">is related to</a></td><td>124 (L'usager est décédé)</td></tr><tr><td>49 (Notification annulée)</td><td><a href="http://hl7.org/fhir/R5/codesystem-concept-map-relationship.html#relatedto" title="relatedto">is related to</a></td><td>173 (Une autre décision annule et remplace cette décision)</td></tr><tr><td>49 (Notification annulée)</td><td><a href="http://hl7.org/fhir/R5/codesystem-concept-map-relationship.html#relatedto" title="relatedto">is related to</a></td><td>174 (Décision clôturée par la MDPH)</td></tr></table></div>
  </text>
  <extension url="http://hl7.org/fhir/StructureDefinition/resource-effectivePeriod">
    <valuePeriod>
      <start value="2023-09-22T12:00:00+01:00"/>
    </valuePeriod>
  </extension>
  <extension url="http://hl7.org/fhir/StructureDefinition/concept-bidirectional">
    <valueBoolean value="false"/>
  </extension>
  <url value="https://mos.esante.gouv.fr/NOS/ASS_A32-StatutMotifPersonnePriseCharge/FHIR/ASS-A32-StatutMotifPersonnePriseCharge"/>
  <identifier>
    <value value="urn:oid:1.2.250.1.213.3.4.217"/>
  </identifier>
  <version value="20250411120000"/>
  <name value="ASS_A32_StatutMotifPersonnePriseCharge"/>
  <title value="ASS_A32_StatutMotifPersonnePriseCharge"/>
  <status value="active"/>
  <experimental value="false"/>
  <date value="2025-04-11T12:00:00+01:00"/>
  <description value="Association du motif au statut de la personne prise en charge"/>
  <jurisdiction>
    <coding>
      <system value="urn:iso:std:iso:3166"/>
      <code value="FRA"/>
    </coding>
  </jurisdiction>
  <group>
    <source value="https://mos.esante.gouv.fr/NOS/TRE_R357-StatutPersonnePriseCharge/FHIR/TRE-R357-StatutPersonnePriseCharge"/>
    <target value="https://mos.esante.gouv.fr/NOS/TRE_R358-MotifStatutPersonnePriseCharge/FHIR/TRE-R358-MotifStatutPersonnePriseCharge"/>
    <element>
      <code value="181"/>
      <target>
        <code value="84"/>
        <equivalence value="relatedto"/>
      </target>
    </element>
    <element>
      <code value="181"/>
      <target>
        <code value="85"/>
        <equivalence value="relatedto"/>
      </target>
    </element>
    <element>
      <code value="45"/>
      <target>
        <code value="86"/>
        <equivalence value="relatedto"/>
      </target>
    </element>
    <element>
      <code value="188"/>
      <target>
        <code value="87"/>
        <equivalence value="relatedto"/>
      </target>
    </element>
    <element>
      <code value="188"/>
      <target>
        <code value="88"/>
        <equivalence value="relatedto"/>
      </target>
    </element>
    <element>
      <code value="188"/>
      <target>
        <code value="89"/>
        <equivalence value="relatedto"/>
      </target>
    </element>
    <element>
      <code value="188"/>
      <target>
        <code value="124"/>
        <equivalence value="relatedto"/>
      </target>
    </element>
    <element>
      <code value="188"/>
      <target>
        <code value="91"/>
        <equivalence value="relatedto"/>
      </target>
    </element>
    <element>
      <code value="180"/>
      <target>
        <code value="95"/>
        <equivalence value="relatedto"/>
      </target>
    </element>
    <element>
      <code value="180"/>
      <target>
        <code value="124"/>
        <equivalence value="relatedto"/>
      </target>
    </element>
    <element>
      <code value="180"/>
      <target>
        <code value="109"/>
        <equivalence value="relatedto"/>
      </target>
    </element>
    <element>
      <code value="180"/>
      <target>
        <code value="98"/>
        <equivalence value="relatedto"/>
      </target>
    </element>
    <element>
      <code value="180"/>
      <target>
        <code value="100"/>
        <equivalence value="relatedto"/>
      </target>
    </element>
    <element>
      <code value="180"/>
      <target>
        <code value="112"/>
        <equivalence value="relatedto"/>
      </target>
    </element>
    <element>
      <code value="37"/>
      <target>
        <code value="112"/>
        <equivalence value="relatedto"/>
      </target>
    </element>
    <element>
      <code value="37"/>
      <target>
        <code value="124"/>
        <equivalence value="relatedto"/>
      </target>
    </element>
    <element>
      <code value="54"/>
      <target>
        <code value="109"/>
        <equivalence value="relatedto"/>
      </target>
    </element>
    <element>
      <code value="54"/>
      <target>
        <code value="112"/>
        <equivalence value="relatedto"/>
      </target>
    </element>
    <element>
      <code value="45"/>
      <target>
        <code value="113"/>
        <equivalence value="relatedto"/>
      </target>
    </element>
    <element>
      <code value="45"/>
      <target>
        <code value="114"/>
        <equivalence value="relatedto"/>
      </target>
    </element>
    <element>
      <code value="45"/>
      <target>
        <code value="115"/>
        <equivalence value="relatedto"/>
      </target>
    </element>
    <element>
      <code value="45"/>
      <target>
        <code value="116"/>
        <equivalence value="relatedto"/>
      </target>
    </element>
    <element>
      <code value="45"/>
      <target>
        <code value="117"/>
        <equivalence value="relatedto"/>
      </target>
    </element>
    <element>
      <code value="45"/>
      <target>
        <code value="118"/>
        <equivalence value="relatedto"/>
      </target>
    </element>
    <element>
      <code value="45"/>
      <target>
        <code value="119"/>
        <equivalence value="relatedto"/>
      </target>
    </element>
    <element>
      <code value="45"/>
      <target>
        <code value="120"/>
        <equivalence value="relatedto"/>
      </target>
    </element>
    <element>
      <code value="45"/>
      <target>
        <code value="121"/>
        <equivalence value="relatedto"/>
      </target>
    </element>
    <element>
      <code value="45"/>
      <target>
        <code value="122"/>
        <equivalence value="relatedto"/>
      </target>
    </element>
    <element>
      <code value="45"/>
      <target>
        <code value="127"/>
        <equivalence value="relatedto"/>
      </target>
    </element>
    <element>
      <code value="45"/>
      <target>
        <code value="124"/>
        <equivalence value="relatedto"/>
      </target>
    </element>
    <element>
      <code value="188"/>
      <target>
        <code value="125"/>
        <equivalence value="relatedto"/>
      </target>
    </element>
    <element>
      <code value="188"/>
      <target>
        <code value="126"/>
        <equivalence value="relatedto"/>
      </target>
    </element>
    <element>
      <code value="188"/>
      <target>
        <code value="127"/>
        <equivalence value="relatedto"/>
      </target>
    </element>
    <element>
      <code value="188"/>
      <target>
        <code value="128"/>
        <equivalence value="relatedto"/>
      </target>
    </element>
    <element>
      <code value="188"/>
      <target>
        <code value="135"/>
        <equivalence value="relatedto"/>
      </target>
    </element>
    <element>
      <code value="188"/>
      <target>
        <code value="136"/>
        <equivalence value="relatedto"/>
      </target>
    </element>
    <element>
      <code value="188"/>
      <target>
        <code value="146"/>
        <equivalence value="relatedto"/>
      </target>
    </element>
    <element>
      <code value="188"/>
      <target>
        <code value="147"/>
        <equivalence value="relatedto"/>
      </target>
    </element>
    <element>
      <code value="45"/>
      <target>
        <code value="148"/>
        <equivalence value="relatedto"/>
      </target>
    </element>
    <element>
      <code value="41"/>
      <target>
        <code value="150"/>
        <equivalence value="relatedto"/>
      </target>
    </element>
    <element>
      <code value="41"/>
      <target>
        <code value="151"/>
        <equivalence value="relatedto"/>
      </target>
    </element>
    <element>
      <code value="41"/>
      <target>
        <code value="152"/>
        <equivalence value="relatedto"/>
      </target>
    </element>
    <element>
      <code value="41"/>
      <target>
        <code value="153"/>
        <equivalence value="relatedto"/>
      </target>
    </element>
    <element>
      <code value="188"/>
      <target>
        <code value="157"/>
        <equivalence value="relatedto"/>
      </target>
    </element>
    <element>
      <code value="188"/>
      <target>
        <code value="158"/>
        <equivalence value="relatedto"/>
      </target>
    </element>
    <element>
      <code value="188"/>
      <target>
        <code value="159"/>
        <equivalence value="relatedto"/>
      </target>
    </element>
    <element>
      <code value="54"/>
      <target>
        <code value="168"/>
        <equivalence value="relatedto"/>
      </target>
    </element>
    <element>
      <code value="54"/>
      <target>
        <code value="170"/>
        <equivalence value="relatedto"/>
      </target>
    </element>
    <element>
      <code value="37"/>
      <target>
        <code value="173"/>
        <equivalence value="relatedto"/>
      </target>
    </element>
    <element>
      <code value="37"/>
      <target>
        <code value="174"/>
        <equivalence value="relatedto"/>
      </target>
    </element>
    <element>
      <code value="188"/>
      <target>
        <code value="184"/>
        <equivalence value="relatedto"/>
      </target>
    </element>
    <element>
      <code value="188"/>
      <target>
        <code value="204"/>
        <equivalence value="relatedto"/>
      </target>
    </element>
    <element>
      <code value="188"/>
      <target>
        <code value="253"/>
        <equivalence value="relatedto"/>
      </target>
    </element>
    <element>
      <code value="51"/>
      <target>
        <code value="92"/>
        <equivalence value="relatedto"/>
      </target>
    </element>
    <element>
      <code value="51"/>
      <target>
        <code value="93"/>
        <equivalence value="relatedto"/>
      </target>
    </element>
    <element>
      <code value="51"/>
      <target>
        <code value="172"/>
        <equivalence value="relatedto"/>
      </target>
    </element>
    <element>
      <code value="46"/>
      <target>
        <code value="86"/>
        <equivalence value="relatedto"/>
      </target>
    </element>
    <element>
      <code value="46"/>
      <target>
        <code value="113"/>
        <equivalence value="relatedto"/>
      </target>
    </element>
    <element>
      <code value="46"/>
      <target>
        <code value="114"/>
        <equivalence value="relatedto"/>
      </target>
    </element>
    <element>
      <code value="46"/>
      <target>
        <code value="115"/>
        <equivalence value="relatedto"/>
      </target>
    </element>
    <element>
      <code value="46"/>
      <target>
        <code value="116"/>
        <equivalence value="relatedto"/>
      </target>
    </element>
    <element>
      <code value="46"/>
      <target>
        <code value="117"/>
        <equivalence value="relatedto"/>
      </target>
    </element>
    <element>
      <code value="46"/>
      <target>
        <code value="118"/>
        <equivalence value="relatedto"/>
      </target>
    </element>
    <element>
      <code value="46"/>
      <target>
        <code value="119"/>
        <equivalence value="relatedto"/>
      </target>
    </element>
    <element>
      <code value="46"/>
      <target>
        <code value="120"/>
        <equivalence value="relatedto"/>
      </target>
    </element>
    <element>
      <code value="46"/>
      <target>
        <code value="121"/>
        <equivalence value="relatedto"/>
      </target>
    </element>
    <element>
      <code value="46"/>
      <target>
        <code value="122"/>
        <equivalence value="relatedto"/>
      </target>
    </element>
    <element>
      <code value="46"/>
      <target>
        <code value="124"/>
        <equivalence value="relatedto"/>
      </target>
    </element>
    <element>
      <code value="46"/>
      <target>
        <code value="127"/>
        <equivalence value="relatedto"/>
      </target>
    </element>
    <element>
      <code value="46"/>
      <target>
        <code value="148"/>
        <equivalence value="relatedto"/>
      </target>
    </element>
    <element>
      <code value="49"/>
      <target>
        <code value="100"/>
        <equivalence value="relatedto"/>
      </target>
    </element>
    <element>
      <code value="49"/>
      <target>
        <code value="109"/>
        <equivalence value="relatedto"/>
      </target>
    </element>
    <element>
      <code value="49"/>
      <target>
        <code value="112"/>
        <equivalence value="relatedto"/>
      </target>
    </element>
    <element>
      <code value="49"/>
      <target>
        <code value="124"/>
        <equivalence value="relatedto"/>
      </target>
    </element>
    <element>
      <code value="49"/>
      <target>
        <code value="173"/>
        <equivalence value="relatedto"/>
      </target>
    </element>
    <element>
      <code value="49"/>
      <target>
        <code value="174"/>
        <equivalence value="relatedto"/>
      </target>
    </element>
  </group>
</ConceptMap>