<?xml version="1.0" encoding="UTF-8"?>

<ConceptMap xmlns="http://hl7.org/fhir">
  <id value="ASS-X11-FinessAgregatStatutJuridique"/>
  <text>
    <status value="generated"/><div xmlns="http://www.w3.org/1999/xhtml"><p class="res-header-id"><b>Generated Narrative: ConceptMap ASS-X11-FinessAgregatStatutJuridique</b></p><a name="ASS-X11-FinessAgregatStatutJuridique"> </a><a name="hcASS-X11-FinessAgregatStatutJuridique"> </a><a name="ASS-X11-FinessAgregatStatutJuridique-fr-FR"> </a><p>Mapping from (non spécifié) to (non spécifié)</p><br/></div>
  </text>
  <url value="https://mos.esante.gouv.fr/NOS/ASS-X11-FinessAgregatStatutJuridique"/>
  <version value="5.0.0"/>
  <name value="ASS_X11_FinessAgregatStatutJuridique"/>
  <title value="ASS_X11_FinessAgregatStatutJuridique"/>
  <status value="active"/>
  <experimental value="false"/>
  <date value="2025-11-03T13:37:04+00:00"/>
  <publisher value="ANS"/>
  <contact>
    <name value="ANS"/>
    <telecom>
      <system value="url"/>
      <value value="https://esante.gouv.fr"/>
    </telecom>
  </contact>
  <description value="ASS_X11_FinessAgregatStatutJuridique"/>
  <jurisdiction>
    <coding>
      <system value="urn:iso:std:iso:3166"/>
      <code value="FRA"/>
    </coding>
  </jurisdiction>
</ConceptMap>