<?xml version="1.0" encoding="UTF-8"?>

<ValueSet xmlns="http://hl7.org/fhir">
  <id value="jdv-disposition-pretherapeutique-cisis"/>
  <meta>
    <versionId value="3"/>
    <lastUpdated value="2025-06-25T09:13:49.042+00:00"/>
    <profile value="http://hl7.org/fhir/StructureDefinition/shareablevalueset"/>
  </meta>
  <language value="fr-FR"/>
  <text>
    <status value="generated"/><div xmlns="http://www.w3.org/1999/xhtml" xml:lang="fr-FR" lang="fr-FR"><p class="res-header-id"><b>Generated Narrative: ValueSet jdv-disposition-pretherapeutique-cisis</b></p><a name="jdv-disposition-pretherapeutique-cisis"> </a><a name="hcjdv-disposition-pretherapeutique-cisis"> </a><a name="jdv-disposition-pretherapeutique-cisis-fr-FR"> </a><div style="display: inline-block; background-color: #d9e0e7; padding: 6px; margin: 4px; border: 1px solid #8da1b4; border-radius: 5px; line-height: 60%"><p style="margin-bottom: 0px">version: 3; Last updated: 2025-06-25 09:13:49+0000; Language: fr-FR</p><p style="margin-bottom: 0px">Profil: <a href="http://hl7.org/fhir/R4/shareablevalueset.html">Shareable ValueSet</a></p></div><p>Ce jeu de valeur (ValueSet) inclut les codes selon les règles suivantes :</p><ul><li>Include ces codes sont définis dans <a href="CodeSystem-terminologie-cisis.html"><code>https://smt.esante.gouv.fr/fhir/CodeSystem/terminologie-cisis</code></a><table class="none"><tr><td style="white-space:nowrap"><b>Code</b></td><td><b>Display</b></td></tr><tr><td><a href="CodeSystem-terminologie-cisis.html#terminologie-cisis-MED-495">MED-495</a></td><td>Aspirine dans les 24h d'hospitalisation</td></tr><tr><td><a href="CodeSystem-terminologie-cisis.html#terminologie-cisis-MED-496">MED-496</a></td><td>Posologie aspirine entre 160 et 300 mg</td></tr><tr><td><a href="CodeSystem-terminologie-cisis.html#terminologie-cisis-MED-497">MED-497</a></td><td>Contre-indication aspirine</td></tr><tr><td><a href="CodeSystem-terminologie-cisis.html#terminologie-cisis-MED-500">MED-500</a></td><td>Inclusion dans protocole</td></tr><tr><td><a href="CodeSystem-terminologie-cisis.html#terminologie-cisis-MED-501">MED-501</a></td><td>Date de consentement au protocole</td></tr></table></li><li>Include ces codes sont définis dans <a href="http://loinc.org"><code>http://loinc.org</code></a><table class="none"><tr><td style="white-space:nowrap"><b>Code</b></td><td><b>Display</b></td></tr><tr><td><a href="https://loinc.org/42796-3/">42796-3</a></td><td>Nom du protocole d'essai clinique</td></tr></table></li><li>Include ces codes sont définis dans <a href="http://www.snomed.org/"><code>http://snomed.info/sct</code></a><table class="none"><tr><td style="white-space:nowrap"><b>Code</b></td><td><b>Display</b></td></tr><tr><td><a href="http://snomed.info/id/233428003">233428003</a></td><td>thrombolyse d'une veine</td></tr><tr><td><a href="http://snomed.info/id/43810009">43810009</a></td><td>thrombectomie</td></tr></table></li><li>Include ces codes sont définis dans <a href="CodeSystem-terminologie-atc.html"><code>https://smt.esante.gouv.fr/terminologie-atc</code></a><table class="none"><tr><td style="white-space:nowrap"><b>Code</b></td><td><b>Display</b></td></tr><tr><td>B01AC04</td><td>clopidogrel</td></tr><tr><td>B01AB01</td><td>héparine</td></tr></table></li></ul></div>
  </text>
  <extension url="http://hl7.org/fhir/StructureDefinition/resource-effectivePeriod">
    <valuePeriod>
      <start value="2010-01-01T00:00:00+01:00"/>
    </valuePeriod>
  </extension>
  <url value="https://smt.esante.gouv.fr/fhir/ValueSet/jdv-disposition-pretherapeutique-cisis"/>
  <identifier>
    <system value="urn:ietf:rfc:3986"/>
    <value value="urn:oid:1.2.250.1.213.1.1.5.216"/>
  </identifier>
  <version value="20250624152100"/>
  <name value="JdvDispositionPretherapeutiqueCisis"/>
  <title value="JDV Disposition Pretherapeutique CISIS"/>
  <status value="active"/>
  <experimental value="false"/>
  <date value="2025-06-24T15:21:00+01:00"/>
  <publisher value="Agence du Numérique en Santé(ANS) -2 - 10 Rue d'Oradour-sur-Glane, 75015 Paris"/>
  <description value="JDV Disposition Pretherapeutique CISIS"/>
  <jurisdiction>
    <coding>
      <system value="urn:iso:std:iso:3166"/>
      <code value="FRA"/>
    </coding>
  </jurisdiction>
  <compose>
    <include>
      <system value="https://smt.esante.gouv.fr/fhir/CodeSystem/terminologie-cisis"/>
      <concept>
        <code value="MED-495"/>
        <display value="Aspirine dans les 24h d'hospitalisation"/>
      </concept>
      <concept>
        <code value="MED-496"/>
        <display value="Posologie aspirine entre 160 et 300 mg"/>
      </concept>
      <concept>
        <code value="MED-497"/>
        <display value="Contre-indication aspirine"/>
      </concept>
      <concept>
        <code value="MED-500"/>
        <display value="Inclusion dans protocole"/>
      </concept>
      <concept>
        <code value="MED-501"/>
        <display value="Date de consentement au protocole"/>
      </concept>
    </include>
    <include>
      <system value="http://loinc.org"/>
      <concept>
        <code value="42796-3"/>
        <display value="Nom du protocole d'essai clinique"/>
      </concept>
    </include>
    <include>
      <system value="http://snomed.info/sct"/>
      <concept>
        <code value="233428003"/>
        <display value="thrombolyse d'une veine"/>
      </concept>
      <concept>
        <code value="43810009"/>
        <display value="thrombectomie"/>
      </concept>
    </include>
    <include>
      <system value="https://smt.esante.gouv.fr/terminologie-atc"/>
      <concept>
        <code value="B01AC04"/>
        <display value="clopidogrel"/>
      </concept>
      <concept>
        <code value="B01AB01"/>
        <display value="héparine"/>
      </concept>
    </include>
  </compose>
</ValueSet>