<?xml version="1.0" encoding="UTF-8"?>

<ValueSet xmlns="http://hl7.org/fhir">
  <id value="jdv-resultat-depistage-urobilinogenurie-cisis"/>
  <meta>
    <versionId value="5"/>
    <lastUpdated value="2025-10-29T10:44:37.871+01:00"/>
    <profile value="http://hl7.org/fhir/StructureDefinition/shareablevalueset"/>
  </meta>
  <language value="fr-FR"/>
  <text>
    <status value="generated"/><div xmlns="http://www.w3.org/1999/xhtml" xml:lang="fr-FR" lang="fr-FR"><p class="res-header-id"><b>Generated Narrative: ValueSet jdv-resultat-depistage-urobilinogenurie-cisis</b></p><a name="jdv-resultat-depistage-urobilinogenurie-cisis"> </a><a name="hcjdv-resultat-depistage-urobilinogenurie-cisis"> </a><a name="jdv-resultat-depistage-urobilinogenurie-cisis-fr-FR"> </a><div style="display: inline-block; background-color: #d9e0e7; padding: 6px; margin: 4px; border: 1px solid #8da1b4; border-radius: 5px; line-height: 60%"><p style="margin-bottom: 0px">version: 5; Last updated: 2025-10-29 10:44:37+0100; Language: fr-FR</p><p style="margin-bottom: 0px">Profil: <a href="http://hl7.org/fhir/R4/shareablevalueset.html">Shareable ValueSet</a></p></div><ul><li>Include ces codes sont définis dans <a href="http://www.snomed.org/"><code>http://snomed.info/sct</code></a><table class="none"><tr><td style="white-space:nowrap"><b>Code</b></td><td><b>Display</b></td></tr><tr><td><a href="http://snomed.info/id/17621005">17621005</a></td><td>normal</td></tr><tr><td><a href="http://snomed.info/id/10828004">10828004</a></td><td>positif(-ive)</td></tr></table></li></ul></div>
  </text>
  <extension url="http://hl7.org/fhir/StructureDefinition/resource-effectivePeriod">
    <valuePeriod>
      <start value="2024-03-07T00:00:00+01:00"/>
    </valuePeriod>
  </extension>
  <url value="https://smt.esante.gouv.fr/fhir/ValueSet/jdv-resultat-depistage-urobilinogenurie-cisis"/>
  <identifier>
    <system value="urn:ietf:rfc:3986"/>
    <value value="urn:oid:1.2.250.1.213.1.1.5.779"/>
  </identifier>
  <version value="20251028115832"/>
  <name value="JdvResultatDepistageUrobilinogenurieCisis"/>
  <title value="JDV Resultat Depistage Urobilinogenurie CISIS"/>
  <status value="active"/>
  <experimental value="false"/>
  <date value="2025-10-28T11:58:32+01:00"/>
  <publisher value="Agence du Numérique en Santé(ANS) -2 - 10 Rue d'Oradour-sur-Glane, 75015 Paris"/>
  <description value="JDV Resultat Depistage Urobilinogenurie CISIS"/>
  <jurisdiction>
    <coding>
      <system value="urn:iso:std:iso:3166"/>
      <code value="FRA"/>
    </coding>
  </jurisdiction>
  <compose>
    <include>
      <system value="http://snomed.info/sct"/>
      <concept>
        <code value="17621005"/>
        <display value="normal"/>
      </concept>
      <concept>
        <code value="10828004"/>
        <display value="positif(-ive)"/>
      </concept>
    </include>
  </compose>
</ValueSet>