<?xml version="1.0" encoding="UTF-8"?>

<ValueSet xmlns="http://hl7.org/fhir">
  <id value="jdv-ufcv-stade-nyha-cisis"/>
  <meta>
    <versionId value="4"/>
    <lastUpdated value="2025-10-29T10:45:14.572+01:00"/>
    <profile value="http://hl7.org/fhir/StructureDefinition/shareablevalueset"/>
  </meta>
  <language value="fr-FR"/>
  <text>
    <status value="generated"/><div xmlns="http://www.w3.org/1999/xhtml" xml:lang="fr-FR" lang="fr-FR"><p class="res-header-id"><b>Generated Narrative: ValueSet jdv-ufcv-stade-nyha-cisis</b></p><a name="jdv-ufcv-stade-nyha-cisis"> </a><a name="hcjdv-ufcv-stade-nyha-cisis"> </a><a name="jdv-ufcv-stade-nyha-cisis-fr-FR"> </a><div style="display: inline-block; background-color: #d9e0e7; padding: 6px; margin: 4px; border: 1px solid #8da1b4; border-radius: 5px; line-height: 60%"><p style="margin-bottom: 0px">version: 4; Last updated: 2025-10-29 10:45:14+0100; Language: fr-FR</p><p style="margin-bottom: 0px">Profil: <a href="http://hl7.org/fhir/R4/shareablevalueset.html">Shareable ValueSet</a></p></div><ul><li>Include ces codes sont définis dans <a href="http://www.snomed.org/"><code>http://snomed.info/sct</code></a><table class="none"><tr><td style="white-space:nowrap"><b>Code</b></td><td><b>Display</b></td></tr><tr><td><a href="http://snomed.info/id/420300004">420300004</a></td><td>classe I de la New York Heart Association Classification</td></tr><tr><td><a href="http://snomed.info/id/421704003">421704003</a></td><td>classe II de la New York Heart Association Classification</td></tr><tr><td><a href="http://snomed.info/id/420913000">420913000</a></td><td>classe III de la New York Heart Association Classification</td></tr><tr><td><a href="http://snomed.info/id/422293003">422293003</a></td><td>classe IV de la New York Heart Association Classification</td></tr></table></li></ul></div>
  </text>
  <extension url="http://hl7.org/fhir/StructureDefinition/resource-effectivePeriod">
    <valuePeriod>
      <start value="2010-01-01T00:00:00+01:00"/>
    </valuePeriod>
  </extension>
  <url value="https://smt.esante.gouv.fr/fhir/ValueSet/jdv-ufcv-stade-nyha-cisis"/>
  <identifier>
    <system value="urn:ietf:rfc:3986"/>
    <value value="urn:oid:1.2.250.1.213.1.1.4.2.6"/>
  </identifier>
  <version value="20251028115835"/>
  <name value="JdvUfcvStadeNyhaCisis"/>
  <title value="JDV UFCV Stade Nyha CISIS"/>
  <status value="active"/>
  <experimental value="false"/>
  <date value="2025-10-28T11:58:35+01:00"/>
  <publisher value="Agence du Numérique en Santé(ANS) -2 - 10 Rue d'Oradour-sur-Glane, 75015 Paris"/>
  <description value="JDV UFCV Stade Nyha CISIS"/>
  <jurisdiction>
    <coding>
      <system value="urn:iso:std:iso:3166"/>
      <code value="FRA"/>
    </coding>
  </jurisdiction>
  <compose>
    <include>
      <system value="http://snomed.info/sct"/>
      <concept>
        <code value="420300004"/>
        <display value="classe I de la New York Heart Association Classification"/>
      </concept>
      <concept>
        <code value="421704003"/>
        <display value="classe II de la New York Heart Association Classification"/>
      </concept>
      <concept>
        <code value="420913000"/>
        <display value="classe III de la New York Heart Association Classification"/>
      </concept>
      <concept>
        <code value="422293003"/>
        <display value="classe IV de la New York Heart Association Classification"/>
      </concept>
    </include>
  </compose>
</ValueSet>