<?xml version="1.0" encoding="UTF-8"?>

<ValueSet xmlns="http://hl7.org/fhir">
  <id value="jdv-presentation-foetale-cisis"/>
  <meta>
    <versionId value="4"/>
    <lastUpdated value="2025-06-25T09:15:29.671+00:00"/>
    <profile value="http://hl7.org/fhir/StructureDefinition/shareablevalueset"/>
  </meta>
  <language value="fr-FR"/>
  <text>
    <status value="generated"/><div xmlns="http://www.w3.org/1999/xhtml" xml:lang="fr-FR" lang="fr-FR"><p class="res-header-id"><b>Generated Narrative: ValueSet jdv-presentation-foetale-cisis</b></p><a name="jdv-presentation-foetale-cisis"> </a><a name="hcjdv-presentation-foetale-cisis"> </a><a name="jdv-presentation-foetale-cisis-fr-FR"> </a><div style="display: inline-block; background-color: #d9e0e7; padding: 6px; margin: 4px; border: 1px solid #8da1b4; border-radius: 5px; line-height: 60%"><p style="margin-bottom: 0px">version: 4; Last updated: 2025-06-25 09:15:29+0000; Language: fr-FR</p><p style="margin-bottom: 0px">Profil: <a href="http://hl7.org/fhir/R4/shareablevalueset.html">Shareable ValueSet</a></p></div><p>Ce jeu de valeur (ValueSet) inclut les codes selon les règles suivantes :</p><ul><li>Include ces codes sont définis dans <a href="CodeSystem-terminologie-cisis.html"><code>https://smt.esante.gouv.fr/fhir/CodeSystem/terminologie-cisis</code></a><table class="none"><tr><td style="white-space:nowrap"><b>Code</b></td><td><b>Display</b></td></tr><tr><td><a href="CodeSystem-terminologie-cisis.html#terminologie-cisis-MED-1245">MED-1245</a></td><td>Occipito-pubien</td></tr><tr><td><a href="CodeSystem-terminologie-cisis.html#terminologie-cisis-MED-1246">MED-1246</a></td><td>Occipito-sacré</td></tr></table></li><li>Include ces codes sont définis dans <a href="http://www.snomed.org/"><code>http://snomed.info/sct</code></a><table class="none"><tr><td style="white-space:nowrap"><b>Code</b></td><td><b>Display</b></td></tr><tr><td><a href="http://snomed.info/id/70028003">70028003</a></td><td>présentation du sommet</td></tr><tr><td><a href="http://snomed.info/id/289366006">289366006</a></td><td>malposition du fœtus par présentation de la face</td></tr><tr><td><a href="http://snomed.info/id/289367002">289367002</a></td><td>malposition du fœtus par présentation du front</td></tr><tr><td><a href="http://snomed.info/id/49168004">49168004</a></td><td>présentation en siège complet</td></tr><tr><td><a href="http://snomed.info/id/38049006">38049006</a></td><td>présentation de siège décomplété</td></tr><tr><td><a href="http://snomed.info/id/289368007">289368007</a></td><td>malposition du foetus par présentation de l'épaule</td></tr><tr><td><a href="http://snomed.info/id/249082000">249082000</a></td><td>présentation par la grande fontanelle</td></tr></table></li></ul></div>
  </text>
  <extension url="http://hl7.org/fhir/StructureDefinition/resource-effectivePeriod">
    <valuePeriod>
      <start value="2023-08-03T00:00:00+01:00"/>
    </valuePeriod>
  </extension>
  <url value="https://smt.esante.gouv.fr/fhir/ValueSet/jdv-presentation-foetale-cisis"/>
  <identifier>
    <system value="urn:ietf:rfc:3986"/>
    <value value="urn:oid:1.2.250.1.213.1.1.5.746"/>
  </identifier>
  <version value="20250624152100"/>
  <name value="JdvPresentationFoetaleCisis"/>
  <title value="JDV Presentation Foetale CISIS"/>
  <status value="active"/>
  <experimental value="false"/>
  <date value="2025-06-24T15:21:00+01:00"/>
  <publisher value="Agence du Numérique en Santé(ANS) -2 - 10 Rue d'Oradour-sur-Glane, 75015 Paris"/>
  <description value="JDV Presentation Foetale CISIS"/>
  <jurisdiction>
    <coding>
      <system value="urn:iso:std:iso:3166"/>
      <code value="FRA"/>
    </coding>
  </jurisdiction>
  <compose>
    <include>
      <system value="https://smt.esante.gouv.fr/fhir/CodeSystem/terminologie-cisis"/>
      <concept>
        <code value="MED-1245"/>
        <display value="Occipito-pubien"/>
      </concept>
      <concept>
        <code value="MED-1246"/>
        <display value="Occipito-sacré"/>
      </concept>
    </include>
    <include>
      <system value="http://snomed.info/sct"/>
      <concept>
        <code value="70028003"/>
        <display value="présentation du sommet"/>
      </concept>
      <concept>
        <code value="289366006"/>
        <display value="malposition du fœtus par présentation de la face"/>
      </concept>
      <concept>
        <code value="289367002"/>
        <display value="malposition du fœtus par présentation du front"/>
      </concept>
      <concept>
        <code value="49168004"/>
        <display value="présentation en siège complet"/>
      </concept>
      <concept>
        <code value="38049006"/>
        <display value="présentation de siège décomplété"/>
      </concept>
      <concept>
        <code value="289368007"/>
        <display value="malposition du foetus par présentation de l'épaule"/>
      </concept>
      <concept>
        <code value="249082000"/>
        <display value="présentation par la grande fontanelle"/>
      </concept>
    </include>
  </compose>
</ValueSet>