{
  "resourceType" : "ValueSet",
  "id" : "jdv-ufcv-localisation-sonde-cisis",
  "meta" : {
    "versionId" : "4",
    "lastUpdated" : "2025-06-25T09:17:05.694+00:00",
    "profile" : ["http://hl7.org/fhir/StructureDefinition/shareablevalueset"]
  },
  "language" : "fr-FR",
  "text" : {
    "status" : "generated",
    "div" : "<div xmlns=\"http://www.w3.org/1999/xhtml\" xml:lang=\"fr-FR\" lang=\"fr-FR\"><p class=\"res-header-id\"><b>Generated Narrative: ValueSet jdv-ufcv-localisation-sonde-cisis</b></p><a name=\"jdv-ufcv-localisation-sonde-cisis\"> </a><a name=\"hcjdv-ufcv-localisation-sonde-cisis\"> </a><a name=\"jdv-ufcv-localisation-sonde-cisis-fr-FR\"> </a><div style=\"display: inline-block; background-color: #d9e0e7; padding: 6px; margin: 4px; border: 1px solid #8da1b4; border-radius: 5px; line-height: 60%\"><p style=\"margin-bottom: 0px\">version: 4; Last updated: 2025-06-25 09:17:05+0000; Language: fr-FR</p><p style=\"margin-bottom: 0px\">Profil: <a href=\"http://hl7.org/fhir/R4/shareablevalueset.html\">Shareable ValueSet</a></p></div><p>Ce jeu de valeur (ValueSet) inclut les codes selon les règles suivantes :</p><ul><li>Include ces codes sont définis dans <a href=\"CodeSystem-terminologie-cisis.html\"><code>https://smt.esante.gouv.fr/fhir/CodeSystem/terminologie-cisis</code></a><table class=\"none\"><tr><td style=\"white-space:nowrap\"><b>Code</b></td><td><b>Display</b></td></tr><tr><td><a href=\"CodeSystem-terminologie-cisis.html#terminologie-cisis-MED-1314\">MED-1314</a></td><td>Paroi Libre de l’OD</td></tr><tr><td><a href=\"CodeSystem-terminologie-cisis.html#terminologie-cisis-MED-1315\">MED-1315</a></td><td>Plancher VD</td></tr><tr><td><a href=\"CodeSystem-terminologie-cisis.html#terminologie-cisis-MED-1316\">MED-1316</a></td><td>Veine cardiaque latérale gauche</td></tr></table></li><li>Include ces codes sont définis dans <a href=\"http://www.snomed.org/\"><code>http://snomed.info/sct</code></a><table class=\"none\"><tr><td style=\"white-space:nowrap\"><b>Code</b></td><td><b>Display</b></td></tr><tr><td><a href=\"http://snomed.info/id/13383001\">13383001</a></td><td>apex du cœur</td></tr><tr><td><a href=\"http://snomed.info/id/49082002\">49082002</a></td><td>petite veine cardiaque</td></tr><tr><td><a href=\"http://snomed.info/id/5928000\">5928000</a></td><td>grande veine cardiaque</td></tr><tr><td><a href=\"http://snomed.info/id/589001\">589001</a></td><td>septum interventriculaire</td></tr><tr><td><a href=\"http://snomed.info/id/44627009\">44627009</a></td><td>voie efférente du ventricule droit</td></tr><tr><td><a href=\"http://snomed.info/id/6871001\">6871001</a></td><td>péricarde viscéral</td></tr><tr><td><a href=\"http://snomed.info/id/68300000\">68300000</a></td><td>appendice atrial droite</td></tr><tr><td><a href=\"http://snomed.info/id/195416006\">195416006</a></td><td>veine postérieure du ventricule gauche</td></tr></table></li></ul></div>"
  },
  "extension" : [{
    "url" : "http://hl7.org/fhir/StructureDefinition/resource-effectivePeriod",
    "valuePeriod" : {
      "start" : "2010-01-01T00:00:00+01:00"
    }
  }],
  "url" : "https://smt.esante.gouv.fr/fhir/ValueSet/jdv-ufcv-localisation-sonde-cisis",
  "identifier" : [{
    "system" : "urn:ietf:rfc:3986",
    "value" : "urn:oid:1.2.250.1.213.1.1.4.2.15"
  }],
  "version" : "20250624152101",
  "name" : "JdvUfcvLocalisationSondeCisis",
  "title" : "JDV UFCV Localisation Sonde CISIS",
  "status" : "active",
  "experimental" : false,
  "date" : "2025-06-24T15:21:01+01:00",
  "publisher" : "Agence du Numérique en Santé(ANS) -2 - 10 Rue d'Oradour-sur-Glane, 75015 Paris",
  "description" : "JDV UFCV Localisation Sonde CISIS",
  "jurisdiction" : [{
    "coding" : [{
      "system" : "urn:iso:std:iso:3166",
      "code" : "FR"
    }]
  }],
  "compose" : {
    "include" : [{
      "system" : "https://smt.esante.gouv.fr/fhir/CodeSystem/terminologie-cisis",
      "concept" : [{
        "code" : "MED-1314",
        "display" : "Paroi Libre de l’OD"
      },
      {
        "code" : "MED-1315",
        "display" : "Plancher VD"
      },
      {
        "code" : "MED-1316",
        "display" : "Veine cardiaque latérale gauche"
      }]
    },
    {
      "system" : "http://snomed.info/sct",
      "concept" : [{
        "code" : "13383001",
        "display" : "apex du cœur"
      },
      {
        "code" : "49082002",
        "display" : "petite veine cardiaque"
      },
      {
        "code" : "5928000",
        "display" : "grande veine cardiaque"
      },
      {
        "code" : "589001",
        "display" : "septum interventriculaire"
      },
      {
        "code" : "44627009",
        "display" : "voie efférente du ventricule droit"
      },
      {
        "code" : "6871001",
        "display" : "péricarde viscéral"
      },
      {
        "code" : "68300000",
        "display" : "appendice atrial droite"
      },
      {
        "code" : "195416006",
        "display" : "veine postérieure du ventricule gauche"
      }]
    }]
  }
}