{
  "resourceType" : "ValueSet",
  "id" : "jdv-observation-grossesse-cisis",
  "meta" : {
    "versionId" : "4",
    "lastUpdated" : "2025-06-25T09:15:22.627+00:00",
    "profile" : ["http://hl7.org/fhir/StructureDefinition/shareablevalueset"]
  },
  "language" : "fr-FR",
  "text" : {
    "status" : "generated",
    "div" : "<div xmlns=\"http://www.w3.org/1999/xhtml\" xml:lang=\"fr-FR\" lang=\"fr-FR\"><p class=\"res-header-id\"><b>Generated Narrative: ValueSet jdv-observation-grossesse-cisis</b></p><a name=\"jdv-observation-grossesse-cisis\"> </a><a name=\"hcjdv-observation-grossesse-cisis\"> </a><a name=\"jdv-observation-grossesse-cisis-fr-FR\"> </a><div style=\"display: inline-block; background-color: #d9e0e7; padding: 6px; margin: 4px; border: 1px solid #8da1b4; border-radius: 5px; line-height: 60%\"><p style=\"margin-bottom: 0px\">version: 4; Last updated: 2025-06-25 09:15:22+0000; Language: fr-FR</p><p style=\"margin-bottom: 0px\">Profil: <a href=\"http://hl7.org/fhir/R4/shareablevalueset.html\">Shareable ValueSet</a></p></div><p>Ce jeu de valeur (ValueSet) inclut les codes selon les règles suivantes :</p><ul><li>Include ces codes sont définis dans <a href=\"CodeSystem-terminologie-cisis.html\"><code>https://smt.esante.gouv.fr/fhir/CodeSystem/terminologie-cisis</code></a><table class=\"none\"><tr><td style=\"white-space:nowrap\"><b>Code</b></td><td><b>Display</b></td></tr><tr><td><a href=\"CodeSystem-terminologie-cisis.html#terminologie-cisis-MED-1184\">MED-1184</a></td><td>Nombre d'enfants nés vivants et décédés avant 28 jours</td></tr><tr><td><a href=\"CodeSystem-terminologie-cisis.html#terminologie-cisis-MED-1185\">MED-1185</a></td><td>Grossesse extra-utérine</td></tr><tr><td><a href=\"CodeSystem-terminologie-cisis.html#terminologie-cisis-ORG-173\">ORG-173</a></td><td>Projet de grossesse</td></tr><tr><td><a href=\"CodeSystem-terminologie-cisis.html#terminologie-cisis-MED-280\">MED-280</a></td><td>Accouchement récent</td></tr></table></li><li>Include ces codes sont définis dans <a href=\"http://loinc.org\"><code>http://loinc.org</code></a><table class=\"none\"><tr><td style=\"white-space:nowrap\"><b>Code</b></td><td><b>Display</b></td></tr><tr><td><a href=\"https://loinc.org/8339-4/\">8339-4</a></td><td>Poids à la naissance</td></tr><tr><td><a href=\"https://loinc.org/8665-2/\">8665-2</a></td><td>Date des dernières règles</td></tr><tr><td><a href=\"https://loinc.org/8678-5/\">8678-5</a></td><td>Statut de l'état menstruel</td></tr><tr><td><a href=\"https://loinc.org/11449-6/\">11449-6</a></td><td>Statut de grossesse</td></tr><tr><td><a href=\"https://loinc.org/11612-9/\">11612-9</a></td><td>Nombre d'interruptions de grossesse</td></tr><tr><td><a href=\"https://loinc.org/11613-7/\">11613-7</a></td><td>Nombre d'interruptions volontaires de grossesse</td></tr><tr><td><a href=\"https://loinc.org/11614-5/\">11614-5</a></td><td>Nombre d'interruptions involontaires de grossesse</td></tr><tr><td><a href=\"https://loinc.org/11636-8/\">11636-8</a></td><td>Nombre d'enfants nés vivants</td></tr><tr><td><a href=\"https://loinc.org/11637-6/\">11637-6</a></td><td>Nombre d'enfants prématurés (nés avant 37 semaines)</td></tr><tr><td><a href=\"https://loinc.org/11638-4/\">11638-4</a></td><td>Nombre d'enfants vivants</td></tr><tr><td><a href=\"https://loinc.org/11639-2/\">11639-2</a></td><td>Nombre d'enfants nés à terme (premier jour (259e jour) de la 38e semaine suivant le début des dernières règles)</td></tr><tr><td><a href=\"https://loinc.org/11640-0/\">11640-0</a></td><td>Nombre total de naissances, y compris les avortements, les mortinaissances et les naissances vivantes.</td></tr><tr><td><a href=\"https://loinc.org/11778-8/\">11778-8</a></td><td>Date estimée de l'accouchement</td></tr><tr><td><a href=\"https://loinc.org/11779-6/\">11779-6</a></td><td>Date estimée de l'accouchement à partir de la dernière période menstruelle</td></tr><tr><td><a href=\"https://loinc.org/11780-4/\">11780-4</a></td><td>Date estimée de l'accouchement à partir de la date d'ovulation</td></tr><tr><td><a href=\"https://loinc.org/11884-4/\">11884-4</a></td><td>Age gestationnel du fœtus (estimation clinique)</td></tr><tr><td><a href=\"https://loinc.org/11885-1/\">11885-1</a></td><td>Age gestationnel (semaines d'amenorrhées révolues)</td></tr><tr><td><a href=\"https://loinc.org/11886-9/\">11886-9</a></td><td>Age gestationnel du fœtus à partir de la date d'ovulation</td></tr><tr><td><a href=\"https://loinc.org/11977-6/\">11977-6</a></td><td>Parité (nombre total d'accouchements y compris actuel)</td></tr><tr><td><a href=\"https://loinc.org/11996-6/\">11996-6</a></td><td>Gestité (nombre total de grossesses y compris actuelle)</td></tr><tr><td><a href=\"https://loinc.org/32396-4/\">32396-4</a></td><td>Durée de l'accouchement</td></tr><tr><td><a href=\"https://loinc.org/33065-4/\">33065-4</a></td><td>Nombre de grossesses extra-utérines</td></tr><tr><td><a href=\"https://loinc.org/45371-2/\">45371-2</a></td><td>Grossesse multiple</td></tr><tr><td><a href=\"https://loinc.org/49051-6/\">49051-6</a></td><td>Age gestationnel en semaines</td></tr><tr><td><a href=\"https://loinc.org/57062-2/\">57062-2</a></td><td>Nombre d'enfants mort-nés</td></tr><tr><td><a href=\"https://loinc.org/63895-7/\">63895-7</a></td><td>Allaitement</td></tr><tr><td><a href=\"https://loinc.org/42797-1/\">42797-1</a></td><td>Age à la première grossesse</td></tr><tr><td><a href=\"https://loinc.org/55281-0/\">55281-0</a></td><td>Nombre de fœtus</td></tr></table></li></ul></div>"
  },
  "extension" : [{
    "url" : "http://hl7.org/fhir/StructureDefinition/resource-effectivePeriod",
    "valuePeriod" : {
      "start" : "2020-03-27T00:00:00+01:00"
    }
  }],
  "url" : "https://smt.esante.gouv.fr/fhir/ValueSet/jdv-observation-grossesse-cisis",
  "identifier" : [{
    "system" : "urn:ietf:rfc:3986",
    "value" : "urn:oid:1.2.250.1.213.1.1.5.500"
  }],
  "version" : "20250624152100",
  "name" : "JdvObservationGrossesseCisis",
  "title" : "JDV Observation Grossesse CISIS",
  "status" : "active",
  "experimental" : false,
  "date" : "2025-06-24T15:21:00+01:00",
  "publisher" : "Agence du Numérique en Santé(ANS) -2 - 10 Rue d'Oradour-sur-Glane, 75015 Paris",
  "description" : "JDV Observation Grossesse CISIS",
  "jurisdiction" : [{
    "coding" : [{
      "system" : "urn:iso:std:iso:3166",
      "code" : "FR"
    }]
  }],
  "compose" : {
    "include" : [{
      "system" : "https://smt.esante.gouv.fr/fhir/CodeSystem/terminologie-cisis",
      "concept" : [{
        "code" : "MED-1184",
        "display" : "Nombre d'enfants nés vivants et décédés avant 28 jours"
      },
      {
        "code" : "MED-1185",
        "display" : "Grossesse extra-utérine"
      },
      {
        "code" : "ORG-173",
        "display" : "Projet de grossesse"
      },
      {
        "code" : "MED-280",
        "display" : "Accouchement récent"
      }]
    },
    {
      "system" : "http://loinc.org",
      "concept" : [{
        "code" : "8339-4",
        "display" : "Poids à la naissance"
      },
      {
        "code" : "8665-2",
        "display" : "Date des dernières règles"
      },
      {
        "code" : "8678-5",
        "display" : "Statut de l'état menstruel"
      },
      {
        "code" : "11449-6",
        "display" : "Statut de grossesse"
      },
      {
        "code" : "11612-9",
        "display" : "Nombre d'interruptions de grossesse"
      },
      {
        "code" : "11613-7",
        "display" : "Nombre d'interruptions volontaires de grossesse"
      },
      {
        "code" : "11614-5",
        "display" : "Nombre d'interruptions involontaires de grossesse"
      },
      {
        "code" : "11636-8",
        "display" : "Nombre d'enfants nés vivants"
      },
      {
        "code" : "11637-6",
        "display" : "Nombre d'enfants prématurés (nés avant 37 semaines)"
      },
      {
        "code" : "11638-4",
        "display" : "Nombre d'enfants vivants"
      },
      {
        "code" : "11639-2",
        "display" : "Nombre d'enfants nés à terme (premier jour (259e jour) de la 38e semaine suivant le début des dernières règles)"
      },
      {
        "code" : "11640-0",
        "display" : "Nombre total de naissances, y compris les avortements, les mortinaissances et les naissances vivantes."
      },
      {
        "code" : "11778-8",
        "display" : "Date estimée de l'accouchement"
      },
      {
        "code" : "11779-6",
        "display" : "Date estimée de l'accouchement à partir de la dernière période menstruelle"
      },
      {
        "code" : "11780-4",
        "display" : "Date estimée de l'accouchement à partir de la date d'ovulation"
      },
      {
        "code" : "11884-4",
        "display" : "Age gestationnel du fœtus (estimation clinique)"
      },
      {
        "code" : "11885-1",
        "display" : "Age gestationnel (semaines d'amenorrhées révolues)"
      },
      {
        "code" : "11886-9",
        "display" : "Age gestationnel du fœtus à partir de la date d'ovulation"
      },
      {
        "code" : "11977-6",
        "display" : "Parité (nombre total d'accouchements y compris actuel)"
      },
      {
        "code" : "11996-6",
        "display" : "Gestité (nombre total de grossesses y compris actuelle)"
      },
      {
        "code" : "32396-4",
        "display" : "Durée de l'accouchement"
      },
      {
        "code" : "33065-4",
        "display" : "Nombre de grossesses extra-utérines"
      },
      {
        "code" : "45371-2",
        "display" : "Grossesse multiple"
      },
      {
        "code" : "49051-6",
        "display" : "Age gestationnel en semaines"
      },
      {
        "code" : "57062-2",
        "display" : "Nombre d'enfants mort-nés"
      },
      {
        "code" : "63895-7",
        "display" : "Allaitement"
      },
      {
        "code" : "42797-1",
        "display" : "Age à la première grossesse"
      },
      {
        "code" : "55281-0",
        "display" : "Nombre de fœtus"
      }]
    }]
  }
}