{
  "resourceType" : "ValueSet",
  "id" : "JDV-J143-AdministrativeGender-CISIS",
  "meta" : {
    "versionId" : "4",
    "lastUpdated" : "2025-07-02T17:05:06.258+00:00",
    "profile" : ["http://hl7.org/fhir/StructureDefinition/shareablevalueset"]
  },
  "language" : "fr-FR",
  "text" : {
    "status" : "generated",
    "div" : "<div xml:lang=\"fr-FR\" xmlns=\"http://www.w3.org/1999/xhtml\" lang=\"fr-FR\"><p class=\"res-header-id\"><b>Narratif généré : EnsembleValeurs JDV-J143-AdministrativeGender-CISIS</b></p><a name=\"JDV-J143-AdministrativeGender-CISIS\"> </a><a name=\"hcJDV-J143-AdministrativeGender-CISIS\"> </a><div style=\"display: inline-block; background-color: #d9e0e7; padding: 6px; margin: 4px; border: 1px solid #8da1b4; border-radius: 5px; line-height: 60%\"><p style=\"margin-bottom: 0px\">version: 3; Dernière mise à jour : 2024-04-27 05:06:47+0000; Langue : fr-FR</p><p style=\"margin-bottom: 0px\">Profil: <a href=\"http://hl7.org/fhir/R4/shareablevalueset.html\">Shareable ValueSet</a></p></div><ul><li>Include les codes sont définis dans <a href=\"CodeSystem-TRE-R303-HL7v3AdministrativeGender.html\"><code>https://mos.esante.gouv.fr/NOS/TRE_R303-HL7v3AdministrativeGender/FHIR/TRE-R303-HL7v3AdministrativeGender</code></a><table class=\"none\"><tr><td style=\"white-space:nowrap\"><b>Code</b></td><td><b>Display</b></td></tr><tr><td><a href=\"CodeSystem-TRE-R303-HL7v3AdministrativeGender.html#TRE-R303-HL7v3AdministrativeGender-F\">F</a></td><td>Féminin</td></tr><tr><td><a href=\"CodeSystem-TRE-R303-HL7v3AdministrativeGender.html#TRE-R303-HL7v3AdministrativeGender-M\">M</a></td><td>Masculin</td></tr><tr><td><a href=\"CodeSystem-TRE-R303-HL7v3AdministrativeGender.html#TRE-R303-HL7v3AdministrativeGender-UN\">UN</a></td><td>Inconnu</td></tr></table></li></ul></div>"
  },
  "extension" : [{
    "url" : "http://hl7.org/fhir/StructureDefinition/resource-effectivePeriod",
    "valuePeriod" : {
      "start" : "2021-03-26T12:00:00+01:00"
    }
  }],
  "url" : "https://mos.esante.gouv.fr/NOS/JDV_J143-AdministrativeGender-CISIS/FHIR/JDV-J143-AdministrativeGender-CISIS",
  "identifier" : [{
    "system" : "urn:ietf:rfc:3986",
    "value" : "urn:oid:1.2.250.1.213.1.1.5.590"
  }],
  "version" : "20210326120000",
  "name" : "JDV_J143_AdministrativeGender_CISIS",
  "status" : "active",
  "experimental" : false,
  "date" : "2021-03-26T12:00:00+01:00",
  "publisher" : "Agence du Numérique en Santé (ANS) - 2-10 Rue d'Oradour-sur-Glane, 75015 Paris",
  "description" : "Sexe administratif CI-SIS",
  "jurisdiction" : [{
    "coding" : [{
      "system" : "urn:iso:std:iso:3166",
      "code" : "FR"
    }]
  }],
  "compose" : {
    "include" : [{
      "system" : "https://mos.esante.gouv.fr/NOS/TRE_R303-HL7v3AdministrativeGender/FHIR/TRE-R303-HL7v3AdministrativeGender",
      "concept" : [{
        "code" : "F",
        "display" : "Féminin"
      },
      {
        "code" : "M",
        "display" : "Masculin"
      },
      {
        "code" : "UN",
        "display" : "Inconnu"
      }]
    }]
  }
}