{
  "resourceType" : "ValueSet",
  "id" : "1.2.250.1.213.1.1.5.679",
  "meta" : {
    "versionId" : "4",
    "lastUpdated" : "2024-12-19T05:03:15.119+00:00",
    "profile" : ["http://hl7.org/fhir/StructureDefinition/shareablevalueset"]
  },
  "language" : "fr-FR",
  "text" : {
    "status" : "generated",
    "div" : "<div xmlns=\"http://www.w3.org/1999/xhtml\" xml:lang=\"fr-FR\" lang=\"fr-FR\"><p class=\"res-header-id\"><b>Generated Narrative: ValueSet 1.2.250.1.213.1.1.5.679</b></p><a name=\"1.2.250.1.213.1.1.5.679\"> </a><a name=\"hc1.2.250.1.213.1.1.5.679\"> </a><a name=\"1.2.250.1.213.1.1.5.679-fr-FR\"> </a><div style=\"display: inline-block; background-color: #d9e0e7; padding: 6px; margin: 4px; border: 1px solid #8da1b4; border-radius: 5px; line-height: 60%\"><p style=\"margin-bottom: 0px\">version: 4; Last updated: 2024-12-19 05:03:15+0000; Language: fr-FR</p><p style=\"margin-bottom: 0px\">Profil: <a href=\"http://hl7.org/fhir/R4/shareablevalueset.html\">Shareable ValueSet</a></p></div><p>Ce jeu de valeur (ValueSet) inclut les codes selon les règles suivantes :</p><ul><li>Include ces codes sont définis dans <code>http://terminology.hl7.org/CodeSystem/icd10</code><table class=\"none\"><tr><td style=\"white-space:nowrap\"><b>Code</b></td><td><b>Display</b></td></tr><tr><td>I51.6</td><td>Maladie cardiovasculaire, sans précision</td></tr><tr><td>D75.9</td><td>Maladie du sang et des organes hématopoïétiques, sans précision</td></tr></table></li><li>Include ces codes sont définis dans <a href=\"http://www.snomed.org/\"><code>http://snomed.info/sct</code></a><table class=\"none\"><tr><td style=\"white-space:nowrap\"><b>Code</b></td><td><b>Display</b></td></tr><tr><td><a href=\"http://snomed.info/id/782964007\">782964007</a></td><td>maladie génétique</td></tr></table></li></ul></div>"
  },
  "extension" : [{
    "url" : "http://hl7.org/fhir/StructureDefinition/resource-effectivePeriod",
    "valuePeriod" : {
      "start" : "2021-03-15T00:00:00+01:00"
    }
  }],
  "url" : "https://smt.esante.gouv.fr/fhir/ValueSet/1.2.250.1.213.1.1.5.679",
  "identifier" : [{
    "system" : "urn:ietf:rfc:3986",
    "value" : "urn:oid:1.2.250.1.213.1.1.5.679"
  }],
  "version" : "20231114000000",
  "name" : "JDV_EtiologieAVC_CISIS",
  "title" : "JDV_EtiologieAVC_CISIS",
  "status" : "active",
  "experimental" : false,
  "date" : "2023-11-14T00:00:00+01:00",
  "publisher" : "Agence du Numérique en Santé(ANS) -2 - 10 Rue d'Oradour-sur-Glane, 75015 Paris",
  "description" : "JDV_EtiologieAVC_CISIS",
  "compose" : {
    "include" : [{
      "system" : "http://terminology.hl7.org/CodeSystem/icd10",
      "concept" : [{
        "code" : "I51.6",
        "display" : "Maladie cardiovasculaire, sans précision"
      },
      {
        "code" : "D75.9",
        "display" : "Maladie du sang et des organes hématopoïétiques, sans précision"
      }]
    },
    {
      "system" : "http://snomed.info/sct",
      "concept" : [{
        "code" : "782964007",
        "display" : "maladie génétique"
      }]
    }]
  }
}