{
  "resourceType" : "ValueSet",
  "id" : "jdv-lien-assure-beneficiaire-cisis",
  "meta" : {
    "versionId" : "4",
    "lastUpdated" : "2025-06-25T09:14:40.328+00:00",
    "profile" : ["http://hl7.org/fhir/StructureDefinition/shareablevalueset"]
  },
  "language" : "fr-FR",
  "text" : {
    "status" : "extensions",
    "div" : "<div xmlns=\"http://www.w3.org/1999/xhtml\" xml:lang=\"fr-FR\" lang=\"fr-FR\"><p class=\"res-header-id\"><b>Generated Narrative: ValueSet jdv-lien-assure-beneficiaire-cisis</b></p><a name=\"jdv-lien-assure-beneficiaire-cisis\"> </a><a name=\"hcjdv-lien-assure-beneficiaire-cisis\"> </a><a name=\"jdv-lien-assure-beneficiaire-cisis-fr-FR\"> </a><div style=\"display: inline-block; background-color: #d9e0e7; padding: 6px; margin: 4px; border: 1px solid #8da1b4; border-radius: 5px; line-height: 60%\"><p style=\"margin-bottom: 0px\">version: 4; Last updated: 2025-06-25 09:14:40+0000; Language: fr-FR</p><p style=\"margin-bottom: 0px\">Profil: <a href=\"http://hl7.org/fhir/R4/shareablevalueset.html\">Shareable ValueSet</a></p></div><ul><li>Include ces codes sont définis dans <a href=\"http://terminology.hl7.org/6.4.0/CodeSystem-v3-RoleCode.html\"><code>http://terminology.hl7.org/CodeSystem/v3-RoleCode</code></a><table class=\"none\"><tr><td style=\"white-space:nowrap\"><b>Code</b></td><td><b>Display</b></td><td><b>Définition</b></td></tr><tr><td><a href=\"http://terminology.hl7.org/6.4.0/CodeSystem-v3-RoleCode.html#v3-RoleCode-FAMDEP\">FAMDEP</a></td><td>Couverture familiale</td><td>The player of the role is dependent of the scoping entity.</td></tr><tr><td><a href=\"http://terminology.hl7.org/6.4.0/CodeSystem-v3-RoleCode.html#v3-RoleCode-STUD\">STUD</a></td><td>Couverture étudiante</td><td>Covered party to an insurance policy has coverage through full-time or part-time attendance at a recognized educational institution as defined by a particular insurance policy.</td></tr><tr><td><a href=\"http://terminology.hl7.org/6.4.0/CodeSystem-v3-RoleCode.html#v3-RoleCode-SELF\">SELF</a></td><td>Couverture personnelle</td><td>Covered party is the policy holder. Also known as the subscriber.</td></tr></table></li></ul></div>"
  },
  "extension" : [{
    "url" : "http://hl7.org/fhir/StructureDefinition/resource-effectivePeriod",
    "valuePeriod" : {
      "start" : "2010-01-01T00:00:00+01:00"
    }
  }],
  "url" : "https://smt.esante.gouv.fr/fhir/ValueSet/jdv-lien-assure-beneficiaire-cisis",
  "identifier" : [{
    "system" : "urn:ietf:rfc:3986",
    "value" : "urn:oid:1.2.250.1.213.1.1.5.126"
  }],
  "version" : "20250624152100",
  "name" : "JdvLienAssureBeneficiaireCisis",
  "title" : "JDV Lien Assure Beneficiaire CISIS",
  "status" : "active",
  "experimental" : false,
  "date" : "2025-06-24T15:21:00+01:00",
  "publisher" : "Agence du Numérique en Santé(ANS) -2 - 10 Rue d'Oradour-sur-Glane, 75015 Paris",
  "description" : "JDV Lien Assure Beneficiaire CISIS",
  "jurisdiction" : [{
    "coding" : [{
      "system" : "urn:iso:std:iso:3166",
      "code" : "FR"
    }]
  }],
  "compose" : {
    "include" : [{
      "system" : "http://terminology.hl7.org/CodeSystem/v3-RoleCode",
      "concept" : [{
        "code" : "FAMDEP",
        "display" : "Couverture familiale"
      },
      {
        "code" : "STUD",
        "display" : "Couverture étudiante"
      },
      {
        "code" : "SELF",
        "display" : "Couverture personnelle"
      }]
    }]
  }
}