{
  "resourceType" : "ValueSet",
  "id" : "JDV-J50-AccessibiliteLieu-ROR",
  "meta" : {
    "versionId" : "3",
    "lastUpdated" : "2024-04-27T05:07:50.466+00:00",
    "profile" : ["http://hl7.org/fhir/StructureDefinition/shareablevalueset"]
  },
  "language" : "fr-FR",
  "text" : {
    "status" : "generated",
    "div" : "<div xmlns=\"http://www.w3.org/1999/xhtml\" xml:lang=\"fr-FR\" lang=\"fr-FR\"><p class=\"res-header-id\"><b>Generated Narrative: ValueSet JDV-J50-AccessibiliteLieu-ROR</b></p><a name=\"JDV-J50-AccessibiliteLieu-ROR\"> </a><a name=\"hcJDV-J50-AccessibiliteLieu-ROR\"> </a><a name=\"JDV-J50-AccessibiliteLieu-ROR-fr-FR\"> </a><div style=\"display: inline-block; background-color: #d9e0e7; padding: 6px; margin: 4px; border: 1px solid #8da1b4; border-radius: 5px; line-height: 60%\"><p style=\"margin-bottom: 0px\">version: 3; Last updated: 2024-04-27 05:07:50+0000; Language: fr-FR</p><p style=\"margin-bottom: 0px\">Profile: <a href=\"http://hl7.org/fhir/R4/shareablevalueset.html\">Shareable ValueSet</a></p></div><ul><li>Include these codes as defined in <a href=\"CodeSystem-TRE-R202-AccessibiliteLieu.html\"><code>https://mos.esante.gouv.fr/NOS/TRE_R202-AccessibiliteLieu/FHIR/TRE-R202-AccessibiliteLieu</code></a><table class=\"none\"><tr><td style=\"white-space:nowrap\"><b>Code</b></td><td><b>Display</b></td></tr><tr><td><a href=\"CodeSystem-TRE-R202-AccessibiliteLieu.html#TRE-R202-AccessibiliteLieu-1\">1</a></td><td>Accessible</td></tr><tr><td><a href=\"CodeSystem-TRE-R202-AccessibiliteLieu.html#TRE-R202-AccessibiliteLieu-2\">2</a></td><td>Non accessible</td></tr><tr><td><a href=\"CodeSystem-TRE-R202-AccessibiliteLieu.html#TRE-R202-AccessibiliteLieu-3\">3</a></td><td>Sur demande</td></tr><tr><td><a href=\"CodeSystem-TRE-R202-AccessibiliteLieu.html#TRE-R202-AccessibiliteLieu-4\">4</a></td><td>Non communiqué</td></tr><tr><td><a href=\"CodeSystem-TRE-R202-AccessibiliteLieu.html#TRE-R202-AccessibiliteLieu-5\">5</a></td><td>Conforme</td></tr><tr><td><a href=\"CodeSystem-TRE-R202-AccessibiliteLieu.html#TRE-R202-AccessibiliteLieu-6\">6</a></td><td>Ad'AP</td></tr></table></li></ul></div>"
  },
  "extension" : [{
    "url" : "http://hl7.org/fhir/StructureDefinition/resource-effectivePeriod",
    "valuePeriod" : {
      "start" : "2018-05-31T12:00:00+01:00"
    }
  }],
  "url" : "https://mos.esante.gouv.fr/NOS/JDV_J50-AccessibiliteLieu-ROR/FHIR/JDV-J50-AccessibiliteLieu-ROR",
  "identifier" : [{
    "system" : "urn:ietf:rfc:3986",
    "value" : "urn:oid:1.2.250.1.213.3.3.58"
  }],
  "version" : "20220826120000",
  "name" : "JDV_J50_AccessibiliteLieu_ROR",
  "status" : "active",
  "experimental" : false,
  "date" : "2022-08-26T12:00:00+01:00",
  "publisher" : "Agence du Numérique en Santé (ANS) - 2-10 Rue d'Oradour-sur-Glane, 75015 Paris",
  "description" : "Niveaux d'accessibilité d'un établissement recevant du public (ERP) - ROR",
  "compose" : {
    "include" : [{
      "system" : "https://mos.esante.gouv.fr/NOS/TRE_R202-AccessibiliteLieu/FHIR/TRE-R202-AccessibiliteLieu",
      "concept" : [{
        "code" : "1",
        "display" : "Accessible"
      },
      {
        "code" : "2",
        "display" : "Non accessible"
      },
      {
        "code" : "3",
        "display" : "Sur demande"
      },
      {
        "code" : "4",
        "display" : "Non communiqué"
      },
      {
        "code" : "5",
        "display" : "Conforme"
      },
      {
        "code" : "6",
        "display" : "Ad'AP"
      }]
    }]
  }
}