{
  "resourceType" : "ValueSet",
  "id" : "jdv-tre-r221-modele-document-cda-non-structure-all",
  "meta" : {
    "profile" : ["http://hl7.org/fhir/StructureDefinition/shareablevalueset"]
  },
  "text" : {
    "status" : "generated",
    "div" : "<div xmlns=\"http://www.w3.org/1999/xhtml\"><p class=\"res-header-id\"><b>Generated Narrative: ValueSet jdv-tre-r221-modele-document-cda-non-structure-all</b></p><a name=\"jdv-tre-r221-modele-document-cda-non-structure-all\"> </a><a name=\"hcjdv-tre-r221-modele-document-cda-non-structure-all\"> </a><a name=\"jdv-tre-r221-modele-document-cda-non-structure-all-fr-FR\"> </a><div style=\"display: inline-block; background-color: #d9e0e7; padding: 6px; margin: 4px; border: 1px solid #8da1b4; border-radius: 5px; line-height: 60%\"><p style=\"margin-bottom: 0px\"/><p style=\"margin-bottom: 0px\">Profil: <a href=\"http://hl7.org/fhir/R4/shareablevalueset.html\">Shareable ValueSet</a></p></div><ul><li>Include tous les codes définis dans <a href=\"CodeSystem-TRE-R221-ModeleDocumentCDANonStructure.html\"><code>https://mos.esante.gouv.fr/NOS/TRE_R221-ModeleDocumentCDANonStructure/FHIR/TRE-R221-ModeleDocumentCDANonStructure</code></a></li></ul></div>"
  },
  "extension" : [{
    "url" : "http://hl7.org/fhir/StructureDefinition/resource-effectivePeriod",
    "valuePeriod" : {
      "start" : "2024-04-17T09:25:08.004+00:00"
    }
  }],
  "url" : "https://mos.esante.gouv.fr/NOS/TRE_R221-ModeleDocumentCDANonStructure/FHIR/TRE-R221-ModeleDocumentCDANonStructure?vs",
  "version" : "1.1.0",
  "name" : "JdvTreR221ModeleDocumentCdaNonStructureAll",
  "title" : "Jdv Tre R221 Modele Document Cda Non Structure All",
  "status" : "active",
  "experimental" : false,
  "date" : "2025-07-30T08:19:15+00:00",
  "publisher" : "ANS",
  "contact" : [{
    "name" : "ANS",
    "telecom" : [{
      "system" : "url",
      "value" : "https://esante.gouv.fr"
    }]
  }],
  "description" : "JDV avec l'ensemble des codes actifs de la TRE_R221_ModeleDocumentCDANonStructure",
  "jurisdiction" : [{
    "coding" : [{
      "system" : "urn:iso:std:iso:3166",
      "code" : "FR"
    }]
  }],
  "compose" : {
    "include" : [{
      "system" : "https://mos.esante.gouv.fr/NOS/TRE_R221-ModeleDocumentCDANonStructure/FHIR/TRE-R221-ModeleDocumentCDANonStructure"
    }]
  }
}