{
  "resourceType" : "ValueSet",
  "id" : "JDV-J209-TypeSavoirFaire-ROR",
  "meta" : {
    "versionId" : "5",
    "lastUpdated" : "2025-07-01T13:32:16.509+00:00",
    "profile" : ["http://hl7.org/fhir/StructureDefinition/shareablevalueset"]
  },
  "language" : "fr-FR",
  "text" : {
    "status" : "extensions",
    "div" : "<div xmlns=\"http://www.w3.org/1999/xhtml\" xml:lang=\"fr-FR\" lang=\"fr-FR\"><p class=\"res-header-id\"><b>Generated Narrative: ValueSet JDV-J209-TypeSavoirFaire-ROR</b></p><a name=\"JDV-J209-TypeSavoirFaire-ROR\"> </a><a name=\"hcJDV-J209-TypeSavoirFaire-ROR\"> </a><a name=\"JDV-J209-TypeSavoirFaire-ROR-fr-FR\"> </a><div style=\"display: inline-block; background-color: #d9e0e7; padding: 6px; margin: 4px; border: 1px solid #8da1b4; border-radius: 5px; line-height: 60%\"><p style=\"margin-bottom: 0px\">version: 5; Last updated: 2025-07-01 13:32:16+0000; Language: fr-FR</p><p style=\"margin-bottom: 0px\">Profil: <a href=\"http://hl7.org/fhir/R4/shareablevalueset.html\">Shareable ValueSet</a></p></div><ul><li>Include ces codes sont définis dans <a href=\"CodeSystem-TRE-R04-TypeSavoirFaire.html\"><code>https://mos.esante.gouv.fr/NOS/TRE_R04-TypeSavoirFaire/FHIR/TRE-R04-TypeSavoirFaire</code></a><table class=\"none\"><tr><td style=\"white-space:nowrap\"><b>Code</b></td><td><b>Display</b></td><td><b>Définition</b></td></tr><tr><td><a href=\"CodeSystem-TRE-R04-TypeSavoirFaire.html#TRE-R04-TypeSavoirFaire-C\">C</a></td><td>Compétence</td><td/></tr><tr><td><a href=\"CodeSystem-TRE-R04-TypeSavoirFaire.html#TRE-R04-TypeSavoirFaire-CAPA\">CAPA</a></td><td>Capacité</td><td/></tr><tr><td><a href=\"CodeSystem-TRE-R04-TypeSavoirFaire.html#TRE-R04-TypeSavoirFaire-CEX\">CEX</a></td><td>Compétence exclusive</td><td/></tr><tr><td><a href=\"CodeSystem-TRE-R04-TypeSavoirFaire.html#TRE-R04-TypeSavoirFaire-CM\">CM</a></td><td>Compétence métier</td><td>La\u00a0compétence métier\u00a0désigne un type de savoir-faire opérationnel, transversal ou spécifique, acquis et exercé à titre non exclusif dans le cadre d’une activité professionnelle reconnue. Elle reflète une expertise fonctionnelle ou technique mobilisée dans l’exercice quotidien du professionnel de santé. Contrairement aux\u00a0spécialités ordinales\u00a0ou\u00a0compétences de médecines, la compétence métier n’est pas nécessairement encadrée par un diplôme ou une qualification ordinale, mais elle peut être attestée par l’expérience, des formations spécifiques, ou une reconnaissance institutionnelle (ex. : missions ANS, ARS, établissements de santé, etc.). Dans le cadre du modèle, la\u00a0classe CompétenceMetier\u00a0est représentée comme une spécialisation de la classe\u00a0SavoirFaire, i-e un TypeDeSavoirFaire et à ce titre, elle hérite des attributs et des associations de cette classe. Elle se distingue des autres types de savoir-faire par son ancrage dans les pratiques professionnelles et organisationnelles, plutôt que dans une logique de qualification médicale ou réglementaire.</td></tr><tr><td><a href=\"CodeSystem-TRE-R04-TypeSavoirFaire.html#TRE-R04-TypeSavoirFaire-DEC\">DEC</a></td><td>Droit d'exercice complémentaire</td><td/></tr><tr><td><a href=\"CodeSystem-TRE-R04-TypeSavoirFaire.html#TRE-R04-TypeSavoirFaire-DNQ\">DNQ</a></td><td>DESC non qualifiant</td><td/></tr><tr><td><a href=\"CodeSystem-TRE-R04-TypeSavoirFaire.html#TRE-R04-TypeSavoirFaire-FQ\">FQ</a></td><td>Fonction qualifiée</td><td/></tr><tr><td><a href=\"CodeSystem-TRE-R04-TypeSavoirFaire.html#TRE-R04-TypeSavoirFaire-OP\">OP</a></td><td>Orientation particulière</td><td/></tr><tr><td><a href=\"CodeSystem-TRE-R04-TypeSavoirFaire.html#TRE-R04-TypeSavoirFaire-PAC\">PAC</a></td><td>Qualification Praticien adjoint contractuel (PAC)</td><td/></tr><tr><td><a href=\"CodeSystem-TRE-R04-TypeSavoirFaire.html#TRE-R04-TypeSavoirFaire-S\">S</a></td><td>Spécialité ordinale</td><td/></tr><tr><td><a href=\"CodeSystem-TRE-R04-TypeSavoirFaire.html#TRE-R04-TypeSavoirFaire-SH\">SH</a></td><td>Spécialité de concours hospitalier</td><td/></tr><tr><td><a href=\"CodeSystem-TRE-R04-TypeSavoirFaire.html#TRE-R04-TypeSavoirFaire-SST\">SST</a></td><td>Surspécialité acquise à l'issue d'une Formation Spécialisée Transversale (FST)</td><td/></tr></table></li></ul></div>"
  },
  "extension" : [{
    "url" : "http://hl7.org/fhir/StructureDefinition/resource-effectivePeriod",
    "valuePeriod" : {
      "start" : "2022-08-26T12:00:00+01:00"
    }
  }],
  "url" : "https://mos.esante.gouv.fr/NOS/JDV_J209-TypeSavoirFaire-ROR/FHIR/JDV-J209-TypeSavoirFaire-ROR",
  "identifier" : [{
    "system" : "urn:ietf:rfc:3986",
    "value" : "urn:oid:1.2.250.1.213.3.4.41"
  }],
  "version" : "20250625120000",
  "name" : "JDV_J209_TypeSavoirFaire_ROR",
  "status" : "active",
  "experimental" : false,
  "date" : "2025-06-25T12:00:00+01:00",
  "publisher" : "Agence du Numérique en Santé (ANS) - 2-10 Rue d'Oradour-sur-Glane, 75015 Paris",
  "description" : "Type de savoir-faire",
  "jurisdiction" : [{
    "coding" : [{
      "system" : "urn:iso:std:iso:3166",
      "code" : "FR"
    }]
  }],
  "compose" : {
    "include" : [{
      "system" : "https://mos.esante.gouv.fr/NOS/TRE_R04-TypeSavoirFaire/FHIR/TRE-R04-TypeSavoirFaire",
      "concept" : [{
        "code" : "C",
        "display" : "Compétence"
      },
      {
        "code" : "CAPA",
        "display" : "Capacité"
      },
      {
        "code" : "CEX",
        "display" : "Compétence exclusive"
      },
      {
        "code" : "CM",
        "display" : "Compétence métier"
      },
      {
        "code" : "DEC",
        "display" : "Droit d'exercice complémentaire"
      },
      {
        "code" : "DNQ",
        "display" : "DESC non qualifiant"
      },
      {
        "code" : "FQ",
        "display" : "Fonction qualifiée"
      },
      {
        "code" : "OP",
        "display" : "Orientation particulière"
      },
      {
        "code" : "PAC",
        "display" : "Qualification Praticien adjoint contractuel (PAC)"
      },
      {
        "code" : "S",
        "display" : "Spécialité ordinale"
      },
      {
        "code" : "SH",
        "display" : "Spécialité de concours hospitalier"
      },
      {
        "code" : "SST",
        "display" : "Surspécialité acquise à l'issue d'une Formation Spécialisée Transversale (FST)"
      }]
    }]
  }
}