{
  "resourceType" : "ValueSet",
  "id" : "jdv-hl7-v3-PersonalRelationshipRoleType-cisis",
  "meta" : {
    "versionId" : "1",
    "lastUpdated" : "2025-06-06T11:07:43.834+00:00",
    "profile" : ["http://hl7.org/fhir/StructureDefinition/shareablevalueset"]
  },
  "language" : "fr-FR",
  "text" : {
    "status" : "extensions",
    "div" : "<div xmlns=\"http://www.w3.org/1999/xhtml\" xml:lang=\"fr-FR\" lang=\"fr-FR\"><p class=\"res-header-id\"><b>Generated Narrative: ValueSet jdv-hl7-v3-PersonalRelationshipRoleType-cisis</b></p><a name=\"jdv-hl7-v3-PersonalRelationshipRoleType-cisis\"> </a><a name=\"hcjdv-hl7-v3-PersonalRelationshipRoleType-cisis\"> </a><a name=\"jdv-hl7-v3-PersonalRelationshipRoleType-cisis-fr-FR\"> </a><div style=\"display: inline-block; background-color: #d9e0e7; padding: 6px; margin: 4px; border: 1px solid #8da1b4; border-radius: 5px; line-height: 60%\"><p style=\"margin-bottom: 0px\">version: 1; Last updated: 2025-06-06 11:07:43+0000; Language: fr-FR</p><p style=\"margin-bottom: 0px\">Profil: <a href=\"http://hl7.org/fhir/R4/shareablevalueset.html\">Shareable ValueSet</a></p></div><ul><li>Include ces codes sont définis dans <a href=\"http://terminology.hl7.org/6.4.0/CodeSystem-v3-RoleCode.html\"><code>http://terminology.hl7.org/CodeSystem/v3-RoleCode</code></a><table class=\"none\"><tr><td style=\"white-space:nowrap\"><b>Code</b></td><td><b>Display</b></td><td><b>Définition</b></td></tr><tr><td><a href=\"http://terminology.hl7.org/6.4.0/CodeSystem-v3-RoleCode.html#v3-RoleCode-ADOPTF\">ADOPTF</a></td><td>Père adoptif</td><td>The player of the role (father) is a male who has taken the scoper (child) into their family through legal means and raises them as his own child.</td></tr><tr><td><a href=\"http://terminology.hl7.org/6.4.0/CodeSystem-v3-RoleCode.html#v3-RoleCode-ADOPTM\">ADOPTM</a></td><td>Mère adoptive</td><td>The player of the role (father) is a female who has taken the scoper (child) into their family through legal means and raises them as her own child.</td></tr><tr><td><a href=\"http://terminology.hl7.org/6.4.0/CodeSystem-v3-RoleCode.html#v3-RoleCode-ADOPTP\">ADOPTP</a></td><td>Parent adoptif, au sens père ou mère</td><td>The player of the role (parent) has taken the scoper (child) into their family through legal means and raises them as his or her own child.</td></tr><tr><td><a href=\"http://terminology.hl7.org/6.4.0/CodeSystem-v3-RoleCode.html#v3-RoleCode-AUNT\">AUNT</a></td><td>Tante</td><td>The player of the role is a sister of the scoping person's mother or father.</td></tr><tr><td><a href=\"http://terminology.hl7.org/6.4.0/CodeSystem-v3-RoleCode.html#v3-RoleCode-BRO\">BRO</a></td><td>Frère</td><td>The player of the role is a male sharing one or both parents in common with the scoping entity.</td></tr><tr><td><a href=\"http://terminology.hl7.org/6.4.0/CodeSystem-v3-RoleCode.html#v3-RoleCode-BROINLAW\">BROINLAW</a></td><td>Beau-frère</td><td>The player of the role is: (1) a brother of the scoping person's spouse, or (2) the husband of the scoping person's sister, or (3) the husband of a sister of the scoping person's spouse.</td></tr><tr><td><a href=\"http://terminology.hl7.org/6.4.0/CodeSystem-v3-RoleCode.html#v3-RoleCode-CHILD\">CHILD</a></td><td>Enfant</td><td>The player of the role is a child of the scoping entity.</td></tr><tr><td><a href=\"http://terminology.hl7.org/6.4.0/CodeSystem-v3-RoleCode.html#v3-RoleCode-CHLDADOPT\">CHLDADOPT</a></td><td>Enfant adopté</td><td>The player of the role is a child taken into a family through legal means and raised by the scoping person (parent) as his or her own child.</td></tr><tr><td><a href=\"http://terminology.hl7.org/6.4.0/CodeSystem-v3-RoleCode.html#v3-RoleCode-CHLDFOST\">CHLDFOST</a></td><td>Enfant placé en famille d'accueil</td><td>The player of the role is a child receiving parental care and nurture from the scoping person (parent) but not related to him or her through legal or blood ties.</td></tr><tr><td><a href=\"http://terminology.hl7.org/6.4.0/CodeSystem-v3-RoleCode.html#v3-RoleCode-CHLDINLAW\">CHLDINLAW</a></td><td>Gendre ou belle-fille</td><td>The player of the role is the spouse of scoping person's child.</td></tr><tr><td><a href=\"http://terminology.hl7.org/6.4.0/CodeSystem-v3-RoleCode.html#v3-RoleCode-COUSN\">COUSN</a></td><td>Cousin(e)</td><td>The player of the role is a relative of the scoping person descended from a common ancestor, such as a grandparent, by two or more steps in a diverging line.</td></tr><tr><td><a href=\"http://terminology.hl7.org/6.4.0/CodeSystem-v3-RoleCode.html#v3-RoleCode-DAU\">DAU</a></td><td>Fille biologique</td><td>The player of the role is a female offspring of the scoping entity (parent).</td></tr><tr><td><a href=\"http://terminology.hl7.org/6.4.0/CodeSystem-v3-RoleCode.html#v3-RoleCode-DAUADOPT\">DAUADOPT</a></td><td>Fille adoptive</td><td>The player of the role is a female child taken into a family through legal means and raised by the scoping person (parent) as his or her own child.</td></tr><tr><td><a href=\"http://terminology.hl7.org/6.4.0/CodeSystem-v3-RoleCode.html#v3-RoleCode-DAUC\">DAUC</a></td><td>Fille</td><td>**Description:** The player of the role is a female child (of any type) of scoping entity (parent)</td></tr><tr><td><a href=\"http://terminology.hl7.org/6.4.0/CodeSystem-v3-RoleCode.html#v3-RoleCode-DAUFOST\">DAUFOST</a></td><td>Fille placée en famille d'accueil</td><td>The player of the role is a female child receiving parental care and nurture from the scoping person (parent) but not related to him or her through legal or blood ties.</td></tr><tr><td><a href=\"http://terminology.hl7.org/6.4.0/CodeSystem-v3-RoleCode.html#v3-RoleCode-DAUINLAW\">DAUINLAW</a></td><td>Belle-fille</td><td>The player of the role is the wife of scoping person's son.</td></tr><tr><td><a href=\"http://terminology.hl7.org/6.4.0/CodeSystem-v3-RoleCode.html#v3-RoleCode-DOMPART\">DOMPART</a></td><td>Concubin(e) ou partenaire PACS</td><td>The player of the role cohabits with the scoping person but is not the scoping person's spouse.</td></tr><tr><td><a href=\"http://terminology.hl7.org/6.4.0/CodeSystem-v3-RoleCode.html#v3-RoleCode-EXT\">EXT</a></td><td>Autre membre de la famille sans lien génétique direct</td><td>**Description:** A family member not having an immediate genetic or legal relationship e.g. Aunt, cousin, great grandparent, grandchild, grandparent, niece, nephew or uncle.</td></tr><tr><td><a href=\"http://terminology.hl7.org/6.4.0/CodeSystem-v3-RoleCode.html#v3-RoleCode-FAMMEMB\">FAMMEMB</a></td><td>Autre membre de la famille</td><td>A relationship between two people characterizing their &quot;familial&quot; relationship</td></tr><tr><td><a href=\"http://terminology.hl7.org/6.4.0/CodeSystem-v3-RoleCode.html#v3-RoleCode-FMRSPS\">FMRSPS</a></td><td>Ancien époux ou ancienne épouse</td><td>Player of the role was previously joined to the scoping person in marriage and this marriage is now dissolved and inactive.<br/><br/>*Usage Note:* This is significant to indicate as some jurisdictions have different legal requirements for former spouse to access the patient's record, from a general friend.</td></tr><tr><td><a href=\"http://terminology.hl7.org/6.4.0/CodeSystem-v3-RoleCode.html#v3-RoleCode-FRND\">FRND</a></td><td>Autre proche</td><td>The player of the role is a person who is known, liked, and trusted by the scoping person.</td></tr><tr><td><a href=\"http://terminology.hl7.org/6.4.0/CodeSystem-v3-RoleCode.html#v3-RoleCode-FTH\">FTH</a></td><td>Père</td><td>The player of the role is a male who begets or raises or nurtures the scoping entity (child).</td></tr><tr><td><a href=\"http://terminology.hl7.org/6.4.0/CodeSystem-v3-RoleCode.html#v3-RoleCode-FTHFOST\">FTHFOST</a></td><td>Assistant familial - Famille d'accueil</td><td>The player of the role (parent) who is a male state-certified caregiver responsible for the scoper (child) who has been placed in the parent's care. The placement of the child is usually arranged through the government or a social-service agency, and temporary.<br/><br/>The state, via a jurisdiction recognized child protection agency, stands as in loco parentis to the child, making all legal decisions while the foster parent is responsible for the day-to-day care of the specified child.</td></tr><tr><td><a href=\"http://terminology.hl7.org/6.4.0/CodeSystem-v3-RoleCode.html#v3-RoleCode-FTHINLAW\">FTHINLAW</a></td><td>Beau-père</td><td>The player of the role is the father of the scoping person's husband or wife.</td></tr><tr><td><a href=\"http://terminology.hl7.org/6.4.0/CodeSystem-v3-RoleCode.html#v3-RoleCode-FTWIN\">FTWIN</a></td><td>Jumeau ou jumelle dizygote</td><td>The scoper and player were carried in the same womb and share common biological parents but are the product of distinct egg/sperm pairs.</td></tr><tr><td><a href=\"http://terminology.hl7.org/6.4.0/CodeSystem-v3-RoleCode.html#v3-RoleCode-FTWINBRO\">FTWINBRO</a></td><td>Jumeau dizygote</td><td>The scoper was carried in the same womb as the male player and shares common biological parents but is the product of a distinct egg/sperm pair.</td></tr><tr><td><a href=\"http://terminology.hl7.org/6.4.0/CodeSystem-v3-RoleCode.html#v3-RoleCode-FTWINSIS\">FTWINSIS</a></td><td>Jumelle dizygote</td><td>The scoper was carried in the same womb as the female player and shares common biological parents but is the product of a distinct egg/sperm pair.</td></tr><tr><td><a href=\"http://terminology.hl7.org/6.4.0/CodeSystem-v3-RoleCode.html#v3-RoleCode-GESTM\">GESTM</a></td><td>Mère porteuse</td><td>The player is a female whose womb carries the fetus of the scoper. Generally used when the gestational mother and natural mother are not the same.</td></tr><tr><td><a href=\"http://terminology.hl7.org/6.4.0/CodeSystem-v3-RoleCode.html#v3-RoleCode-GGRFTH\">GGRFTH</a></td><td>Arrière-grand-père</td><td>The player of the role is the father of the scoping person's grandparent.</td></tr><tr><td><a href=\"http://terminology.hl7.org/6.4.0/CodeSystem-v3-RoleCode.html#v3-RoleCode-GGRMTH\">GGRMTH</a></td><td>Arrière-grand-mère</td><td>The player of the role is the mother of the scoping person's grandparent.</td></tr><tr><td><a href=\"http://terminology.hl7.org/6.4.0/CodeSystem-v3-RoleCode.html#v3-RoleCode-GGRPRN\">GGRPRN</a></td><td>Arrière-grand-parent</td><td>The player of the role is a parent of the scoping person's grandparent.</td></tr><tr><td><a href=\"http://terminology.hl7.org/6.4.0/CodeSystem-v3-RoleCode.html#v3-RoleCode-GRFTH\">GRFTH</a></td><td>Grand-père</td><td>The player of the role is the father of the scoping person's mother or father.</td></tr><tr><td><a href=\"http://terminology.hl7.org/6.4.0/CodeSystem-v3-RoleCode.html#v3-RoleCode-GRMTH\">GRMTH</a></td><td>Grand-mère</td><td>The player of the role is the mother of the scoping person's mother or father.</td></tr><tr><td><a href=\"http://terminology.hl7.org/6.4.0/CodeSystem-v3-RoleCode.html#v3-RoleCode-GRPRN\">GRPRN</a></td><td>Grand-parent</td><td>The player of the role is a parent of the scoping person's mother or father.</td></tr><tr><td><a href=\"http://terminology.hl7.org/6.4.0/CodeSystem-v3-RoleCode.html#v3-RoleCode-GRNDCHILD\">GRNDCHILD</a></td><td>Petit-enfant</td><td>The player of the role is a child of the scoping person's son or daughter.</td></tr><tr><td><a href=\"http://terminology.hl7.org/6.4.0/CodeSystem-v3-RoleCode.html#v3-RoleCode-GRNDDAU\">GRNDDAU</a></td><td>Petite-fille</td><td>The player of the role is a daughter of the scoping person's son or daughter.</td></tr><tr><td><a href=\"http://terminology.hl7.org/6.4.0/CodeSystem-v3-RoleCode.html#v3-RoleCode-GRNDSON\">GRNDSON</a></td><td>Petit-fils</td><td>The player of the role is a son of the scoping person's son or daughter.</td></tr><tr><td><a href=\"http://terminology.hl7.org/6.4.0/CodeSystem-v3-RoleCode.html#v3-RoleCode-HBRO\">HBRO</a></td><td>Demi-frère</td><td>The player of the role is a male related to the scoping entity by sharing only one biological parent.</td></tr><tr><td><a href=\"http://terminology.hl7.org/6.4.0/CodeSystem-v3-RoleCode.html#v3-RoleCode-HSIB\">HSIB</a></td><td>Demi-frère ou demi-sœur</td><td>The player of the role is related to the scoping entity by sharing only one biological parent.</td></tr><tr><td><a href=\"http://terminology.hl7.org/6.4.0/CodeSystem-v3-RoleCode.html#v3-RoleCode-HSIS\">HSIS</a></td><td>Demi-sœur</td><td>The player of the role is a female related to the scoping entity by sharing only one biological parent.</td></tr><tr><td><a href=\"http://terminology.hl7.org/6.4.0/CodeSystem-v3-RoleCode.html#v3-RoleCode-HUSB\">HUSB</a></td><td>Epoux</td><td>The player of the role is a man joined to a woman (scoping person) in marriage.</td></tr><tr><td><a href=\"http://terminology.hl7.org/6.4.0/CodeSystem-v3-RoleCode.html#v3-RoleCode-ITWIN\">ITWIN</a></td><td>Jumeau ou jumelle monozygote</td><td>The scoper and player are offspring of the same egg-sperm pair.</td></tr><tr><td><a href=\"http://terminology.hl7.org/6.4.0/CodeSystem-v3-RoleCode.html#v3-RoleCode-ITWINBRO\">ITWINBRO</a></td><td>Jumeau monozygote</td><td>The male scoper is an offspring of the same egg-sperm pair as the male player.</td></tr><tr><td><a href=\"http://terminology.hl7.org/6.4.0/CodeSystem-v3-RoleCode.html#v3-RoleCode-ITWINSIS\">ITWINSIS</a></td><td>Jumelle monozygote</td><td>The female scoper is an offspring of the same egg-sperm pair as the female player.</td></tr><tr><td><a href=\"http://terminology.hl7.org/6.4.0/CodeSystem-v3-RoleCode.html#v3-RoleCode-MAUNT\">MAUNT</a></td><td>Tante maternelle</td><td>**Description:**The player of the role is a biological sister of the scoping person's biological mother.</td></tr><tr><td><a href=\"http://terminology.hl7.org/6.4.0/CodeSystem-v3-RoleCode.html#v3-RoleCode-MCOUSN\">MCOUSN</a></td><td>Cousin (maternel)</td><td>**Description:**The player of the role is a biological relative of the scoping person descended from a common ancestor on the player's mother's side, such as a grandparent, by two or more steps in a diverging line.</td></tr><tr><td><a href=\"http://terminology.hl7.org/6.4.0/CodeSystem-v3-RoleCode.html#v3-RoleCode-MGGRFTH\">MGGRFTH</a></td><td>Arrière-grand-père maternel</td><td>**Description:**The player of the role is the biological father of the scoping person's biological mother's parent.</td></tr><tr><td><a href=\"http://terminology.hl7.org/6.4.0/CodeSystem-v3-RoleCode.html#v3-RoleCode-MGGRMTH\">MGGRMTH</a></td><td>Arrière-grand-mère maternelle</td><td>**Description:**The player of the role is the biological mother of the scoping person's biological mother's parent.</td></tr><tr><td><a href=\"http://terminology.hl7.org/6.4.0/CodeSystem-v3-RoleCode.html#v3-RoleCode-MGGRPRN\">MGGRPRN</a></td><td>Arrière grand parent maternel</td><td>**Description:**The player of the role is a biological parent of the scoping person's biological mother's parent.</td></tr><tr><td><a href=\"http://terminology.hl7.org/6.4.0/CodeSystem-v3-RoleCode.html#v3-RoleCode-MGRFTH\">MGRFTH</a></td><td>Grand-père maternel</td><td>**Description:**The player of the role is the biological father of the scoping person's biological mother.</td></tr><tr><td><a href=\"http://terminology.hl7.org/6.4.0/CodeSystem-v3-RoleCode.html#v3-RoleCode-MGRMTH\">MGRMTH</a></td><td>Grand-mère maternelle</td><td>**Description:**The player of the role is the biological mother of the scoping person's biological mother.</td></tr><tr><td><a href=\"http://terminology.hl7.org/6.4.0/CodeSystem-v3-RoleCode.html#v3-RoleCode-MGRPRN\">MGRPRN</a></td><td>Grand parent maternel</td><td>**Description:**The player of the role is the biological parent of the scoping person's biological mother.</td></tr><tr><td><a href=\"http://terminology.hl7.org/6.4.0/CodeSystem-v3-RoleCode.html#v3-RoleCode-MTH\">MTH</a></td><td>Mère</td><td>The player of the role is a female who conceives, gives birth to, or raises and nurtures the scoping entity (child).</td></tr><tr><td><a href=\"http://terminology.hl7.org/6.4.0/CodeSystem-v3-RoleCode.html#v3-RoleCode-MTHFOST\">MTHFOST</a></td><td>Assistante familiale - Famille d'accueil</td><td>The player of the role (parent) who is a female state-certified caregiver responsible for the scoper (child) who has been placed in the parent's care. The placement of the child is usually arranged through the government or a social-service agency, and temporary.<br/><br/>The state, via a jurisdiction recognized child protection agency, stands as in loco parentis to the child, making all legal decisions while the foster parent is responsible for the day-to-day care of the specified child.</td></tr><tr><td><a href=\"http://terminology.hl7.org/6.4.0/CodeSystem-v3-RoleCode.html#v3-RoleCode-MTHINLAW\">MTHINLAW</a></td><td>Belle-mère</td><td>The player of the role is the mother of the scoping person's husband or wife.</td></tr><tr><td><a href=\"http://terminology.hl7.org/6.4.0/CodeSystem-v3-RoleCode.html#v3-RoleCode-MUNCLE\">MUNCLE</a></td><td>Oncle maternel</td><td>**Description:**The player of the role is a biological brother of the scoping person's biological mother.</td></tr><tr><td><a href=\"http://terminology.hl7.org/6.4.0/CodeSystem-v3-RoleCode.html#v3-RoleCode-NBOR\">NBOR</a></td><td>Voisin(e)</td><td>The player of the role lives near or next to the scoping person.</td></tr><tr><td><a href=\"http://terminology.hl7.org/6.4.0/CodeSystem-v3-RoleCode.html#v3-RoleCode-NBRO\">NBRO</a></td><td>Frère biologique</td><td>The player of the role is a male having the same biological parents as the scoping entity.</td></tr><tr><td><a href=\"http://terminology.hl7.org/6.4.0/CodeSystem-v3-RoleCode.html#v3-RoleCode-NCHILD\">NCHILD</a></td><td>Enfant biologique</td><td>The player of the role is an offspring of the scoping entity as determined by birth.</td></tr><tr><td><a href=\"http://terminology.hl7.org/6.4.0/CodeSystem-v3-RoleCode.html#v3-RoleCode-NEPHEW\">NEPHEW</a></td><td>Neveu</td><td>The player of the role is a son of the scoping person's brother or sister or of the brother or sister of the scoping person's spouse.</td></tr><tr><td><a href=\"http://terminology.hl7.org/6.4.0/CodeSystem-v3-RoleCode.html#v3-RoleCode-NFTH\">NFTH</a></td><td>Père biologique</td><td>The player of the role is a male who begets the scoping entity (child).</td></tr><tr><td><a href=\"http://terminology.hl7.org/6.4.0/CodeSystem-v3-RoleCode.html#v3-RoleCode-NFTHF\">NFTHF</a></td><td>Père biologique du fœtus</td><td>Indicates the biologic male parent of a fetus.</td></tr><tr><td><a href=\"http://terminology.hl7.org/6.4.0/CodeSystem-v3-RoleCode.html#v3-RoleCode-NIECE\">NIECE</a></td><td>Nièce</td><td>The player of the role is a daughter of the scoping person's brother or sister or of the brother or sister of the scoping person's spouse.</td></tr><tr><td><a href=\"http://terminology.hl7.org/6.4.0/CodeSystem-v3-RoleCode.html#v3-RoleCode-NIENEPH\">NIENEPH</a></td><td>Neveu ou nièce</td><td>The player of the role is a child of scoping person's brother or sister or of the brother or sister of the scoping person's spouse.</td></tr><tr><td><a href=\"http://terminology.hl7.org/6.4.0/CodeSystem-v3-RoleCode.html#v3-RoleCode-NMTH\">NMTH</a></td><td>Mère biologique</td><td>The player of the role is a female who conceives or gives birth to the scoping entity (child).</td></tr><tr><td><a href=\"http://terminology.hl7.org/6.4.0/CodeSystem-v3-RoleCode.html#v3-RoleCode-NMTHF\">NMTHF</a></td><td>Mère biologique du fœtus</td><td>The player is the biologic female parent of the scoping fetus.</td></tr><tr><td><a href=\"http://terminology.hl7.org/6.4.0/CodeSystem-v3-RoleCode.html#v3-RoleCode-NPRN\">NPRN</a></td><td>Parent biologique, au sens père ou mère</td><td/></tr><tr><td><a href=\"http://terminology.hl7.org/6.4.0/CodeSystem-v3-RoleCode.html#v3-RoleCode-NSIB\">NSIB</a></td><td>Frère ou soeur biologique</td><td>The player of the role has both biological parents in common with the scoping entity.</td></tr><tr><td><a href=\"http://terminology.hl7.org/6.4.0/CodeSystem-v3-RoleCode.html#v3-RoleCode-NSIS\">NSIS</a></td><td>Soeur biologique</td><td>The player of the role is a female having the same biological parents as the scoping entity.</td></tr><tr><td><a href=\"http://terminology.hl7.org/6.4.0/CodeSystem-v3-RoleCode.html#v3-RoleCode-PAUNT\">PAUNT</a></td><td>Tante paternelle</td><td>**Description:**The player of the role is a biological sister of the scoping person's biological father.</td></tr><tr><td><a href=\"http://terminology.hl7.org/6.4.0/CodeSystem-v3-RoleCode.html#v3-RoleCode-PCOUSN\">PCOUSN</a></td><td>Cousin (paternel)</td><td>**Description:**The player of the role is a biological relative of the scoping person descended from a common ancestor on the player's father's side, such as a grandparent, by two or more steps in a diverging line.</td></tr><tr><td><a href=\"http://terminology.hl7.org/6.4.0/CodeSystem-v3-RoleCode.html#v3-RoleCode-PGGRFTH\">PGGRFTH</a></td><td>Arrière-grand-père paternel</td><td>**Description:**The player of the role is the biological father of the scoping person's biological father's parent.</td></tr><tr><td><a href=\"http://terminology.hl7.org/6.4.0/CodeSystem-v3-RoleCode.html#v3-RoleCode-PGGRMTH\">PGGRMTH</a></td><td>Arrière-grand-mère paternelle</td><td>**Description:**The player of the role is the biological mother of the scoping person's biological father's parent.</td></tr><tr><td><a href=\"http://terminology.hl7.org/6.4.0/CodeSystem-v3-RoleCode.html#v3-RoleCode-PGGRPRN\">PGGRPRN</a></td><td>Arrière grand parent paternel</td><td>**Description:**The player of the role is a biological parent of the scoping person's biological father's parent.</td></tr><tr><td><a href=\"http://terminology.hl7.org/6.4.0/CodeSystem-v3-RoleCode.html#v3-RoleCode-PGRFTH\">PGRFTH</a></td><td>Grand-père paternel</td><td>**Description:**The player of the role is the biological father of the scoping person's biological father.</td></tr><tr><td><a href=\"http://terminology.hl7.org/6.4.0/CodeSystem-v3-RoleCode.html#v3-RoleCode-PGRMTH\">PGRMTH</a></td><td>Grand-mère paternelle</td><td>**Description:**The player of the role is the biological mother of the scoping person's biological father.</td></tr><tr><td><a href=\"http://terminology.hl7.org/6.4.0/CodeSystem-v3-RoleCode.html#v3-RoleCode-PGRPRN\">PGRPRN</a></td><td>Grand parent paternel</td><td>**Description:**The player of the role is the biological parent of the scoping person's biological father.</td></tr><tr><td><a href=\"http://terminology.hl7.org/6.4.0/CodeSystem-v3-RoleCode.html#v3-RoleCode-PRN\">PRN</a></td><td>Parent, au sens père ou mère</td><td>The player of the role is one who begets, gives birth to, or nurtures and raises the scoping entity (child).</td></tr><tr><td><a href=\"http://terminology.hl7.org/6.4.0/CodeSystem-v3-RoleCode.html#v3-RoleCode-PRNINLAW\">PRNINLAW</a></td><td>Beau-père ou belle-mère</td><td>The player of the role is the parent of scoping person's husband or wife.</td></tr><tr><td><a href=\"http://terminology.hl7.org/6.4.0/CodeSystem-v3-RoleCode.html#v3-RoleCode-PRNFOST\">PRNFOST</a></td><td>Parent, au sens famille d'accueil</td><td>The player of the role (parent) who is a state-certified caregiver responsible for the scoper (child) who has been placed in the parent's care. The placement of the child is usually arranged through the government or a social-service agency, and temporary.<br/><br/>The state, via a jurisdiction recognized child protection agency, stands as in loco parentis to the child, making all legal decisions while the foster parent is responsible for the day-to-day care of the specified child.</td></tr><tr><td><a href=\"http://terminology.hl7.org/6.4.0/CodeSystem-v3-RoleCode.html#v3-RoleCode-PUNCLE\">PUNCLE</a></td><td>Oncle paternel</td><td>**Description:**The player of the role is a biological brother of the scoping person's biological father.</td></tr><tr><td><a href=\"http://terminology.hl7.org/6.4.0/CodeSystem-v3-RoleCode.html#v3-RoleCode-RESPRSN\">RESPRSN</a></td><td>Responsable légal non membre de la famille</td><td>The role played by a party who has legal responsibility for another party.</td></tr><tr><td><a href=\"http://terminology.hl7.org/6.4.0/CodeSystem-v3-RoleCode.html#v3-RoleCode-ROOM\">ROOM</a></td><td>Personne vivant sous le même toit</td><td>One who shares living quarters with the subject.</td></tr><tr><td><a href=\"http://terminology.hl7.org/6.4.0/CodeSystem-v3-RoleCode.html#v3-RoleCode-SIB\">SIB</a></td><td>Frère ou sœur</td><td>The player of the role shares one or both parents in common with the scoping entity.</td></tr><tr><td><a href=\"http://terminology.hl7.org/6.4.0/CodeSystem-v3-RoleCode.html#v3-RoleCode-SIBINLAW\">SIBINLAW</a></td><td>Beau-frère ou belle-sœur</td><td>The player of the role is: (1) a sibling of the scoping person's spouse, or (2) the spouse of the scoping person's sibling, or (3) the spouse of a sibling of the scoping person's spouse.</td></tr><tr><td><a href=\"http://terminology.hl7.org/6.4.0/CodeSystem-v3-RoleCode.html#v3-RoleCode-SIGOTHR\">SIGOTHR</a></td><td>Conjoint</td><td>A person who is important to one's well being; especially a spouse or one in a similar relationship. (The player is the one who is important)</td></tr><tr><td><a href=\"http://terminology.hl7.org/6.4.0/CodeSystem-v3-RoleCode.html#v3-RoleCode-SIS\">SIS</a></td><td>Sœur</td><td>The player of the role is a female sharing one or both parents in common with the scoping entity.</td></tr><tr><td><a href=\"http://terminology.hl7.org/6.4.0/CodeSystem-v3-RoleCode.html#v3-RoleCode-SISINLAW\">SISINLAW</a></td><td>Belle-sœur</td><td>The player of the role is: (1) a sister of the scoping person's spouse, or (2) the wife of the scoping person's brother, or (3) the wife of a brother of the scoping person's spouse.</td></tr><tr><td><a href=\"http://terminology.hl7.org/6.4.0/CodeSystem-v3-RoleCode.html#v3-RoleCode-SON\">SON</a></td><td>Fils biologique</td><td>The player of the role is a male offspring of the scoping entity (parent).</td></tr><tr><td><a href=\"http://terminology.hl7.org/6.4.0/CodeSystem-v3-RoleCode.html#v3-RoleCode-SONADOPT\">SONADOPT</a></td><td>Fils adoptif</td><td>The player of the role is a male child taken into a family through legal means and raised by the scoping person (parent) as his or her own child.</td></tr><tr><td><a href=\"http://terminology.hl7.org/6.4.0/CodeSystem-v3-RoleCode.html#v3-RoleCode-SONC\">SONC</a></td><td>Fils</td><td>**Description:** The player of the role is a male child (of any type) of scoping entity (parent)</td></tr><tr><td><a href=\"http://terminology.hl7.org/6.4.0/CodeSystem-v3-RoleCode.html#v3-RoleCode-SONFOST\">SONFOST</a></td><td>Garçon placé en famille d'accueil</td><td>The player of the role is a male child receiving parental care and nurture from the scoping person (parent) but not related to him or her through legal or blood ties.</td></tr><tr><td><a href=\"http://terminology.hl7.org/6.4.0/CodeSystem-v3-RoleCode.html#v3-RoleCode-SONINLAW\">SONINLAW</a></td><td>Gendre</td><td>The player of the role is the husband of scoping person's daughter.</td></tr><tr><td><a href=\"http://terminology.hl7.org/6.4.0/CodeSystem-v3-RoleCode.html#v3-RoleCode-SPS\">SPS</a></td><td>Epoux ou épouse</td><td>The player of the role is a marriage partner of the scoping person.</td></tr><tr><td><a href=\"http://terminology.hl7.org/6.4.0/CodeSystem-v3-RoleCode.html#v3-RoleCode-STPBRO\">STPBRO</a></td><td>Fils du beau-père ou de la belle-mère</td><td>The player of the role is a son of the scoping person's stepparent.</td></tr><tr><td><a href=\"http://terminology.hl7.org/6.4.0/CodeSystem-v3-RoleCode.html#v3-RoleCode-STPFTH\">STPFTH</a></td><td>Beau-père - époux du père ou de la mère</td><td>The player of the role is the husband of scoping person's mother and not the scoping person's natural father.</td></tr><tr><td><a href=\"http://terminology.hl7.org/6.4.0/CodeSystem-v3-RoleCode.html#v3-RoleCode-STPMTH\">STPMTH</a></td><td>Belle-mère - épouse du père ou de la mère</td><td>The player of the role is the wife of scoping person's father and not the scoping person's natural mother.</td></tr><tr><td><a href=\"http://terminology.hl7.org/6.4.0/CodeSystem-v3-RoleCode.html#v3-RoleCode-STPCHLD\">STPCHLD</a></td><td>Enfant du conjoint, issu d'un mariage précédent</td><td>The player of the role is a child of the scoping person's spouse by a previous union.</td></tr><tr><td><a href=\"http://terminology.hl7.org/6.4.0/CodeSystem-v3-RoleCode.html#v3-RoleCode-STPDAU\">STPDAU</a></td><td>Fille du conjoint, issue d'un mariage précédent</td><td>The player of the role is a daughter of the scoping person's spouse by a previous union.</td></tr><tr><td><a href=\"http://terminology.hl7.org/6.4.0/CodeSystem-v3-RoleCode.html#v3-RoleCode-STPPRN\">STPPRN</a></td><td>Beau-père ou belle-mère - époux(se) du père ou de la mère</td><td>The player of the role is the spouse of the scoping person's parent and not the scoping person's natural parent.</td></tr><tr><td><a href=\"http://terminology.hl7.org/6.4.0/CodeSystem-v3-RoleCode.html#v3-RoleCode-STPSIB\">STPSIB</a></td><td>Enfant du beau-père ou de la belle-mère</td><td>The player of the role is a child of the scoping person's stepparent.</td></tr><tr><td><a href=\"http://terminology.hl7.org/6.4.0/CodeSystem-v3-RoleCode.html#v3-RoleCode-STPSIS\">STPSIS</a></td><td>Fille du beau-père ou de la belle-mère</td><td>The player of the role is a daughter of the scoping person's stepparent.</td></tr><tr><td><a href=\"http://terminology.hl7.org/6.4.0/CodeSystem-v3-RoleCode.html#v3-RoleCode-STPSON\">STPSON</a></td><td>Fils du conjoint, issu d'un mariage précédent</td><td>The player of the role is a son of the scoping person's spouse by a previous union.</td></tr><tr><td><a href=\"http://terminology.hl7.org/6.4.0/CodeSystem-v3-RoleCode.html#v3-RoleCode-TWIN\">TWIN</a></td><td>Frère jumeau ou soeur jumelle</td><td>The scoper and player were carried in the same womb and shared common biological parents.</td></tr><tr><td><a href=\"http://terminology.hl7.org/6.4.0/CodeSystem-v3-RoleCode.html#v3-RoleCode-TWINBRO\">TWINBRO</a></td><td>Frère jumeau</td><td>The scoper was carried in the same womb as the male player and shares common biological parents.</td></tr><tr><td><a href=\"http://terminology.hl7.org/6.4.0/CodeSystem-v3-RoleCode.html#v3-RoleCode-TWINSIS\">TWINSIS</a></td><td>Soeur jumelle</td><td>The scoper was carried in the same womb as the female player and shares common biological parents.</td></tr><tr><td><a href=\"http://terminology.hl7.org/6.4.0/CodeSystem-v3-RoleCode.html#v3-RoleCode-UNCLE\">UNCLE</a></td><td>Oncle</td><td>The player of the role is a brother of the scoping person's mother or father.</td></tr><tr><td><a href=\"http://terminology.hl7.org/6.4.0/CodeSystem-v3-RoleCode.html#v3-RoleCode-WIFE\">WIFE</a></td><td>Epouse</td><td>The player of the role is a woman joined to a man (scoping person) in marriage.</td></tr></table></li></ul></div>"
  },
  "extension" : [{
    "url" : "http://hl7.org/fhir/StructureDefinition/resource-effectivePeriod",
    "valuePeriod" : {
      "start" : "2010-01-01T00:00:00+01:00"
    }
  }],
  "url" : "https://smt.esante.gouv.fr/fhir/ValueSet/jdv-hl7-v3-PersonalRelationshipRoleType-cisis",
  "identifier" : [{
    "system" : "urn:ietf:rfc:3986",
    "value" : "urn:oid:2.16.840.1.113883.1.11.19563"
  }],
  "version" : "20250606103857",
  "name" : "PersonalRelationshipRoleType",
  "title" : "PersonalRelationshipRoleType",
  "status" : "active",
  "experimental" : false,
  "date" : "2025-06-06T10:38:57+01:00",
  "publisher" : "Agence du Numérique en Santé(ANS) -2 - 10 Rue d'Oradour-sur-Glane, 75015 Paris",
  "description" : "PersonalRelationshipRoleType",
  "jurisdiction" : [{
    "coding" : [{
      "system" : "urn:iso:std:iso:3166",
      "code" : "FR"
    }]
  }],
  "compose" : {
    "include" : [{
      "system" : "http://terminology.hl7.org/CodeSystem/v3-RoleCode",
      "concept" : [{
        "code" : "ADOPTF",
        "display" : "Père adoptif"
      },
      {
        "code" : "ADOPTM",
        "display" : "Mère adoptive"
      },
      {
        "code" : "ADOPTP",
        "display" : "Parent adoptif, au sens père ou mère"
      },
      {
        "code" : "AUNT",
        "display" : "Tante"
      },
      {
        "code" : "BRO",
        "display" : "Frère"
      },
      {
        "code" : "BROINLAW",
        "display" : "Beau-frère"
      },
      {
        "code" : "CHILD",
        "display" : "Enfant"
      },
      {
        "code" : "CHLDADOPT",
        "display" : "Enfant adopté"
      },
      {
        "code" : "CHLDFOST",
        "display" : "Enfant placé en famille d'accueil"
      },
      {
        "code" : "CHLDINLAW",
        "display" : "Gendre ou belle-fille"
      },
      {
        "code" : "COUSN",
        "display" : "Cousin(e)"
      },
      {
        "code" : "DAU",
        "display" : "Fille biologique"
      },
      {
        "code" : "DAUADOPT",
        "display" : "Fille adoptive"
      },
      {
        "code" : "DAUC",
        "display" : "Fille"
      },
      {
        "code" : "DAUFOST",
        "display" : "Fille placée en famille d'accueil"
      },
      {
        "code" : "DAUINLAW",
        "display" : "Belle-fille"
      },
      {
        "code" : "DOMPART",
        "display" : "Concubin(e) ou partenaire PACS"
      },
      {
        "code" : "EXT",
        "display" : "Autre membre de la famille sans lien génétique direct"
      },
      {
        "code" : "FAMMEMB",
        "display" : "Autre membre de la famille"
      },
      {
        "code" : "FMRSPS",
        "display" : "Ancien époux ou ancienne épouse"
      },
      {
        "code" : "FRND",
        "display" : "Autre proche"
      },
      {
        "code" : "FTH",
        "display" : "Père"
      },
      {
        "code" : "FTHFOST",
        "display" : "Assistant familial - Famille d'accueil"
      },
      {
        "code" : "FTHINLAW",
        "display" : "Beau-père"
      },
      {
        "code" : "FTWIN",
        "display" : "Jumeau ou jumelle dizygote"
      },
      {
        "code" : "FTWINBRO",
        "display" : "Jumeau dizygote"
      },
      {
        "code" : "FTWINSIS",
        "display" : "Jumelle dizygote"
      },
      {
        "code" : "GESTM",
        "display" : "Mère porteuse"
      },
      {
        "code" : "GGRFTH",
        "display" : "Arrière-grand-père"
      },
      {
        "code" : "GGRMTH",
        "display" : "Arrière-grand-mère"
      },
      {
        "code" : "GGRPRN",
        "display" : "Arrière-grand-parent"
      },
      {
        "code" : "GRFTH",
        "display" : "Grand-père"
      },
      {
        "code" : "GRMTH",
        "display" : "Grand-mère"
      },
      {
        "code" : "GRPRN",
        "display" : "Grand-parent"
      },
      {
        "code" : "GRNDCHILD",
        "display" : "Petit-enfant"
      },
      {
        "code" : "GRNDDAU",
        "display" : "Petite-fille"
      },
      {
        "code" : "GRNDSON",
        "display" : "Petit-fils"
      },
      {
        "code" : "HBRO",
        "display" : "Demi-frère"
      },
      {
        "code" : "HSIB",
        "display" : "Demi-frère ou demi-sœur"
      },
      {
        "code" : "HSIS",
        "display" : "Demi-sœur"
      },
      {
        "code" : "HUSB",
        "display" : "Epoux"
      },
      {
        "code" : "ITWIN",
        "display" : "Jumeau ou jumelle monozygote"
      },
      {
        "code" : "ITWINBRO",
        "display" : "Jumeau monozygote"
      },
      {
        "code" : "ITWINSIS",
        "display" : "Jumelle monozygote"
      },
      {
        "code" : "MAUNT",
        "display" : "Tante maternelle"
      },
      {
        "code" : "MCOUSN",
        "display" : "Cousin (maternel)"
      },
      {
        "code" : "MGGRFTH",
        "display" : "Arrière-grand-père maternel"
      },
      {
        "code" : "MGGRMTH",
        "display" : "Arrière-grand-mère maternelle"
      },
      {
        "code" : "MGGRPRN",
        "display" : "Arrière grand parent maternel"
      },
      {
        "code" : "MGRFTH",
        "display" : "Grand-père maternel"
      },
      {
        "code" : "MGRMTH",
        "display" : "Grand-mère maternelle"
      },
      {
        "code" : "MGRPRN",
        "display" : "Grand parent maternel"
      },
      {
        "code" : "MTH",
        "display" : "Mère"
      },
      {
        "code" : "MTHFOST",
        "display" : "Assistante familiale - Famille d'accueil"
      },
      {
        "code" : "MTHINLAW",
        "display" : "Belle-mère"
      },
      {
        "code" : "MUNCLE",
        "display" : "Oncle maternel"
      },
      {
        "code" : "NBOR",
        "display" : "Voisin(e)"
      },
      {
        "code" : "NBRO",
        "display" : "Frère biologique"
      },
      {
        "code" : "NCHILD",
        "display" : "Enfant biologique"
      },
      {
        "code" : "NEPHEW",
        "display" : "Neveu"
      },
      {
        "code" : "NFTH",
        "display" : "Père biologique"
      },
      {
        "code" : "NFTHF",
        "display" : "Père biologique du fœtus"
      },
      {
        "code" : "NIECE",
        "display" : "Nièce"
      },
      {
        "code" : "NIENEPH",
        "display" : "Neveu ou nièce"
      },
      {
        "code" : "NMTH",
        "display" : "Mère biologique"
      },
      {
        "code" : "NMTHF",
        "display" : "Mère biologique du fœtus"
      },
      {
        "code" : "NPRN",
        "display" : "Parent biologique, au sens père ou mère"
      },
      {
        "code" : "NSIB",
        "display" : "Frère ou soeur biologique"
      },
      {
        "code" : "NSIS",
        "display" : "Soeur biologique"
      },
      {
        "code" : "PAUNT",
        "display" : "Tante paternelle"
      },
      {
        "code" : "PCOUSN",
        "display" : "Cousin (paternel)"
      },
      {
        "code" : "PGGRFTH",
        "display" : "Arrière-grand-père paternel"
      },
      {
        "code" : "PGGRMTH",
        "display" : "Arrière-grand-mère paternelle"
      },
      {
        "code" : "PGGRPRN",
        "display" : "Arrière grand parent paternel"
      },
      {
        "code" : "PGRFTH",
        "display" : "Grand-père paternel"
      },
      {
        "code" : "PGRMTH",
        "display" : "Grand-mère paternelle"
      },
      {
        "code" : "PGRPRN",
        "display" : "Grand parent paternel"
      },
      {
        "code" : "PRN",
        "display" : "Parent, au sens père ou mère"
      },
      {
        "code" : "PRNINLAW",
        "display" : "Beau-père ou belle-mère"
      },
      {
        "code" : "PRNFOST",
        "display" : "Parent, au sens famille d'accueil"
      },
      {
        "code" : "PUNCLE",
        "display" : "Oncle paternel"
      },
      {
        "code" : "RESPRSN",
        "display" : "Responsable légal non membre de la famille"
      },
      {
        "code" : "ROOM",
        "display" : "Personne vivant sous le même toit"
      },
      {
        "code" : "SIB",
        "display" : "Frère ou sœur"
      },
      {
        "code" : "SIBINLAW",
        "display" : "Beau-frère ou belle-sœur"
      },
      {
        "code" : "SIGOTHR",
        "display" : "Conjoint"
      },
      {
        "code" : "SIS",
        "display" : "Sœur"
      },
      {
        "code" : "SISINLAW",
        "display" : "Belle-sœur"
      },
      {
        "code" : "SON",
        "display" : "Fils biologique"
      },
      {
        "code" : "SONADOPT",
        "display" : "Fils adoptif"
      },
      {
        "code" : "SONC",
        "display" : "Fils"
      },
      {
        "code" : "SONFOST",
        "display" : "Garçon placé en famille d'accueil"
      },
      {
        "code" : "SONINLAW",
        "display" : "Gendre"
      },
      {
        "code" : "SPS",
        "display" : "Epoux ou épouse"
      },
      {
        "code" : "STPBRO",
        "display" : "Fils du beau-père ou de la belle-mère"
      },
      {
        "code" : "STPFTH",
        "display" : "Beau-père - époux du père ou de la mère"
      },
      {
        "code" : "STPMTH",
        "display" : "Belle-mère - épouse du père ou de la mère"
      },
      {
        "code" : "STPCHLD",
        "display" : "Enfant du conjoint, issu d'un mariage précédent"
      },
      {
        "code" : "STPDAU",
        "display" : "Fille du conjoint, issue d'un mariage précédent"
      },
      {
        "code" : "STPPRN",
        "display" : "Beau-père ou belle-mère - époux(se) du père ou de la mère"
      },
      {
        "code" : "STPSIB",
        "display" : "Enfant du beau-père ou de la belle-mère"
      },
      {
        "code" : "STPSIS",
        "display" : "Fille du beau-père ou de la belle-mère"
      },
      {
        "code" : "STPSON",
        "display" : "Fils du conjoint, issu d'un mariage précédent"
      },
      {
        "code" : "TWIN",
        "display" : "Frère jumeau ou soeur jumelle"
      },
      {
        "code" : "TWINBRO",
        "display" : "Frère jumeau"
      },
      {
        "code" : "TWINSIS",
        "display" : "Soeur jumelle"
      },
      {
        "code" : "UNCLE",
        "display" : "Oncle"
      },
      {
        "code" : "WIFE",
        "display" : "Epouse"
      }]
    }]
  }
}