{
  "resourceType" : "ValueSet",
  "id" : "JDV-J178-BesoinAideVieSociale-MDPH",
  "meta" : {
    "versionId" : "3",
    "lastUpdated" : "2024-04-27T05:07:04.631+00:00",
    "profile" : ["http://hl7.org/fhir/StructureDefinition/shareablevalueset"]
  },
  "language" : "fr-FR",
  "text" : {
    "status" : "extensions",
    "div" : "<div xmlns=\"http://www.w3.org/1999/xhtml\" xml:lang=\"fr-FR\" lang=\"fr-FR\"><p class=\"res-header-id\"><b>Generated Narrative: ValueSet JDV-J178-BesoinAideVieSociale-MDPH</b></p><a name=\"JDV-J178-BesoinAideVieSociale-MDPH\"> </a><a name=\"hcJDV-J178-BesoinAideVieSociale-MDPH\"> </a><a name=\"JDV-J178-BesoinAideVieSociale-MDPH-fr-FR\"> </a><div style=\"display: inline-block; background-color: #d9e0e7; padding: 6px; margin: 4px; border: 1px solid #8da1b4; border-radius: 5px; line-height: 60%\"><p style=\"margin-bottom: 0px\">version: 3; Last updated: 2024-04-27 05:07:04+0000; Language: fr-FR</p><p style=\"margin-bottom: 0px\">Profil: <a href=\"http://hl7.org/fhir/R4/shareablevalueset.html\">Shareable ValueSet</a></p></div><p>Ce jeu de valeur (ValueSet) inclut les codes selon les règles suivantes :</p><ul><li>Include ces codes sont définis dans <a href=\"CodeSystem-TRE-R319-BesoinAideVieSociale.html\"><code>https://mos.esante.gouv.fr/NOS/TRE_R319-BesoinAideVieSociales/FHIR/TRE-R319-BesoinAideVieSociale</code></a><table class=\"none\"><tr><td style=\"white-space:nowrap\"><b>Code</b></td><td><b>Display</b></td><td><b>Définition</b></td></tr><tr><td><a href=\"CodeSystem-TRE-R319-BesoinAideVieSociale.html#TRE-R319-BesoinAideVieSociale-01\">01</a></td><td>Communiquer</td><td>La personne a besoin d'aide pour communiquer</td></tr><tr><td><a href=\"CodeSystem-TRE-R319-BesoinAideVieSociale.html#TRE-R319-BesoinAideVieSociale-02\">02</a></td><td>Avoir des activités sportives et des loisirs</td><td>La personne a besoin d'aide pour avoir des activités sportives et des loisirs</td></tr><tr><td><a href=\"CodeSystem-TRE-R319-BesoinAideVieSociale.html#TRE-R319-BesoinAideVieSociale-03\">03</a></td><td>Relations avec les autres</td><td>La personne a besoin d'aide pour les relations avec les autres</td></tr><tr><td><a href=\"CodeSystem-TRE-R319-BesoinAideVieSociale.html#TRE-R319-BesoinAideVieSociale-04\">04</a></td><td>S'occuper de sa famille</td><td>La personne a besoin d'aide pour s'occuper de sa famille</td></tr><tr><td><a href=\"CodeSystem-TRE-R319-BesoinAideVieSociale.html#TRE-R319-BesoinAideVieSociale-05\">05</a></td><td>Etre accompagné dans la vie citoyenne</td><td>La personne a besoin d'être accompagnée dans la vie citoyenne</td></tr><tr><td><a href=\"CodeSystem-TRE-R319-BesoinAideVieSociale.html#TRE-R319-BesoinAideVieSociale-06\">06</a></td><td>Assurer sa sécurité</td><td>La personne a besoin d'aide pour assurer sa sécurité</td></tr></table></li><li>Include ces codes sont définis dans <a href=\"CodeSystem-TRE-R302-ContexteCodeComplementaire.html\"><code>https://mos.esante.gouv.fr/NOS/TRE_R302-ContexteCodeComplementaire/FHIR/TRE-R302-ContexteCodeComplementaire</code></a><table class=\"none\"><tr><td style=\"white-space:nowrap\"><b>Code</b></td><td><b>Display</b></td><td><b>Définition</b></td></tr><tr><td><a href=\"CodeSystem-TRE-R302-ContexteCodeComplementaire.html#TRE-R302-ContexteCodeComplementaire-02\">02</a></td><td>Autre</td><td>Tout ce qui n'est pas listé de façon exhaustive dans la liste de codes</td></tr></table></li></ul></div>"
  },
  "extension" : [{
    "url" : "http://hl7.org/fhir/StructureDefinition/resource-effectivePeriod",
    "valuePeriod" : {
      "start" : "2021-09-24T12:00:00+01:00"
    }
  }],
  "url" : "https://mos.esante.gouv.fr/NOS/JDV_J178-BesoinAideVieSociale-MDPH/FHIR/JDV-J178-BesoinAideVieSociale-MDPH",
  "identifier" : [{
    "system" : "urn:ietf:rfc:3986",
    "value" : "urn:oid:1.2.250.1.213.3.4.13"
  }],
  "version" : "20210924120000",
  "name" : "JDV_J178_BesoinAideVieSociale_MDPH",
  "status" : "active",
  "experimental" : false,
  "date" : "2021-09-24T12:00:00+01:00",
  "publisher" : "Agence du Numérique en Santé (ANS) - 2-10 Rue d'Oradour-sur-Glane, 75015 Paris",
  "description" : "Caractérise les besoins d'aide de la personne en matière de vie sociale",
  "compose" : {
    "include" : [{
      "system" : "https://mos.esante.gouv.fr/NOS/TRE_R319-BesoinAideVieSociales/FHIR/TRE-R319-BesoinAideVieSociale",
      "concept" : [{
        "code" : "01",
        "display" : "Communiquer"
      },
      {
        "code" : "02",
        "display" : "Avoir des activités sportives et des loisirs"
      },
      {
        "code" : "03",
        "display" : "Relations avec les autres"
      },
      {
        "code" : "04",
        "display" : "S'occuper de sa famille"
      },
      {
        "code" : "05",
        "display" : "Etre accompagné dans la vie citoyenne"
      },
      {
        "code" : "06",
        "display" : "Assurer sa sécurité"
      }]
    },
    {
      "system" : "https://mos.esante.gouv.fr/NOS/TRE_R302-ContexteCodeComplementaire/FHIR/TRE-R302-ContexteCodeComplementaire",
      "concept" : [{
        "code" : "02",
        "display" : "Autre"
      }]
    }]
  }
}