{
  "resourceType" : "ValueSet",
  "id" : "jdv-traitement-soins-frcp-cisis",
  "meta" : {
    "versionId" : "4",
    "lastUpdated" : "2025-06-25T09:16:25.787+00:00",
    "profile" : ["http://hl7.org/fhir/StructureDefinition/shareablevalueset"]
  },
  "language" : "fr-FR",
  "text" : {
    "status" : "generated",
    "div" : "<div xmlns=\"http://www.w3.org/1999/xhtml\" xml:lang=\"fr-FR\" lang=\"fr-FR\"><p class=\"res-header-id\"><b>Generated Narrative: ValueSet jdv-traitement-soins-frcp-cisis</b></p><a name=\"jdv-traitement-soins-frcp-cisis\"> </a><a name=\"hcjdv-traitement-soins-frcp-cisis\"> </a><a name=\"jdv-traitement-soins-frcp-cisis-fr-FR\"> </a><div style=\"display: inline-block; background-color: #d9e0e7; padding: 6px; margin: 4px; border: 1px solid #8da1b4; border-radius: 5px; line-height: 60%\"><p style=\"margin-bottom: 0px\">version: 4; Last updated: 2025-06-25 09:16:25+0000; Language: fr-FR</p><p style=\"margin-bottom: 0px\">Profil: <a href=\"http://hl7.org/fhir/R4/shareablevalueset.html\">Shareable ValueSet</a></p></div><p>Ce jeu de valeur (ValueSet) inclut les codes selon les règles suivantes :</p><ul><li>Include ces codes sont définis dans <code>https://smt.esante.gouv.fr/terminologie-ncit</code><table class=\"none\"><tr><td style=\"white-space:nowrap\"><b>Code</b></td><td><b>Display</b></td></tr><tr><td>C3580</td><td>métastases osseuses</td></tr><tr><td>C3303</td><td>douleur</td></tr><tr><td>C15252</td><td>soins palliatifs</td></tr><tr><td>C63334</td><td>Radiologie interventionnelle</td></tr><tr><td>C15747</td><td>soins de support</td></tr><tr><td>C16832</td><td>oncologie médicale</td></tr><tr><td>C71326</td><td>préservation de la fertilité</td></tr><tr><td>C7201</td><td>tumeur rare</td></tr></table></li><li>Include ces codes sont définis dans <a href=\"CodeSystem-terminologie-cisis.html\"><code>https://smt.esante.gouv.fr/fhir/CodeSystem/terminologie-cisis</code></a><table class=\"none\"><tr><td style=\"white-space:nowrap\"><b>Code</b></td><td><b>Display</b></td></tr><tr><td><a href=\"CodeSystem-terminologie-cisis.html#terminologie-cisis-ORG-129\">ORG-129</a></td><td>Oncogénétique</td></tr><tr><td><a href=\"CodeSystem-terminologie-cisis.html#terminologie-cisis-ORG-130\">ORG-130</a></td><td>Oncogériatrie</td></tr></table></li></ul></div>"
  },
  "extension" : [{
    "url" : "http://hl7.org/fhir/StructureDefinition/resource-effectivePeriod",
    "valuePeriod" : {
      "start" : "2021-04-14T00:00:00+01:00"
    }
  }],
  "url" : "https://smt.esante.gouv.fr/fhir/ValueSet/jdv-traitement-soins-frcp-cisis",
  "identifier" : [{
    "system" : "urn:ietf:rfc:3986",
    "value" : "urn:oid:1.2.250.1.213.1.1.5.596"
  }],
  "version" : "20250624152101",
  "name" : "JdvTraitementSoinsFrcpCisis",
  "title" : "JDV Traitement Soins Frcp CISIS",
  "status" : "active",
  "experimental" : false,
  "date" : "2025-06-24T15:21:01+01:00",
  "publisher" : "Agence du Numérique en Santé(ANS) -2 - 10 Rue d'Oradour-sur-Glane, 75015 Paris",
  "description" : "JDV Traitement Soins Frcp CISIS",
  "jurisdiction" : [{
    "coding" : [{
      "system" : "urn:iso:std:iso:3166",
      "code" : "FR"
    }]
  }],
  "compose" : {
    "include" : [{
      "system" : "https://smt.esante.gouv.fr/terminologie-ncit",
      "concept" : [{
        "code" : "C3580",
        "display" : "métastases osseuses"
      },
      {
        "code" : "C3303",
        "display" : "douleur"
      },
      {
        "code" : "C15252",
        "display" : "soins palliatifs"
      },
      {
        "code" : "C63334",
        "display" : "Radiologie interventionnelle"
      },
      {
        "code" : "C15747",
        "display" : "soins de support"
      },
      {
        "code" : "C16832",
        "display" : "oncologie médicale"
      },
      {
        "code" : "C71326",
        "display" : "préservation de la fertilité"
      },
      {
        "code" : "C7201",
        "display" : "tumeur rare"
      }]
    },
    {
      "system" : "https://smt.esante.gouv.fr/fhir/CodeSystem/terminologie-cisis",
      "concept" : [{
        "code" : "ORG-129",
        "display" : "Oncogénétique"
      },
      {
        "code" : "ORG-130",
        "display" : "Oncogériatrie"
      }]
    }]
  }
}