{
  "resourceType" : "ValueSet",
  "id" : "JDV-J162-ESPIC-RASS",
  "meta" : {
    "versionId" : "3",
    "lastUpdated" : "2024-04-27T05:06:57.539+00:00",
    "profile" : ["http://hl7.org/fhir/StructureDefinition/shareablevalueset"]
  },
  "language" : "fr-FR",
  "text" : {
    "status" : "generated",
    "div" : "<div xmlns=\"http://www.w3.org/1999/xhtml\" xml:lang=\"fr-FR\" lang=\"fr-FR\"><p class=\"res-header-id\"><b>Generated Narrative: ValueSet JDV-J162-ESPIC-RASS</b></p><a name=\"JDV-J162-ESPIC-RASS\"> </a><a name=\"hcJDV-J162-ESPIC-RASS\"> </a><a name=\"JDV-J162-ESPIC-RASS-fr-FR\"> </a><div style=\"display: inline-block; background-color: #d9e0e7; padding: 6px; margin: 4px; border: 1px solid #8da1b4; border-radius: 5px; line-height: 60%\"><p style=\"margin-bottom: 0px\">version: 3; Last updated: 2024-04-27 05:06:57+0000; Language: fr-FR</p><p style=\"margin-bottom: 0px\">Profil: <a href=\"http://hl7.org/fhir/R4/shareablevalueset.html\">Shareable ValueSet</a></p></div><ul><li>Include ces codes sont définis dans <a href=\"CodeSystem-TRE-R73-ESPIC.html\"><code>https://mos.esante.gouv.fr/NOS/TRE_R73-ESPIC/FHIR/TRE-R73-ESPIC</code></a><table class=\"none\"><tr><td style=\"white-space:nowrap\"><b>Code</b></td><td><b>Display</b></td></tr><tr><td><a href=\"CodeSystem-TRE-R73-ESPIC.html#TRE-R73-ESPIC-0\">0</a></td><td>Non concerné</td></tr><tr><td><a href=\"CodeSystem-TRE-R73-ESPIC.html#TRE-R73-ESPIC-1\">1</a></td><td>Etablissement public de santé</td></tr><tr><td><a href=\"CodeSystem-TRE-R73-ESPIC.html#TRE-R73-ESPIC-2\">2</a></td><td>PSPH par intégration</td></tr><tr><td><a href=\"CodeSystem-TRE-R73-ESPIC.html#TRE-R73-ESPIC-3\">3</a></td><td>PSPH par concession</td></tr><tr><td><a href=\"CodeSystem-TRE-R73-ESPIC.html#TRE-R73-ESPIC-4\">4</a></td><td>PSPH par association</td></tr><tr><td><a href=\"CodeSystem-TRE-R73-ESPIC.html#TRE-R73-ESPIC-5\">5</a></td><td>Assoc 1901 act. Psy</td></tr><tr><td><a href=\"CodeSystem-TRE-R73-ESPIC.html#TRE-R73-ESPIC-6\">6</a></td><td>Etablissement de santé privé d'intérêt collectif</td></tr><tr><td><a href=\"CodeSystem-TRE-R73-ESPIC.html#TRE-R73-ESPIC-7\">7</a></td><td>Etablissement de santé privé non lucratif, non déclaré d'intérêt collectif</td></tr><tr><td><a href=\"CodeSystem-TRE-R73-ESPIC.html#TRE-R73-ESPIC-9\">9</a></td><td>Indéterminé</td></tr></table></li></ul></div>"
  },
  "extension" : [{
    "url" : "http://hl7.org/fhir/StructureDefinition/resource-effectivePeriod",
    "valuePeriod" : {
      "start" : "2021-05-28T12:00:00+01:00"
    }
  }],
  "url" : "https://mos.esante.gouv.fr/NOS/JDV_J162-ESPIC-RASS/FHIR/JDV-J162-ESPIC-RASS",
  "identifier" : [{
    "system" : "urn:ietf:rfc:3986",
    "value" : "urn:oid:1.2.250.1.213.1.6.1.226"
  }],
  "version" : "20210528120000",
  "name" : "JDV_J162_ESPIC_RASS",
  "status" : "active",
  "experimental" : false,
  "date" : "2021-05-28T12:00:00+01:00",
  "publisher" : "Agence du Numérique en Santé (ANS) - 2-10 Rue d'Oradour-sur-Glane, 75015 Paris",
  "description" : "Etablissement de santé privée d'intérêt collectif dans le RASS",
  "jurisdiction" : [{
    "coding" : [{
      "system" : "urn:iso:std:iso:3166",
      "code" : "FR"
    }]
  }],
  "compose" : {
    "include" : [{
      "system" : "https://mos.esante.gouv.fr/NOS/TRE_R73-ESPIC/FHIR/TRE-R73-ESPIC",
      "concept" : [{
        "code" : "0",
        "display" : "Non concerné"
      },
      {
        "code" : "1",
        "display" : "Etablissement public de santé"
      },
      {
        "code" : "2",
        "display" : "PSPH par intégration"
      },
      {
        "code" : "3",
        "display" : "PSPH par concession"
      },
      {
        "code" : "4",
        "display" : "PSPH par association"
      },
      {
        "code" : "5",
        "display" : "Assoc 1901 act. Psy"
      },
      {
        "code" : "6",
        "display" : "Etablissement de santé privé d'intérêt collectif"
      },
      {
        "code" : "7",
        "display" : "Etablissement de santé privé non lucratif, non déclaré d'intérêt collectif"
      },
      {
        "code" : "9",
        "display" : "Indéterminé"
      }]
    }]
  }
}