{
  "resourceType" : "ValueSet",
  "id" : "jdv-profession-exposee-cisis",
  "meta" : {
    "versionId" : "5",
    "lastUpdated" : "2025-12-17T15:46:02.658+01:00",
    "profile" : ["http://hl7.org/fhir/StructureDefinition/shareablevalueset|4.0.1"]
  },
  "language" : "fr-FR",
  "text" : {
    "status" : "generated",
    "div" : "<div xmlns=\"http://www.w3.org/1999/xhtml\" xml:lang=\"fr-FR\" lang=\"fr-FR\"><p class=\"res-header-id\"><b>Generated Narrative: ValueSet jdv-profession-exposee-cisis</b></p><a name=\"jdv-profession-exposee-cisis\"> </a><a name=\"hcjdv-profession-exposee-cisis\"> </a><a name=\"jdv-profession-exposee-cisis-fr-FR\"> </a><div style=\"display: inline-block; background-color: #d9e0e7; padding: 6px; margin: 4px; border: 1px solid #8da1b4; border-radius: 5px; line-height: 60%\"><p style=\"margin-bottom: 0px\">version: 5; Last updated: 2025-12-17 15:46:02+0100; Language: fr-FR</p><p style=\"margin-bottom: 0px\">Profil: <a href=\"http://hl7.org/fhir/R4/shareablevalueset.html\">Shareable ValueSetversion: null4.0.1)</a></p></div><ul><li>Include ces codes sont définis dans <a href=\"CodeSystem-terminologie-cisis.html\"><code>https://smt.esante.gouv.fr/fhir/CodeSystem/terminologie-cisis</code></a><table class=\"none\"><tr><td style=\"white-space:nowrap\"><b>Code</b></td><td><b>Display</b></td></tr><tr><td><a href=\"CodeSystem-terminologie-cisis.html#terminologie-cisis-GEN-054\">GEN-054</a></td><td>Santé</td></tr><tr><td><a href=\"CodeSystem-terminologie-cisis.html#terminologie-cisis-GEN-055\">GEN-055</a></td><td>Social, médico-social</td></tr><tr><td><a href=\"CodeSystem-terminologie-cisis.html#terminologie-cisis-GEN-056\">GEN-056</a></td><td>Armée, Police, Secours</td></tr><tr><td><a href=\"CodeSystem-terminologie-cisis.html#terminologie-cisis-GEN-057\">GEN-057</a></td><td>Education nationale</td></tr><tr><td><a href=\"CodeSystem-terminologie-cisis.html#terminologie-cisis-GEN-058\">GEN-058</a></td><td>Justice</td></tr><tr><td><a href=\"CodeSystem-terminologie-cisis.html#terminologie-cisis-GEN-059\">GEN-059</a></td><td>Au contact des animaux, agriculture, eaux, forêts et pêche</td></tr><tr><td><a href=\"CodeSystem-terminologie-cisis.html#terminologie-cisis-GEN-060\">GEN-060</a></td><td>Assainissement – Environnement</td></tr><tr><td><a href=\"CodeSystem-terminologie-cisis.html#terminologie-cisis-GEN-061\">GEN-061</a></td><td>Restauration - Blanchisserie – Tatouage</td></tr><tr><td><a href=\"CodeSystem-terminologie-cisis.html#terminologie-cisis-GEN-062\">GEN-062</a></td><td>Services funéraires</td></tr><tr><td><a href=\"CodeSystem-terminologie-cisis.html#terminologie-cisis-GEN-063\">GEN-063</a></td><td>Tourisme et transports</td></tr></table></li></ul></div>"
  },
  "extension" : [{
    "url" : "http://hl7.org/fhir/StructureDefinition/resource-effectivePeriod",
    "valuePeriod" : {
      "start" : "2010-01-01T00:00:00+01:00"
    }
  }],
  "url" : "https://smt.esante.gouv.fr/fhir/ValueSet/jdv-profession-exposee-cisis",
  "identifier" : [{
    "system" : "urn:ietf:rfc:3986",
    "value" : "urn:oid:1.2.250.1.213.1.1.5.91"
  }],
  "version" : "20251216141839",
  "name" : "JdvProfessionExposeeCisis",
  "title" : "JDV Profession Exposee CISIS",
  "status" : "active",
  "experimental" : false,
  "date" : "2025-12-16T14:18:39+01:00",
  "publisher" : "Agence du Numérique en Santé(ANS) -2 - 10 Rue d'Oradour-sur-Glane, 75015 Paris",
  "description" : "JDV Profession Exposee CISIS",
  "jurisdiction" : [{
    "coding" : [{
      "system" : "urn:iso:std:iso:3166",
      "code" : "FRA"
    }]
  }],
  "compose" : {
    "include" : [{
      "system" : "https://smt.esante.gouv.fr/fhir/CodeSystem/terminologie-cisis",
      "concept" : [{
        "code" : "GEN-054",
        "display" : "Santé"
      },
      {
        "code" : "GEN-055",
        "display" : "Social, médico-social"
      },
      {
        "code" : "GEN-056",
        "display" : "Armée, Police, Secours"
      },
      {
        "code" : "GEN-057",
        "display" : "Education nationale"
      },
      {
        "code" : "GEN-058",
        "display" : "Justice"
      },
      {
        "code" : "GEN-059",
        "display" : "Au contact des animaux, agriculture, eaux, forêts et pêche"
      },
      {
        "code" : "GEN-060",
        "display" : "Assainissement – Environnement"
      },
      {
        "code" : "GEN-061",
        "display" : "Restauration - Blanchisserie – Tatouage"
      },
      {
        "code" : "GEN-062",
        "display" : "Services funéraires"
      },
      {
        "code" : "GEN-063",
        "display" : "Tourisme et transports"
      }]
    }]
  }
}