{
  "resourceType" : "ValueSet",
  "id" : "JDV-J186-ProfessionRessource-ROR",
  "meta" : {
    "versionId" : "12",
    "lastUpdated" : "2025-07-25T09:32:12.221+00:00",
    "profile" : ["http://hl7.org/fhir/StructureDefinition/shareablevalueset"]
  },
  "language" : "fr-FR",
  "text" : {
    "status" : "extensions",
    "div" : "<div xmlns=\"http://www.w3.org/1999/xhtml\" xml:lang=\"fr-FR\" lang=\"fr-FR\"><p class=\"res-header-id\"><b>Generated Narrative: ValueSet JDV-J186-ProfessionRessource-ROR</b></p><a name=\"JDV-J186-ProfessionRessource-ROR\"> </a><a name=\"hcJDV-J186-ProfessionRessource-ROR\"> </a><a name=\"JDV-J186-ProfessionRessource-ROR-fr-FR\"> </a><div style=\"display: inline-block; background-color: #d9e0e7; padding: 6px; margin: 4px; border: 1px solid #8da1b4; border-radius: 5px; line-height: 60%\"><p style=\"margin-bottom: 0px\">version: 12; Last updated: 2025-07-25 09:32:12+0000; Language: fr-FR</p><p style=\"margin-bottom: 0px\">Profil: <a href=\"http://hl7.org/fhir/R4/shareablevalueset.html\">Shareable ValueSet</a></p></div><p>Ce jeu de valeur (ValueSet) inclut les codes selon les règles suivantes :</p><ul><li>Include ces codes sont définis dans <a href=\"CodeSystem-TRE-G15-ProfessionSante.html\"><code>https://mos.esante.gouv.fr/NOS/TRE_G15-ProfessionSante/FHIR/TRE-G15-ProfessionSante</code></a><table class=\"none\"><tr><td style=\"white-space:nowrap\"><b>Code</b></td><td><b>Display</b></td></tr><tr><td><a href=\"CodeSystem-TRE-G15-ProfessionSante.html#TRE-G15-ProfessionSante-10\">10</a></td><td>Médecin</td></tr><tr><td><a href=\"CodeSystem-TRE-G15-ProfessionSante.html#TRE-G15-ProfessionSante-21\">21</a></td><td>Pharmacien</td></tr><tr><td><a href=\"CodeSystem-TRE-G15-ProfessionSante.html#TRE-G15-ProfessionSante-26\">26</a></td><td>Audioprothésiste</td></tr><tr><td><a href=\"CodeSystem-TRE-G15-ProfessionSante.html#TRE-G15-ProfessionSante-28\">28</a></td><td>Opticien-Lunetier</td></tr><tr><td><a href=\"CodeSystem-TRE-G15-ProfessionSante.html#TRE-G15-ProfessionSante-31\">31</a></td><td>Assistant dentaire</td></tr><tr><td><a href=\"CodeSystem-TRE-G15-ProfessionSante.html#TRE-G15-ProfessionSante-32\">32</a></td><td>Physicien médical</td></tr><tr><td><a href=\"CodeSystem-TRE-G15-ProfessionSante.html#TRE-G15-ProfessionSante-35\">35</a></td><td>Aide-soignant</td></tr><tr><td><a href=\"CodeSystem-TRE-G15-ProfessionSante.html#TRE-G15-ProfessionSante-36\">36</a></td><td>Ambulancier</td></tr><tr><td><a href=\"CodeSystem-TRE-G15-ProfessionSante.html#TRE-G15-ProfessionSante-37\">37</a></td><td>Auxiliaire de puériculture</td></tr><tr><td><a href=\"CodeSystem-TRE-G15-ProfessionSante.html#TRE-G15-ProfessionSante-38\">38</a></td><td>Préparateur en pharmacie hospitalière</td></tr><tr><td><a href=\"CodeSystem-TRE-G15-ProfessionSante.html#TRE-G15-ProfessionSante-39\">39</a></td><td>Préparateur en pharmacie (officine)</td></tr><tr><td><a href=\"CodeSystem-TRE-G15-ProfessionSante.html#TRE-G15-ProfessionSante-40\">40</a></td><td>Chirurgien-Dentiste</td></tr><tr><td><a href=\"CodeSystem-TRE-G15-ProfessionSante.html#TRE-G15-ProfessionSante-50\">50</a></td><td>Sage-Femme</td></tr><tr><td><a href=\"CodeSystem-TRE-G15-ProfessionSante.html#TRE-G15-ProfessionSante-60\">60</a></td><td>Infirmier</td></tr><tr><td><a href=\"CodeSystem-TRE-G15-ProfessionSante.html#TRE-G15-ProfessionSante-69\">69</a></td><td>Infirmier psychiatrique</td></tr><tr><td><a href=\"CodeSystem-TRE-G15-ProfessionSante.html#TRE-G15-ProfessionSante-70\">70</a></td><td>Masseur-Kinésithérapeute</td></tr><tr><td><a href=\"CodeSystem-TRE-G15-ProfessionSante.html#TRE-G15-ProfessionSante-80\">80</a></td><td>Pédicure-Podologue</td></tr><tr><td><a href=\"CodeSystem-TRE-G15-ProfessionSante.html#TRE-G15-ProfessionSante-81\">81</a></td><td>Orthoprothésiste</td></tr><tr><td><a href=\"CodeSystem-TRE-G15-ProfessionSante.html#TRE-G15-ProfessionSante-82\">82</a></td><td>Podo-Orthésiste</td></tr><tr><td><a href=\"CodeSystem-TRE-G15-ProfessionSante.html#TRE-G15-ProfessionSante-83\">83</a></td><td>Orthopédiste-Orthésiste</td></tr><tr><td><a href=\"CodeSystem-TRE-G15-ProfessionSante.html#TRE-G15-ProfessionSante-84\">84</a></td><td>Oculariste</td></tr><tr><td><a href=\"CodeSystem-TRE-G15-ProfessionSante.html#TRE-G15-ProfessionSante-85\">85</a></td><td>Epithésiste</td></tr><tr><td><a href=\"CodeSystem-TRE-G15-ProfessionSante.html#TRE-G15-ProfessionSante-86\">86</a></td><td>Technicien de laboratoire médical</td></tr><tr><td><a href=\"CodeSystem-TRE-G15-ProfessionSante.html#TRE-G15-ProfessionSante-91\">91</a></td><td>Orthophoniste</td></tr><tr><td><a href=\"CodeSystem-TRE-G15-ProfessionSante.html#TRE-G15-ProfessionSante-92\">92</a></td><td>Orthoptiste</td></tr><tr><td><a href=\"CodeSystem-TRE-G15-ProfessionSante.html#TRE-G15-ProfessionSante-94\">94</a></td><td>Ergothérapeute</td></tr><tr><td><a href=\"CodeSystem-TRE-G15-ProfessionSante.html#TRE-G15-ProfessionSante-95\">95</a></td><td>Diététicien</td></tr><tr><td><a href=\"CodeSystem-TRE-G15-ProfessionSante.html#TRE-G15-ProfessionSante-96\">96</a></td><td>Psychomotricien</td></tr><tr><td><a href=\"CodeSystem-TRE-G15-ProfessionSante.html#TRE-G15-ProfessionSante-98\">98</a></td><td>Manipulateur ERM</td></tr></table></li><li>Include ces codes sont définis dans <a href=\"CodeSystem-TRE-R94-ProfessionSocial.html\"><code>https://mos.esante.gouv.fr/NOS/TRE_R94-ProfessionSocial/FHIR/TRE-R94-ProfessionSocial</code></a><table class=\"none\"><tr><td style=\"white-space:nowrap\"><b>Code</b></td><td><b>Display</b></td></tr><tr><td><a href=\"CodeSystem-TRE-R94-ProfessionSocial.html#TRE-R94-ProfessionSocial-41\">41</a></td><td>Assistant de service social</td></tr><tr><td><a href=\"CodeSystem-TRE-R94-ProfessionSocial.html#TRE-R94-ProfessionSocial-42\">42</a></td><td>Auxiliaire de vie sociale</td></tr><tr><td><a href=\"CodeSystem-TRE-R94-ProfessionSocial.html#TRE-R94-ProfessionSocial-43\">43</a></td><td>Technicien de l'intervention sociale et familiale</td></tr><tr><td><a href=\"CodeSystem-TRE-R94-ProfessionSocial.html#TRE-R94-ProfessionSocial-44\">44</a></td><td>Conseiller en économie sociale et familiale</td></tr><tr><td><a href=\"CodeSystem-TRE-R94-ProfessionSocial.html#TRE-R94-ProfessionSocial-45\">45</a></td><td>Médiateur familial</td></tr><tr><td><a href=\"CodeSystem-TRE-R94-ProfessionSocial.html#TRE-R94-ProfessionSocial-46\">46</a></td><td>Assistant familial</td></tr><tr><td><a href=\"CodeSystem-TRE-R94-ProfessionSocial.html#TRE-R94-ProfessionSocial-47\">47</a></td><td>Aide médico-psychologique</td></tr><tr><td><a href=\"CodeSystem-TRE-R94-ProfessionSocial.html#TRE-R94-ProfessionSocial-48\">48</a></td><td>Moniteur éducateur</td></tr><tr><td><a href=\"CodeSystem-TRE-R94-ProfessionSocial.html#TRE-R94-ProfessionSocial-49\">49</a></td><td>Educateur de jeunes enfants</td></tr><tr><td><a href=\"CodeSystem-TRE-R94-ProfessionSocial.html#TRE-R94-ProfessionSocial-51\">51</a></td><td>Educateur spécialisé</td></tr><tr><td><a href=\"CodeSystem-TRE-R94-ProfessionSocial.html#TRE-R94-ProfessionSocial-52\">52</a></td><td>Educateur technique spécialisé</td></tr><tr><td><a href=\"CodeSystem-TRE-R94-ProfessionSocial.html#TRE-R94-ProfessionSocial-53\">53</a></td><td>Accompagnant éducatif et social</td></tr></table></li><li>Include ces codes sont définis dans <a href=\"CodeSystem-TRE-R85-RolePriseCharge.html\"><code>https://mos.esante.gouv.fr/NOS/TRE_R85-RolePriseCharge/FHIR/TRE-R85-RolePriseCharge</code></a><table class=\"none\"><tr><td style=\"white-space:nowrap\"><b>Code</b></td><td><b>Display</b></td><td><b>Définition</b></td></tr><tr><td><a href=\"CodeSystem-TRE-R85-RolePriseCharge.html#TRE-R85-RolePriseCharge-330\">330</a></td><td>Coordonnateur de parcours</td><td>Sous la responsabilité hiérarchique de la direction de la structure, le coordonnateur ou la coordonnatrice de parcours organise et gère l'ensemble des liens permettant l'optimisation de la prise en charge sanitaire, sociale et médicosociale d'une personne dans un parcours de soins. Il ou elle répond à une sollicitation de prise en charge en fonction d'une évaluation médico-psycho-sociale adaptée à la situation. Il ou elle met en œuvre les actions répondant aux besoins et attentes de la personne, coordonne les interventions et organise le parcours, en lien avec les professionnels intervenant autour de la situation. Il ou elle réalise un étayage immédiat, assure un retour au demandeur et au MT s'il existe, avec l'accord de la personne, assure l'évaluation multidimensionnelle des besoins et attentes de la personne, organise en concertation l'élaboration du Plan Personnalisé de coordination en Santé (PPcS) si nécessaire et sa communication au cercle de soins, s'assure de l'obtention, chaque fois que cela est possible, de l'accord de la personne (ou de son représentant légal), s'assure que les interventions sont bien en cohérence, identifiées, partagées entre les professionnels, mises en œuvre et adaptées au besoin, réalise son accompagnement en lien avec le MT et les autres professionnels concernés, alimente et transmet le dossier patient partagé et anime le cercle de soins. Cette mission peut s'exercer sur une période plus ou moins longue, parfois discontinue, avec un niveau d'intensité, des types et fréquences d'interventions et un nombre/type d'intervenants variables (exemple : accompagnement renforcé). Le coordonnateur ou la coordonnatrice de parcours doit être titulaire d’un diplôme de niveau 5 (anciennement de niveau III) du secteur éducatif, social ou sanitaire pour pouvoir exercer sa profession.</td></tr><tr><td><a href=\"CodeSystem-TRE-R85-RolePriseCharge.html#TRE-R85-RolePriseCharge-335\">335</a></td><td>Gestionnaire alertes et urgences sanitaires</td><td>Cette profession représente les gestionnaires ARS qui accèdent à SI-VIC (service numérique en santé permettant de récupérer des informations nominatives sur des victimes avec leur niveau d’urgence de prise en charge).</td></tr><tr><td><a href=\"CodeSystem-TRE-R85-RolePriseCharge.html#TRE-R85-RolePriseCharge-350\">350</a></td><td>Aide à domicile</td><td>CSP Articles L1132-1 à L1132-7</td></tr><tr><td><a href=\"CodeSystem-TRE-R85-RolePriseCharge.html#TRE-R85-RolePriseCharge-351\">351</a></td><td>Assistant(e) maternel(le)</td><td/></tr></table></li><li>Include ces codes sont définis dans <a href=\"CodeSystem-TRE-R96-AutreFonctionSanitaire.html\"><code>https://mos.esante.gouv.fr/NOS/TRE_R96-AutreFonctionSanitaire/FHIR/TRE-R96-AutreFonctionSanitaire</code></a><table class=\"none\"><tr><td style=\"white-space:nowrap\"><b>Code</b></td><td><b>Display</b></td></tr><tr><td><a href=\"CodeSystem-TRE-R96-AutreFonctionSanitaire.html#TRE-R96-AutreFonctionSanitaire-408\">408</a></td><td>Perceur corporel</td></tr><tr><td><a href=\"CodeSystem-TRE-R96-AutreFonctionSanitaire.html#TRE-R96-AutreFonctionSanitaire-409\">409</a></td><td>Maquilleur permanent</td></tr></table></li><li>Include ces codes sont définis dans <a href=\"CodeSystem-TRE-R95-UsagerTitre.html\"><code>https://mos.esante.gouv.fr/NOS/TRE_R95-UsagerTitre/FHIR/TRE-R95-UsagerTitre</code></a><table class=\"none\"><tr><td style=\"white-space:nowrap\"><b>Code</b></td><td><b>Display</b></td></tr><tr><td><a href=\"CodeSystem-TRE-R95-UsagerTitre.html#TRE-R95-UsagerTitre-71\">71</a></td><td>Ostéopathe</td></tr><tr><td><a href=\"CodeSystem-TRE-R95-UsagerTitre.html#TRE-R95-UsagerTitre-72\">72</a></td><td>Psychothérapeute</td></tr><tr><td><a href=\"CodeSystem-TRE-R95-UsagerTitre.html#TRE-R95-UsagerTitre-73\">73</a></td><td>Chiropracteur</td></tr><tr><td><a href=\"CodeSystem-TRE-R95-UsagerTitre.html#TRE-R95-UsagerTitre-93\">93</a></td><td>Psychologue</td></tr><tr><td><a href=\"CodeSystem-TRE-R95-UsagerTitre.html#TRE-R95-UsagerTitre-97\">97</a></td><td>Conseiller en génétique</td></tr></table></li><li>Include ces codes sont définis dans <a href=\"CodeSystem-TRE-R356-ProfessionRessource.html\"><code>https://mos.esante.gouv.fr/NOS/TRE_R356-ProfessionRessource/FHIR/TRE-R356-ProfessionRessource</code></a><table class=\"none\"><tr><td style=\"white-space:nowrap\"><b>Code</b></td><td><b>Display</b></td><td><b>Définition</b></td></tr><tr><td><a href=\"CodeSystem-TRE-R356-ProfessionRessource.html#TRE-R356-ProfessionRessource-04\">04</a></td><td>Art-thérapeute</td><td/></tr><tr><td><a href=\"CodeSystem-TRE-R356-ProfessionRessource.html#TRE-R356-ProfessionRessource-05\">05</a></td><td>Neuropsychologue</td><td/></tr><tr><td><a href=\"CodeSystem-TRE-R356-ProfessionRessource.html#TRE-R356-ProfessionRessource-08\">08</a></td><td>Médiateur de santé pair</td><td/></tr><tr><td><a href=\"CodeSystem-TRE-R356-ProfessionRessource.html#TRE-R356-ProfessionRessource-10\">10</a></td><td>Socio-esthéticien</td><td/></tr><tr><td><a href=\"CodeSystem-TRE-R356-ProfessionRessource.html#TRE-R356-ProfessionRessource-11\">11</a></td><td>Enseignant du 1er degré</td><td/></tr><tr><td><a href=\"CodeSystem-TRE-R356-ProfessionRessource.html#TRE-R356-ProfessionRessource-12\">12</a></td><td>Enseignant du 2nd degré</td><td/></tr><tr><td><a href=\"CodeSystem-TRE-R356-ProfessionRessource.html#TRE-R356-ProfessionRessource-13\">13</a></td><td>Enseignant du supérieur</td><td/></tr><tr><td><a href=\"CodeSystem-TRE-R356-ProfessionRessource.html#TRE-R356-ProfessionRessource-14\">14</a></td><td>Puériculteur</td><td/></tr><tr><td><a href=\"CodeSystem-TRE-R356-ProfessionRessource.html#TRE-R356-ProfessionRessource-17\">17</a></td><td>Aide humaine en milieu scolaire</td><td/></tr><tr><td><a href=\"CodeSystem-TRE-R356-ProfessionRessource.html#TRE-R356-ProfessionRessource-19\">19</a></td><td>Médecin coordonnateur</td><td/></tr><tr><td><a href=\"CodeSystem-TRE-R356-ProfessionRessource.html#TRE-R356-ProfessionRessource-20\">20</a></td><td>Infirmier coordonnateur</td><td/></tr><tr><td><a href=\"CodeSystem-TRE-R356-ProfessionRessource.html#TRE-R356-ProfessionRessource-21\">21</a></td><td>Phoniatre</td><td/></tr><tr><td><a href=\"CodeSystem-TRE-R356-ProfessionRessource.html#TRE-R356-ProfessionRessource-22\">22</a></td><td>Audio phonologue</td><td/></tr><tr><td><a href=\"CodeSystem-TRE-R356-ProfessionRessource.html#TRE-R356-ProfessionRessource-23\">23</a></td><td>Ingénieur en analyse du mouvement</td><td/></tr><tr><td><a href=\"CodeSystem-TRE-R356-ProfessionRessource.html#TRE-R356-ProfessionRessource-24\">24</a></td><td>Psychologue clinicien</td><td/></tr><tr><td><a href=\"CodeSystem-TRE-R356-ProfessionRessource.html#TRE-R356-ProfessionRessource-25\">25</a></td><td>Animateur socio-culturel</td><td/></tr><tr><td><a href=\"CodeSystem-TRE-R356-ProfessionRessource.html#TRE-R356-ProfessionRessource-26\">26</a></td><td>Moniteur d'atelier</td><td/></tr><tr><td><a href=\"CodeSystem-TRE-R356-ProfessionRessource.html#TRE-R356-ProfessionRessource-38\">38</a></td><td>Enseignant en Activité Physique Adaptée (EAPA)</td><td/></tr><tr><td><a href=\"CodeSystem-TRE-R356-ProfessionRessource.html#TRE-R356-ProfessionRessource-39\">39</a></td><td>Accompagnant des Élèves en Situation de Handicap (AESH)</td><td/></tr><tr><td><a href=\"CodeSystem-TRE-R356-ProfessionRessource.html#TRE-R356-ProfessionRessource-43\">43</a></td><td>Pédopsychiatre</td><td/></tr><tr><td><a href=\"CodeSystem-TRE-R356-ProfessionRessource.html#TRE-R356-ProfessionRessource-44\">44</a></td><td>Veilleur de nuit</td><td/></tr><tr><td><a href=\"CodeSystem-TRE-R356-ProfessionRessource.html#TRE-R356-ProfessionRessource-45\">45</a></td><td>Assistant de soins en gérontologie</td><td/></tr><tr><td><a href=\"CodeSystem-TRE-R356-ProfessionRessource.html#TRE-R356-ProfessionRessource-50\">50</a></td><td>Avéjiste</td><td/></tr><tr><td><a href=\"CodeSystem-TRE-R356-ProfessionRessource.html#TRE-R356-ProfessionRessource-51\">51</a></td><td>Instructeur en locomotion</td><td/></tr><tr><td><a href=\"CodeSystem-TRE-R356-ProfessionRessource.html#TRE-R356-ProfessionRessource-52\">52</a></td><td>Educateur sportif</td><td/></tr><tr><td><a href=\"CodeSystem-TRE-R356-ProfessionRessource.html#TRE-R356-ProfessionRessource-53\">53</a></td><td>Conseiller en insertion professionnelle</td><td/></tr><tr><td><a href=\"CodeSystem-TRE-R356-ProfessionRessource.html#TRE-R356-ProfessionRessource-54\">54</a></td><td>Coordonnateur et gestionnaire de parcours handicap</td><td/></tr><tr><td><a href=\"CodeSystem-TRE-R356-ProfessionRessource.html#TRE-R356-ProfessionRessource-55\">55</a></td><td>Neuropédiatre</td><td/></tr><tr><td><a href=\"CodeSystem-TRE-R356-ProfessionRessource.html#TRE-R356-ProfessionRessource-56\">56</a></td><td>Psychopédagogue</td><td/></tr><tr><td><a href=\"CodeSystem-TRE-R356-ProfessionRessource.html#TRE-R356-ProfessionRessource-59\">59</a></td><td>Tabacologue</td><td/></tr><tr><td><a href=\"CodeSystem-TRE-R356-ProfessionRessource.html#TRE-R356-ProfessionRessource-60\">60</a></td><td>Addictologue</td><td/></tr><tr><td><a href=\"CodeSystem-TRE-R356-ProfessionRessource.html#TRE-R356-ProfessionRessource-61\">61</a></td><td>Allergologue</td><td/></tr><tr><td><a href=\"CodeSystem-TRE-R356-ProfessionRessource.html#TRE-R356-ProfessionRessource-63\">63</a></td><td>Cardiologue</td><td/></tr><tr><td><a href=\"CodeSystem-TRE-R356-ProfessionRessource.html#TRE-R356-ProfessionRessource-64\">64</a></td><td>Chercheur médical</td><td/></tr><tr><td><a href=\"CodeSystem-TRE-R356-ProfessionRessource.html#TRE-R356-ProfessionRessource-65\">65</a></td><td>Chirurgien digestif</td><td/></tr><tr><td><a href=\"CodeSystem-TRE-R356-ProfessionRessource.html#TRE-R356-ProfessionRessource-66\">66</a></td><td>Chirurgien général</td><td/></tr><tr><td><a href=\"CodeSystem-TRE-R356-ProfessionRessource.html#TRE-R356-ProfessionRessource-67\">67</a></td><td>Chirurgien maxillo-facial</td><td/></tr><tr><td><a href=\"CodeSystem-TRE-R356-ProfessionRessource.html#TRE-R356-ProfessionRessource-69\">69</a></td><td>Chirurgien oral</td><td/></tr><tr><td><a href=\"CodeSystem-TRE-R356-ProfessionRessource.html#TRE-R356-ProfessionRessource-70\">70</a></td><td>Chirurgien orthopédiste</td><td/></tr><tr><td><a href=\"CodeSystem-TRE-R356-ProfessionRessource.html#TRE-R356-ProfessionRessource-71\">71</a></td><td>Chirurgien pédiatrique</td><td/></tr><tr><td><a href=\"CodeSystem-TRE-R356-ProfessionRessource.html#TRE-R356-ProfessionRessource-72\">72</a></td><td>Chirurgien plastique, plasticien</td><td/></tr><tr><td><a href=\"CodeSystem-TRE-R356-ProfessionRessource.html#TRE-R356-ProfessionRessource-73\">73</a></td><td>Chirurgien thoracique et cardiaque</td><td/></tr><tr><td><a href=\"CodeSystem-TRE-R356-ProfessionRessource.html#TRE-R356-ProfessionRessource-74\">74</a></td><td>Chirurgien urologue</td><td/></tr><tr><td><a href=\"CodeSystem-TRE-R356-ProfessionRessource.html#TRE-R356-ProfessionRessource-75\">75</a></td><td>Chirurgien vasculaire</td><td/></tr><tr><td><a href=\"CodeSystem-TRE-R356-ProfessionRessource.html#TRE-R356-ProfessionRessource-76\">76</a></td><td>Dentiste</td><td/></tr><tr><td><a href=\"CodeSystem-TRE-R356-ProfessionRessource.html#TRE-R356-ProfessionRessource-77\">77</a></td><td>Dermatologue</td><td/></tr><tr><td><a href=\"CodeSystem-TRE-R356-ProfessionRessource.html#TRE-R356-ProfessionRessource-78\">78</a></td><td>Endocrinologue</td><td/></tr><tr><td><a href=\"CodeSystem-TRE-R356-ProfessionRessource.html#TRE-R356-ProfessionRessource-79\">79</a></td><td>Gastro-entérologue</td><td/></tr><tr><td><a href=\"CodeSystem-TRE-R356-ProfessionRessource.html#TRE-R356-ProfessionRessource-80\">80</a></td><td>Généticien médicale</td><td/></tr><tr><td><a href=\"CodeSystem-TRE-R356-ProfessionRessource.html#TRE-R356-ProfessionRessource-81\">81</a></td><td>Gériatre</td><td/></tr><tr><td><a href=\"CodeSystem-TRE-R356-ProfessionRessource.html#TRE-R356-ProfessionRessource-82\">82</a></td><td>Gynécologue</td><td/></tr><tr><td><a href=\"CodeSystem-TRE-R356-ProfessionRessource.html#TRE-R356-ProfessionRessource-83\">83</a></td><td>Gynéco-obstétricien</td><td/></tr><tr><td><a href=\"CodeSystem-TRE-R356-ProfessionRessource.html#TRE-R356-ProfessionRessource-84\">84</a></td><td>Hématologue</td><td/></tr><tr><td><a href=\"CodeSystem-TRE-R356-ProfessionRessource.html#TRE-R356-ProfessionRessource-85\">85</a></td><td>Infectiologue</td><td/></tr><tr><td><a href=\"CodeSystem-TRE-R356-ProfessionRessource.html#TRE-R356-ProfessionRessource-86\">86</a></td><td>Infirmier en pratique avancée (IPA)</td><td/></tr><tr><td><a href=\"CodeSystem-TRE-R356-ProfessionRessource.html#TRE-R356-ProfessionRessource-87\">87</a></td><td>Médecin anesthésiste-réanimateur</td><td/></tr><tr><td><a href=\"CodeSystem-TRE-R356-ProfessionRessource.html#TRE-R356-ProfessionRessource-90\">90</a></td><td>Médecin généraliste</td><td/></tr><tr><td><a href=\"CodeSystem-TRE-R356-ProfessionRessource.html#TRE-R356-ProfessionRessource-91\">91</a></td><td>Médecin interniste</td><td/></tr><tr><td><a href=\"CodeSystem-TRE-R356-ProfessionRessource.html#TRE-R356-ProfessionRessource-92\">92</a></td><td>Médecin légiste</td><td/></tr><tr><td><a href=\"CodeSystem-TRE-R356-ProfessionRessource.html#TRE-R356-ProfessionRessource-93\">93</a></td><td>Médecin nucléaire</td><td/></tr><tr><td><a href=\"CodeSystem-TRE-R356-ProfessionRessource.html#TRE-R356-ProfessionRessource-94\">94</a></td><td>Médecin rééducateur</td><td/></tr><tr><td><a href=\"CodeSystem-TRE-R356-ProfessionRessource.html#TRE-R356-ProfessionRessource-95\">95</a></td><td>Médecin vasculaire</td><td/></tr><tr><td><a href=\"CodeSystem-TRE-R356-ProfessionRessource.html#TRE-R356-ProfessionRessource-96\">96</a></td><td>Néphrologue</td><td/></tr><tr><td><a href=\"CodeSystem-TRE-R356-ProfessionRessource.html#TRE-R356-ProfessionRessource-97\">97</a></td><td>Neurochirurgien</td><td/></tr><tr><td><a href=\"CodeSystem-TRE-R356-ProfessionRessource.html#TRE-R356-ProfessionRessource-98\">98</a></td><td>Neurologue</td><td/></tr><tr><td><a href=\"CodeSystem-TRE-R356-ProfessionRessource.html#TRE-R356-ProfessionRessource-99\">99</a></td><td>Neuro-psychiatre</td><td/></tr><tr><td><a href=\"CodeSystem-TRE-R356-ProfessionRessource.html#TRE-R356-ProfessionRessource-100\">100</a></td><td>Onco-hématologue</td><td/></tr><tr><td><a href=\"CodeSystem-TRE-R356-ProfessionRessource.html#TRE-R356-ProfessionRessource-101\">101</a></td><td>Oncologue</td><td/></tr><tr><td><a href=\"CodeSystem-TRE-R356-ProfessionRessource.html#TRE-R356-ProfessionRessource-102\">102</a></td><td>Ophtalmologue</td><td/></tr><tr><td><a href=\"CodeSystem-TRE-R356-ProfessionRessource.html#TRE-R356-ProfessionRessource-103\">103</a></td><td>ORL</td><td/></tr><tr><td><a href=\"CodeSystem-TRE-R356-ProfessionRessource.html#TRE-R356-ProfessionRessource-104\">104</a></td><td>Pathologiste</td><td/></tr><tr><td><a href=\"CodeSystem-TRE-R356-ProfessionRessource.html#TRE-R356-ProfessionRessource-105\">105</a></td><td>Pédiatre</td><td/></tr><tr><td><a href=\"CodeSystem-TRE-R356-ProfessionRessource.html#TRE-R356-ProfessionRessource-107\">107</a></td><td>Pneumologue</td><td/></tr><tr><td><a href=\"CodeSystem-TRE-R356-ProfessionRessource.html#TRE-R356-ProfessionRessource-108\">108</a></td><td>Psychiatre</td><td/></tr><tr><td><a href=\"CodeSystem-TRE-R356-ProfessionRessource.html#TRE-R356-ProfessionRessource-109\">109</a></td><td>Radiologue</td><td/></tr><tr><td><a href=\"CodeSystem-TRE-R356-ProfessionRessource.html#TRE-R356-ProfessionRessource-110\">110</a></td><td>Radiologue et radiothérapeute</td><td/></tr><tr><td><a href=\"CodeSystem-TRE-R356-ProfessionRessource.html#TRE-R356-ProfessionRessource-111\">111</a></td><td>Radiothérapeute</td><td/></tr><tr><td><a href=\"CodeSystem-TRE-R356-ProfessionRessource.html#TRE-R356-ProfessionRessource-112\">112</a></td><td>Réanimateur intensiviste</td><td/></tr><tr><td><a href=\"CodeSystem-TRE-R356-ProfessionRessource.html#TRE-R356-ProfessionRessource-113\">113</a></td><td>Rhumatologue</td><td/></tr><tr><td><a href=\"CodeSystem-TRE-R356-ProfessionRessource.html#TRE-R356-ProfessionRessource-114\">114</a></td><td>Stomatologue</td><td/></tr><tr><td><a href=\"CodeSystem-TRE-R356-ProfessionRessource.html#TRE-R356-ProfessionRessource-115\">115</a></td><td>Urgentiste</td><td/></tr><tr><td><a href=\"CodeSystem-TRE-R356-ProfessionRessource.html#TRE-R356-ProfessionRessource-116\">116</a></td><td>Biologiste médical</td><td/></tr><tr><td><a href=\"CodeSystem-TRE-R356-ProfessionRessource.html#TRE-R356-ProfessionRessource-117\">117</a></td><td>Médecin du travail</td><td/></tr><tr><td><a href=\"CodeSystem-TRE-R356-ProfessionRessource.html#TRE-R356-ProfessionRessource-118\">118</a></td><td>Médecin de santé public</td><td/></tr><tr><td><a href=\"CodeSystem-TRE-R356-ProfessionRessource.html#TRE-R356-ProfessionRessource-119\">119</a></td><td>Médecin anesthésiste-réanimateur pédiatrique</td><td/></tr><tr><td><a href=\"CodeSystem-TRE-R356-ProfessionRessource.html#TRE-R356-ProfessionRessource-120\">120</a></td><td>Chirurgien viscéral</td><td/></tr><tr><td><a href=\"CodeSystem-TRE-R356-ProfessionRessource.html#TRE-R356-ProfessionRessource-121\">121</a></td><td>Cardiologue interventionnelle</td><td/></tr><tr><td><a href=\"CodeSystem-TRE-R356-ProfessionRessource.html#TRE-R356-ProfessionRessource-122\">122</a></td><td>Cardiologue en imagerie</td><td/></tr><tr><td><a href=\"CodeSystem-TRE-R356-ProfessionRessource.html#TRE-R356-ProfessionRessource-123\">123</a></td><td>Cardiologue rythmologue</td><td/></tr><tr><td><a href=\"CodeSystem-TRE-R356-ProfessionRessource.html#TRE-R356-ProfessionRessource-124\">124</a></td><td>Réanimateur pédiatrique</td><td/></tr><tr><td><a href=\"CodeSystem-TRE-R356-ProfessionRessource.html#TRE-R356-ProfessionRessource-125\">125</a></td><td>Neurologue interventionnelle</td><td/></tr><tr><td><a href=\"CodeSystem-TRE-R356-ProfessionRessource.html#TRE-R356-ProfessionRessource-126\">126</a></td><td>Ophtalmologue pédiatrique</td><td/></tr><tr><td><a href=\"CodeSystem-TRE-R356-ProfessionRessource.html#TRE-R356-ProfessionRessource-127\">127</a></td><td>Réanimateur néonatologiste</td><td/></tr><tr><td><a href=\"CodeSystem-TRE-R356-ProfessionRessource.html#TRE-R356-ProfessionRessource-128\">128</a></td><td>Conseiller conjugal et familial</td><td/></tr><tr><td><a href=\"CodeSystem-TRE-R356-ProfessionRessource.html#TRE-R356-ProfessionRessource-129\">129</a></td><td>Ergonome</td><td/></tr><tr><td><a href=\"CodeSystem-TRE-R356-ProfessionRessource.html#TRE-R356-ProfessionRessource-130\">130</a></td><td>Psychologue du travail</td><td>Professionnel de psychologie intervenant en santé au travail pour préserver la santé mentale des salariés et améliorer les conditions de travail, au travers de diagnostics, conseils, évaluation des risques psychosociaux et accompagnement des actions collectives ou individuelles, en lien avec le médecin du travail.</td></tr><tr><td><a href=\"CodeSystem-TRE-R356-ProfessionRessource.html#TRE-R356-ProfessionRessource-131\">131</a></td><td>Intermédiateur</td><td/></tr></table></li></ul></div>"
  },
  "extension" : [{
    "url" : "http://hl7.org/fhir/StructureDefinition/resource-effectivePeriod",
    "valuePeriod" : {
      "start" : "2023-03-31T12:00:00+01:00"
    }
  }],
  "url" : "https://mos.esante.gouv.fr/NOS/JDV_J186-ProfessionRessource-ROR/FHIR/JDV-J186-ProfessionRessource-ROR",
  "identifier" : [{
    "system" : "urn:ietf:rfc:3986",
    "value" : "urn:oid:1.2.250.1.213.3.4.19"
  }],
  "version" : "20250710120000",
  "name" : "JDV_J186_ProfessionRessource_ROR",
  "status" : "active",
  "experimental" : false,
  "date" : "2025-07-10T12:00:00+01:00",
  "publisher" : "Agence du Numérique en Santé (ANS) - 2-10 Rue d'Oradour-sur-Glane, 75015 Paris",
  "description" : "Profession Ressource des offres dans le ROR",
  "jurisdiction" : [{
    "coding" : [{
      "system" : "urn:iso:std:iso:3166",
      "code" : "FR"
    }]
  }],
  "compose" : {
    "include" : [{
      "system" : "https://mos.esante.gouv.fr/NOS/TRE_G15-ProfessionSante/FHIR/TRE-G15-ProfessionSante",
      "concept" : [{
        "code" : "10",
        "display" : "Médecin"
      },
      {
        "code" : "21",
        "display" : "Pharmacien"
      },
      {
        "code" : "26",
        "display" : "Audioprothésiste"
      },
      {
        "code" : "28",
        "display" : "Opticien-Lunetier"
      },
      {
        "code" : "31",
        "display" : "Assistant dentaire"
      },
      {
        "code" : "32",
        "display" : "Physicien médical"
      },
      {
        "code" : "35",
        "display" : "Aide-soignant"
      },
      {
        "code" : "36",
        "display" : "Ambulancier"
      },
      {
        "code" : "37",
        "display" : "Auxiliaire de puériculture"
      },
      {
        "code" : "38",
        "display" : "Préparateur en pharmacie hospitalière"
      },
      {
        "code" : "39",
        "display" : "Préparateur en pharmacie (officine)"
      },
      {
        "code" : "40",
        "display" : "Chirurgien-Dentiste"
      },
      {
        "code" : "50",
        "display" : "Sage-Femme"
      },
      {
        "code" : "60",
        "display" : "Infirmier"
      },
      {
        "code" : "69",
        "display" : "Infirmier psychiatrique"
      },
      {
        "code" : "70",
        "display" : "Masseur-Kinésithérapeute"
      },
      {
        "code" : "80",
        "display" : "Pédicure-Podologue"
      },
      {
        "code" : "81",
        "display" : "Orthoprothésiste"
      },
      {
        "code" : "82",
        "display" : "Podo-Orthésiste"
      },
      {
        "code" : "83",
        "display" : "Orthopédiste-Orthésiste"
      },
      {
        "code" : "84",
        "display" : "Oculariste"
      },
      {
        "code" : "85",
        "display" : "Epithésiste"
      },
      {
        "code" : "86",
        "display" : "Technicien de laboratoire médical"
      },
      {
        "code" : "91",
        "display" : "Orthophoniste"
      },
      {
        "code" : "92",
        "display" : "Orthoptiste"
      },
      {
        "code" : "94",
        "display" : "Ergothérapeute"
      },
      {
        "code" : "95",
        "display" : "Diététicien"
      },
      {
        "code" : "96",
        "display" : "Psychomotricien"
      },
      {
        "code" : "98",
        "display" : "Manipulateur ERM"
      }]
    },
    {
      "system" : "https://mos.esante.gouv.fr/NOS/TRE_R94-ProfessionSocial/FHIR/TRE-R94-ProfessionSocial",
      "concept" : [{
        "code" : "41",
        "display" : "Assistant de service social"
      },
      {
        "code" : "42",
        "display" : "Auxiliaire de vie sociale"
      },
      {
        "code" : "43",
        "display" : "Technicien de l'intervention sociale et familiale"
      },
      {
        "code" : "44",
        "display" : "Conseiller en économie sociale et familiale"
      },
      {
        "code" : "45",
        "display" : "Médiateur familial"
      },
      {
        "code" : "46",
        "display" : "Assistant familial"
      },
      {
        "code" : "47",
        "display" : "Aide médico-psychologique"
      },
      {
        "code" : "48",
        "display" : "Moniteur éducateur"
      },
      {
        "code" : "49",
        "display" : "Educateur de jeunes enfants"
      },
      {
        "code" : "51",
        "display" : "Educateur spécialisé"
      },
      {
        "code" : "52",
        "display" : "Educateur technique spécialisé"
      },
      {
        "code" : "53",
        "display" : "Accompagnant éducatif et social"
      }]
    },
    {
      "system" : "https://mos.esante.gouv.fr/NOS/TRE_R85-RolePriseCharge/FHIR/TRE-R85-RolePriseCharge",
      "concept" : [{
        "code" : "330",
        "display" : "Coordonnateur de parcours"
      },
      {
        "code" : "335",
        "display" : "Gestionnaire alertes et urgences sanitaires"
      },
      {
        "code" : "350",
        "display" : "Aide à domicile"
      },
      {
        "code" : "351",
        "display" : "Assistant(e) maternel(le)"
      }]
    },
    {
      "system" : "https://mos.esante.gouv.fr/NOS/TRE_R96-AutreFonctionSanitaire/FHIR/TRE-R96-AutreFonctionSanitaire",
      "concept" : [{
        "code" : "408",
        "display" : "Perceur corporel"
      },
      {
        "code" : "409",
        "display" : "Maquilleur permanent"
      }]
    },
    {
      "system" : "https://mos.esante.gouv.fr/NOS/TRE_R95-UsagerTitre/FHIR/TRE-R95-UsagerTitre",
      "concept" : [{
        "code" : "71",
        "display" : "Ostéopathe"
      },
      {
        "code" : "72",
        "display" : "Psychothérapeute"
      },
      {
        "code" : "73",
        "display" : "Chiropracteur"
      },
      {
        "code" : "93",
        "display" : "Psychologue"
      },
      {
        "code" : "97",
        "display" : "Conseiller en génétique"
      }]
    },
    {
      "system" : "https://mos.esante.gouv.fr/NOS/TRE_R356-ProfessionRessource/FHIR/TRE-R356-ProfessionRessource",
      "concept" : [{
        "code" : "04",
        "display" : "Art-thérapeute"
      },
      {
        "code" : "05",
        "display" : "Neuropsychologue"
      },
      {
        "code" : "08",
        "display" : "Médiateur de santé pair"
      },
      {
        "code" : "10",
        "display" : "Socio-esthéticien"
      },
      {
        "code" : "11",
        "display" : "Enseignant du 1er degré"
      },
      {
        "code" : "12",
        "display" : "Enseignant du 2nd degré"
      },
      {
        "code" : "13",
        "display" : "Enseignant du supérieur"
      },
      {
        "code" : "14",
        "display" : "Puériculteur"
      },
      {
        "code" : "17",
        "display" : "Aide humaine en milieu scolaire"
      },
      {
        "code" : "19",
        "display" : "Médecin coordonnateur"
      },
      {
        "code" : "20",
        "display" : "Infirmier coordonnateur"
      },
      {
        "code" : "21",
        "display" : "Phoniatre"
      },
      {
        "code" : "22",
        "display" : "Audio phonologue"
      },
      {
        "code" : "23",
        "display" : "Ingénieur en analyse du mouvement"
      },
      {
        "code" : "24",
        "display" : "Psychologue clinicien"
      },
      {
        "code" : "25",
        "display" : "Animateur socio-culturel"
      },
      {
        "code" : "26",
        "display" : "Moniteur d'atelier"
      },
      {
        "code" : "38",
        "display" : "Enseignant en Activité Physique Adaptée (EAPA)"
      },
      {
        "code" : "39",
        "display" : "Accompagnant des Élèves en Situation de Handicap (AESH)"
      },
      {
        "code" : "43",
        "display" : "Pédopsychiatre"
      },
      {
        "code" : "44",
        "display" : "Veilleur de nuit"
      },
      {
        "code" : "45",
        "display" : "Assistant de soins en gérontologie"
      },
      {
        "code" : "50",
        "display" : "Avéjiste"
      },
      {
        "code" : "51",
        "display" : "Instructeur en locomotion"
      },
      {
        "code" : "52",
        "display" : "Educateur sportif"
      },
      {
        "code" : "53",
        "display" : "Conseiller en insertion professionnelle"
      },
      {
        "code" : "54",
        "display" : "Coordonnateur et gestionnaire de parcours handicap"
      },
      {
        "code" : "55",
        "display" : "Neuropédiatre"
      },
      {
        "code" : "56",
        "display" : "Psychopédagogue"
      },
      {
        "code" : "59",
        "display" : "Tabacologue"
      },
      {
        "code" : "60",
        "display" : "Addictologue"
      },
      {
        "code" : "61",
        "display" : "Allergologue"
      },
      {
        "code" : "63",
        "display" : "Cardiologue"
      },
      {
        "code" : "64",
        "display" : "Chercheur médical"
      },
      {
        "code" : "65",
        "display" : "Chirurgien digestif"
      },
      {
        "code" : "66",
        "display" : "Chirurgien général"
      },
      {
        "code" : "67",
        "display" : "Chirurgien maxillo-facial"
      },
      {
        "code" : "69",
        "display" : "Chirurgien oral"
      },
      {
        "code" : "70",
        "display" : "Chirurgien orthopédiste"
      },
      {
        "code" : "71",
        "display" : "Chirurgien pédiatrique"
      },
      {
        "code" : "72",
        "display" : "Chirurgien plastique, plasticien"
      },
      {
        "code" : "73",
        "display" : "Chirurgien thoracique et cardiaque"
      },
      {
        "code" : "74",
        "display" : "Chirurgien urologue"
      },
      {
        "code" : "75",
        "display" : "Chirurgien vasculaire"
      },
      {
        "code" : "76",
        "display" : "Dentiste"
      },
      {
        "code" : "77",
        "display" : "Dermatologue"
      },
      {
        "code" : "78",
        "display" : "Endocrinologue"
      },
      {
        "code" : "79",
        "display" : "Gastro-entérologue"
      },
      {
        "code" : "80",
        "display" : "Généticien médicale"
      },
      {
        "code" : "81",
        "display" : "Gériatre"
      },
      {
        "code" : "82",
        "display" : "Gynécologue"
      },
      {
        "code" : "83",
        "display" : "Gynéco-obstétricien"
      },
      {
        "code" : "84",
        "display" : "Hématologue"
      },
      {
        "code" : "85",
        "display" : "Infectiologue"
      },
      {
        "code" : "86",
        "display" : "Infirmier en pratique avancée (IPA)"
      },
      {
        "code" : "87",
        "display" : "Médecin anesthésiste-réanimateur"
      },
      {
        "code" : "90",
        "display" : "Médecin généraliste"
      },
      {
        "code" : "91",
        "display" : "Médecin interniste"
      },
      {
        "code" : "92",
        "display" : "Médecin légiste"
      },
      {
        "code" : "93",
        "display" : "Médecin nucléaire"
      },
      {
        "code" : "94",
        "display" : "Médecin rééducateur"
      },
      {
        "code" : "95",
        "display" : "Médecin vasculaire"
      },
      {
        "code" : "96",
        "display" : "Néphrologue"
      },
      {
        "code" : "97",
        "display" : "Neurochirurgien"
      },
      {
        "code" : "98",
        "display" : "Neurologue"
      },
      {
        "code" : "99",
        "display" : "Neuro-psychiatre"
      },
      {
        "code" : "100",
        "display" : "Onco-hématologue"
      },
      {
        "code" : "101",
        "display" : "Oncologue"
      },
      {
        "code" : "102",
        "display" : "Ophtalmologue"
      },
      {
        "code" : "103",
        "display" : "ORL"
      },
      {
        "code" : "104",
        "display" : "Pathologiste"
      },
      {
        "code" : "105",
        "display" : "Pédiatre"
      },
      {
        "code" : "107",
        "display" : "Pneumologue"
      },
      {
        "code" : "108",
        "display" : "Psychiatre"
      },
      {
        "code" : "109",
        "display" : "Radiologue"
      },
      {
        "code" : "110",
        "display" : "Radiologue et radiothérapeute"
      },
      {
        "code" : "111",
        "display" : "Radiothérapeute"
      },
      {
        "code" : "112",
        "display" : "Réanimateur intensiviste"
      },
      {
        "code" : "113",
        "display" : "Rhumatologue"
      },
      {
        "code" : "114",
        "display" : "Stomatologue"
      },
      {
        "code" : "115",
        "display" : "Urgentiste"
      },
      {
        "code" : "116",
        "display" : "Biologiste médical"
      },
      {
        "code" : "117",
        "display" : "Médecin du travail"
      },
      {
        "code" : "118",
        "display" : "Médecin de santé public"
      },
      {
        "code" : "119",
        "display" : "Médecin anesthésiste-réanimateur pédiatrique"
      },
      {
        "code" : "120",
        "display" : "Chirurgien viscéral"
      },
      {
        "code" : "121",
        "display" : "Cardiologue interventionnelle"
      },
      {
        "code" : "122",
        "display" : "Cardiologue en imagerie"
      },
      {
        "code" : "123",
        "display" : "Cardiologue rythmologue"
      },
      {
        "code" : "124",
        "display" : "Réanimateur pédiatrique"
      },
      {
        "code" : "125",
        "display" : "Neurologue interventionnelle"
      },
      {
        "code" : "126",
        "display" : "Ophtalmologue pédiatrique"
      },
      {
        "code" : "127",
        "display" : "Réanimateur néonatologiste"
      },
      {
        "code" : "128",
        "display" : "Conseiller conjugal et familial"
      },
      {
        "code" : "129",
        "display" : "Ergonome"
      },
      {
        "code" : "130",
        "display" : "Psychologue du travail"
      },
      {
        "code" : "131",
        "display" : "Intermédiateur"
      }]
    }]
  }
}