{
  "resourceType" : "ValueSet",
  "id" : "JDV-J80-Sexe-RASS",
  "meta" : {
    "versionId" : "4",
    "lastUpdated" : "2025-07-02T17:06:49.886+00:00",
    "profile" : ["http://hl7.org/fhir/StructureDefinition/shareablevalueset"]
  },
  "language" : "fr-FR",
  "text" : {
    "status" : "generated",
    "div" : "<div xml:lang=\"fr-FR\" xmlns=\"http://www.w3.org/1999/xhtml\" lang=\"fr-FR\"><p class=\"res-header-id\"><b>Narratif généré : EnsembleValeurs JDV-J80-Sexe-RASS</b></p><a name=\"JDV-J80-Sexe-RASS\"> </a><a name=\"hcJDV-J80-Sexe-RASS\"> </a><div style=\"display: inline-block; background-color: #d9e0e7; padding: 6px; margin: 4px; border: 1px solid #8da1b4; border-radius: 5px; line-height: 60%\"><p style=\"margin-bottom: 0px\">version: 3; Dernière mise à jour : 2024-04-27 05:08:05+0000; Langue : fr-FR</p><p style=\"margin-bottom: 0px\">Profil: <a href=\"http://hl7.org/fhir/R4/shareablevalueset.html\">Shareable ValueSet</a></p></div><ul><li>Include les codes sont définis dans <a href=\"CodeSystem-TRE-R249-Sexe.html\"><code>https://mos.esante.gouv.fr/NOS/TRE_R249-Sexe/FHIR/TRE-R249-Sexe</code></a><table class=\"none\"><tr><td style=\"white-space:nowrap\"><b>Code</b></td><td><b>Display</b></td></tr><tr><td><a href=\"CodeSystem-TRE-R249-Sexe.html#TRE-R249-Sexe-UN\">UN</a></td><td>Inconnu</td></tr><tr><td><a href=\"CodeSystem-TRE-R249-Sexe.html#TRE-R249-Sexe-F\">F</a></td><td>Féminin</td></tr><tr><td><a href=\"CodeSystem-TRE-R249-Sexe.html#TRE-R249-Sexe-M\">M</a></td><td>Masculin</td></tr><tr><td><a href=\"CodeSystem-TRE-R249-Sexe.html#TRE-R249-Sexe-O\">O</a></td><td>Autre sexe (ni masculin, ni féminin)</td></tr></table></li></ul></div>"
  },
  "extension" : [{
    "url" : "http://hl7.org/fhir/StructureDefinition/resource-effectivePeriod",
    "valuePeriod" : {
      "start" : "2019-08-30T12:00:00+01:00"
    }
  }],
  "url" : "https://mos.esante.gouv.fr/NOS/JDV_J80-Sexe-RASS/FHIR/JDV-J80-Sexe-RASS",
  "identifier" : [{
    "system" : "urn:ietf:rfc:3986",
    "value" : "urn:oid:1.2.250.1.213.1.6.1.148"
  }],
  "version" : "20231215120000",
  "name" : "JDV_J80_Sexe_RASS",
  "status" : "active",
  "experimental" : false,
  "date" : "2023-12-15T12:00:00+01:00",
  "publisher" : "Agence du Numérique en Santé (ANS) - 2-10 Rue d'Oradour-sur-Glane, 75015 Paris",
  "description" : "Sexe des professionnels du RASS",
  "jurisdiction" : [{
    "coding" : [{
      "system" : "urn:iso:std:iso:3166",
      "code" : "FR"
    }]
  }],
  "compose" : {
    "include" : [{
      "system" : "https://mos.esante.gouv.fr/NOS/TRE_R249-Sexe/FHIR/TRE-R249-Sexe",
      "concept" : [{
        "code" : "UN",
        "display" : "Inconnu"
      },
      {
        "code" : "F",
        "display" : "Féminin"
      },
      {
        "code" : "M",
        "display" : "Masculin"
      },
      {
        "code" : "O",
        "display" : "Autre sexe (ni masculin, ni féminin)"
      }]
    }]
  }
}