{"resourceType":"ValueSet","id":"jdv-type-traitement-iv-cisis","meta":{"versionId":"3","lastUpdated":"2025-06-25T09:17:01.644+00:00","profile":["http://hl7.org/fhir/StructureDefinition/shareablevalueset"]},"language":"fr-FR","text":{"status":"generated","div":"<div xmlns=\"http://www.w3.org/1999/xhtml\" xml:lang=\"fr-FR\" lang=\"fr-FR\"><p class=\"res-header-id\"><b>Generated Narrative: ValueSet jdv-type-traitement-iv-cisis</b></p><a name=\"jdv-type-traitement-iv-cisis\"> </a><a name=\"hcjdv-type-traitement-iv-cisis\"> </a><a name=\"jdv-type-traitement-iv-cisis-fr-FR\"> </a><div style=\"display: inline-block; background-color: #d9e0e7; padding: 6px; margin: 4px; border: 1px solid #8da1b4; border-radius: 5px; line-height: 60%\"><p style=\"margin-bottom: 0px\">version: 3; Last updated: 2025-06-25 09:17:01+0000; Language: fr-FR</p><p style=\"margin-bottom: 0px\">Profil: <a href=\"http://hl7.org/fhir/R4/shareablevalueset.html\">Shareable ValueSet</a></p></div><ul><li>Include ces codes sont définis dans <a href=\"http://www.snomed.org/\"><code>http://snomed.info/sct</code></a><table class=\"none\"><tr><td style=\"white-space:nowrap\"><b>Code</b></td><td><b>Display</b></td></tr><tr><td><a href=\"http://snomed.info/id/233428003\">233428003</a></td><td>thrombolyse d'une veine</td></tr><tr><td><a href=\"http://snomed.info/id/397028007\">397028007</a></td><td>thrombectomie d'une veine</td></tr></table></li></ul></div>"},"extension":[{"url":"http://hl7.org/fhir/StructureDefinition/resource-effectivePeriod","valuePeriod":{"start":"2010-01-01T00:00:00+01:00"}}],"url":"https://smt.esante.gouv.fr/fhir/ValueSet/jdv-type-traitement-iv-cisis","identifier":[{"system":"urn:ietf:rfc:3986","value":"urn:oid:1.2.250.1.213.1.1.5.173"}],"version":"20250624152101","name":"JdvTypeTraitementIvCisis","title":"JDV Type Traitement Iv CISIS","status":"active","experimental":false,"date":"2025-06-24T15:21:01+01:00","publisher":"Agence du Numérique en Santé(ANS) -2 - 10 Rue d'Oradour-sur-Glane, 75015 Paris","description":"JDV Type Traitement Iv CISIS","jurisdiction":[{"coding":[{"system":"urn:iso:std:iso:3166","code":"FR"}]}],"compose":{"include":[{"system":"http://snomed.info/sct","concept":[{"code":"233428003","display":"thrombolyse d'une veine"},{"code":"397028007","display":"thrombectomie d'une veine"}]}]}}