<?xml version="1.0" encoding="UTF-8"?><CodeSystem xmlns="http://hl7.org/fhir"><id value="TRE-R95-UsagerTitre"/><meta><versionId value="7"/><lastUpdated value="2025-07-02T18:19:22.873+00:00"/><profile value="http://hl7.org/fhir/StructureDefinition/shareablecodesystem"/></meta><text><status value="generated"/><div xmlns="http://www.w3.org/1999/xhtml"><p class="res-header-id"><b>Narratif généré : CodeSystem TRE-R95-UsagerTitre</b></p><a name="TRE-R95-UsagerTitre"> </a><a name="hcTRE-R95-UsagerTitre"> </a><div style="display: inline-block; background-color: #d9e0e7; padding: 6px; margin: 4px; border: 1px solid #8da1b4; border-radius: 5px; line-height: 60%"><p style="margin-bottom: 0px">version: 6; Dernière mise à jour : 2024-12-19 19:11:52+0000</p><p style="margin-bottom: 0px">Profil: <a href="http://hl7.org/fhir/R4/shareablecodesystem.html">Shareable CodeSystem</a></p></div><p><b>Propriétés</b></p><p><b>Cette terminologie de référence (CodeSystem) définit les propriétés suivantes pour ses concepts</b></p><table class="grid"><tr><td><b>Nom</b></td><td><b>Code</b></td><td><b>Type</b></td><td><b>Description</b></td></tr><tr><td>dateValid</td><td>dateValid</td><td>dateTime</td><td>date de validité d'un code concept</td></tr><tr><td>dateMaj</td><td>dateMaj</td><td>dateTime</td><td>Date de mise à jour d'un code concept</td></tr><tr><td>dateFin</td><td>dateFin</td><td>dateTime</td><td>Date de fin d'exploitation d'un code concept</td></tr></table><p><b>Concepts</b></p><p>This case-insensitive code system <code>https://mos.esante.gouv.fr/NOS/TRE_R95-UsagerTitre/FHIR/TRE-R95-UsagerTitre</code> defines the following codes:</p><table class="codes"><tr><td style="white-space:nowrap"><b>Code</b></td><td><b>Display</b></td><td><b>dateValid</b></td><td><b>dateMaj</b></td><td><b>dateFin</b></td></tr><tr><td style="white-space:nowrap">171<a name="TRE-R95-UsagerTitre-171"> </a></td><td>Ostéopathe</td><td>2017-10-13T12:00:00+01:00</td><td>2020-05-29T12:00:00+01:00</td><td>2020-05-29T12:00:00+01:00</td></tr><tr><td style="white-space:nowrap">172<a name="TRE-R95-UsagerTitre-172"> </a></td><td>Psychothérapeute</td><td>2017-10-13T12:00:00+01:00</td><td>2020-05-29T12:00:00+01:00</td><td>2020-05-29T12:00:00+01:00</td></tr><tr><td style="white-space:nowrap">173<a name="TRE-R95-UsagerTitre-173"> </a></td><td>Chiropracteur</td><td>2017-10-13T12:00:00+01:00</td><td>2020-05-29T12:00:00+01:00</td><td>2020-05-29T12:00:00+01:00</td></tr><tr><td style="white-space:nowrap">193<a name="TRE-R95-UsagerTitre-193"> </a></td><td>Psychologue</td><td>2017-10-13T12:00:00+01:00</td><td>2020-05-29T12:00:00+01:00</td><td>2020-05-29T12:00:00+01:00</td></tr><tr><td style="white-space:nowrap">194<a name="TRE-R95-UsagerTitre-194"> </a></td><td>Conseiller en génétique</td><td>2019-03-29T12:00:00+01:00</td><td>2020-05-29T12:00:00+01:00</td><td>2020-05-29T12:00:00+01:00</td></tr><tr><td style="white-space:nowrap">71<a name="TRE-R95-UsagerTitre-71"> </a></td><td>Ostéopathe</td><td>2020-05-29T12:00:00+01:00</td><td>2020-05-29T12:00:00+01:00</td><td/></tr><tr><td style="white-space:nowrap">72<a name="TRE-R95-UsagerTitre-72"> </a></td><td>Psychothérapeute</td><td>2020-05-29T12:00:00+01:00</td><td>2020-05-29T12:00:00+01:00</td><td/></tr><tr><td style="white-space:nowrap">73<a name="TRE-R95-UsagerTitre-73"> </a></td><td>Chiropracteur</td><td>2020-05-29T12:00:00+01:00</td><td>2020-05-29T12:00:00+01:00</td><td/></tr><tr><td style="white-space:nowrap">93<a name="TRE-R95-UsagerTitre-93"> </a></td><td>Psychologue</td><td>2020-05-29T12:00:00+01:00</td><td>2020-05-29T12:00:00+01:00</td><td/></tr><tr><td style="white-space:nowrap">97<a name="TRE-R95-UsagerTitre-97"> </a></td><td>Conseiller en génétique</td><td>2020-05-29T12:00:00+01:00</td><td>2024-12-13T12:00:00+01:00</td><td>2024-12-13T12:00:00+01:00</td></tr></table></div></text><extension url="http://hl7.org/fhir/StructureDefinition/resource-effectivePeriod"><valuePeriod><start value="2017-10-13T12:00:00+01:00"/></valuePeriod></extension><url value="https://mos.esante.gouv.fr/NOS/TRE_R95-UsagerTitre/FHIR/TRE-R95-UsagerTitre"/><identifier><system value="urn:ietf:rfc:3986"/><value value="urn:oid:1.2.250.1.213.1.6.1.109"/></identifier><version value="20241213120000"/><name value="TRE_R95_UsagerTitre"/><status value="active"/><experimental value="false"/><date value="2024-12-13T12:00:00+01:00"/><publisher value="Agence du Numérique en Santé (ANS) - 2-10 Rue d'Oradour-sur-Glane, 75015 Paris"/><description value="Usager de titre professionnel"/><jurisdiction><coding><system value="urn:iso:std:iso:3166"/><code value="FR"/></coding></jurisdiction><caseSensitive value="false"/><content value="complete"/><property><code value="dateValid"/><description value="date de validité d'un code concept"/><type value="dateTime"/></property><property><code value="dateMaj"/><description value="Date de mise à jour d'un code concept"/><type value="dateTime"/></property><property><code value="dateFin"/><description value="Date de fin d'exploitation d'un code concept"/><type value="dateTime"/></property><property><code value="deprecationDate"/><uri value="http://hl7.org/fhir/concept-properties#deprecationDate"/><description value="Date Concept was deprecated"/><type value="dateTime"/></property><property><code value="status"/><uri value="http://hl7.org/fhir/concept-properties#status"/><description value="A property that indicates the status of the concept."/><type value="code"/></property><property><code value="retirementDate"/><uri value="http://hl7.org/fhir/concept-properties#retirementDate"/><description value="Date Concept was retired"/><type value="dateTime"/></property><concept><code value="171"/><display value="Ostéopathe"/><property><code value="dateValid"/><valueDateTime value="2017-10-13T12:00:00+01:00"/></property><property><code value="dateFin"/><valueDateTime value="2020-05-29T12:00:00+01:00"/></property><property><code value="dateMaj"/><valueDateTime value="2020-05-29T12:00:00+01:00"/></property><property><code value="deprecationDate"/><valueDateTime value="2020-05-29T12:00:00+01:00"/></property><property><code value="status"/><valueCode value="deprecated"/></property></concept><concept><code value="172"/><display value="Psychothérapeute"/><property><code value="dateValid"/><valueDateTime value="2017-10-13T12:00:00+01:00"/></property><property><code value="dateFin"/><valueDateTime value="2020-05-29T12:00:00+01:00"/></property><property><code value="dateMaj"/><valueDateTime value="2020-05-29T12:00:00+01:00"/></property><property><code value="deprecationDate"/><valueDateTime value="2020-05-29T12:00:00+01:00"/></property><property><code value="status"/><valueCode value="deprecated"/></property></concept><concept><code value="173"/><display value="Chiropracteur"/><property><code value="dateValid"/><valueDateTime value="2017-10-13T12:00:00+01:00"/></property><property><code value="dateFin"/><valueDateTime value="2020-05-29T12:00:00+01:00"/></property><property><code value="dateMaj"/><valueDateTime value="2020-05-29T12:00:00+01:00"/></property><property><code value="deprecationDate"/><valueDateTime value="2020-05-29T12:00:00+01:00"/></property><property><code value="status"/><valueCode value="deprecated"/></property></concept><concept><code value="193"/><display value="Psychologue"/><property><code value="dateValid"/><valueDateTime value="2017-10-13T12:00:00+01:00"/></property><property><code value="dateFin"/><valueDateTime value="2020-05-29T12:00:00+01:00"/></property><property><code value="dateMaj"/><valueDateTime value="2020-05-29T12:00:00+01:00"/></property><property><code value="deprecationDate"/><valueDateTime value="2020-05-29T12:00:00+01:00"/></property><property><code value="status"/><valueCode value="deprecated"/></property></concept><concept><code value="194"/><display value="Conseiller en génétique"/><property><code value="dateValid"/><valueDateTime value="2019-03-29T12:00:00+01:00"/></property><property><code value="dateFin"/><valueDateTime value="2020-05-29T12:00:00+01:00"/></property><property><code value="dateMaj"/><valueDateTime value="2020-05-29T12:00:00+01:00"/></property><property><code value="deprecationDate"/><valueDateTime value="2020-05-29T12:00:00+01:00"/></property><property><code value="status"/><valueCode value="deprecated"/></property></concept><concept><code value="71"/><display value="Ostéopathe"/><property><code value="dateValid"/><valueDateTime value="2020-05-29T12:00:00+01:00"/></property><property><code value="dateMaj"/><valueDateTime value="2020-05-29T12:00:00+01:00"/></property><property><code value="status"/><valueCode value="active"/></property></concept><concept><code value="72"/><display value="Psychothérapeute"/><property><code value="dateValid"/><valueDateTime value="2020-05-29T12:00:00+01:00"/></property><property><code value="dateMaj"/><valueDateTime value="2020-05-29T12:00:00+01:00"/></property><property><code value="status"/><valueCode value="active"/></property></concept><concept><code value="73"/><display value="Chiropracteur"/><property><code value="dateValid"/><valueDateTime value="2020-05-29T12:00:00+01:00"/></property><property><code value="dateMaj"/><valueDateTime value="2020-05-29T12:00:00+01:00"/></property><property><code value="status"/><valueCode value="active"/></property></concept><concept><code value="93"/><display value="Psychologue"/><property><code value="dateValid"/><valueDateTime value="2020-05-29T12:00:00+01:00"/></property><property><code value="dateMaj"/><valueDateTime value="2020-05-29T12:00:00+01:00"/></property><property><code value="status"/><valueCode value="active"/></property></concept><concept><code value="97"/><display value="Conseiller en génétique"/><property><code value="dateValid"/><valueDateTime value="2020-05-29T12:00:00+01:00"/></property><property><code value="dateFin"/><valueDateTime value="2024-12-13T12:00:00+01:00"/></property><property><code value="dateMaj"/><valueDateTime value="2024-12-13T12:00:00+01:00"/></property><property><code value="deprecationDate"/><valueDateTime value="2024-12-13T12:00:00+01:00"/></property><property><code value="status"/><valueCode value="deprecated"/></property></concept></CodeSystem>