<?xml version="1.0" encoding="UTF-8"?><CodeSystem xmlns="http://hl7.org/fhir"><id value="TRE-R236-ModeGestion"/><meta><versionId value="4"/><lastUpdated value="2024-08-28T05:12:39.039+00:00"/><profile value="http://hl7.org/fhir/StructureDefinition/shareablecodesystem"/></meta><text><status value="generated"/><div xmlns="http://www.w3.org/1999/xhtml"><p class="res-header-id"><b>Generated Narrative: CodeSystem TRE-R236-ModeGestion</b></p><a name="TRE-R236-ModeGestion"> </a><a name="hcTRE-R236-ModeGestion"> </a><a name="TRE-R236-ModeGestion-fr-FR"> </a><div style="display: inline-block; background-color: #d9e0e7; padding: 6px; margin: 4px; border: 1px solid #8da1b4; border-radius: 5px; line-height: 60%"><p style="margin-bottom: 0px">version: 4; Last updated: 2024-08-28 05:12:39+0000</p><p style="margin-bottom: 0px">Profile: <a href="http://hl7.org/fhir/R4/shareablecodesystem.html">Shareable CodeSystem</a></p></div><p><b>Properties</b></p><p><b>This code system defines the following properties for its concepts</b></p><table class="grid"><tr><td><b>Name</b></td><td><b>Code</b></td><td><b>Type</b></td><td><b>Description</b></td></tr><tr><td>dateValid</td><td>dateValid</td><td>dateTime</td><td>date de validité d'un code concept</td></tr><tr><td>dateMaj</td><td>dateMaj</td><td>dateTime</td><td>Date de mise à jour d'un code concept</td></tr><tr><td>dateFin</td><td>dateFin</td><td>dateTime</td><td>Date de fin d'exploitation d'un code concept</td></tr></table><p><b>Concepts</b></p><p>This case-insensitive code system <code>https://mos.esante.gouv.fr/NOS/TRE_R236-ModeGestion/FHIR/TRE-R236-ModeGestion</code> defines the following codes:</p><table class="codes"><tr><td style="white-space:nowrap"><b>Code</b></td><td><b>Display</b></td><td><b>dateValid</b></td><td><b>dateMaj</b></td></tr><tr><td style="white-space:nowrap">01<a name="TRE-R236-ModeGestion-01"> </a></td><td>Prestataire</td><td>2017-10-13T12:00:00+01:00</td><td>2017-10-13T12:00:00+01:00</td></tr><tr><td style="white-space:nowrap">02<a name="TRE-R236-ModeGestion-02"> </a></td><td>Mandataire</td><td>2017-10-13T12:00:00+01:00</td><td>2017-10-13T12:00:00+01:00</td></tr></table></div></text><extension url="http://hl7.org/fhir/StructureDefinition/resource-effectivePeriod"><valuePeriod><start value="2017-10-13T12:00:00+01:00"/></valuePeriod></extension><url value="https://mos.esante.gouv.fr/NOS/TRE_R236-ModeGestion/FHIR/TRE-R236-ModeGestion"/><identifier><system value="urn:ietf:rfc:3986"/><value value="urn:oid:1.2.250.1.213.3.3.23"/></identifier><version value="20231215120000"/><name value="TRE_R236_ModeGestion"/><status value="active"/><experimental value="false"/><date value="2023-12-15T12:00:00+01:00"/><publisher value="Agence du Numérique en Santé (ANS) - 2-10 Rue d'Oradour-sur-Glane, 75015 Paris"/><description value="Mode gestion"/><caseSensitive value="false"/><content value="complete"/><property><code value="dateValid"/><description value="date de validité d'un code concept"/><type value="dateTime"/></property><property><code value="dateMaj"/><description value="Date de mise à jour d'un code concept"/><type value="dateTime"/></property><property><code value="dateFin"/><description value="Date de fin d'exploitation d'un code concept"/><type value="dateTime"/></property><concept><code value="01"/><display value="Prestataire"/><property><code value="dateValid"/><valueDateTime value="2017-10-13T12:00:00+01:00"/></property><property><code value="dateMaj"/><valueDateTime value="2017-10-13T12:00:00+01:00"/></property></concept><concept><code value="02"/><display value="Mandataire"/><property><code value="dateValid"/><valueDateTime value="2017-10-13T12:00:00+01:00"/></property><property><code value="dateMaj"/><valueDateTime value="2017-10-13T12:00:00+01:00"/></property></concept></CodeSystem>