<?xml version="1.0" encoding="UTF-8"?><ValueSet xmlns="http://hl7.org/fhir"><id value="JDV-J151-BodySiteBodyTemperature-ENS"/><meta><versionId value="5"/><lastUpdated value="2025-07-02T17:05:11.744+00:00"/><profile value="http://hl7.org/fhir/StructureDefinition/shareablevalueset"/></meta><language value="fr-FR"/><text><status value="generated"/><div xml:lang="fr-FR" xmlns="http://www.w3.org/1999/xhtml" lang="fr-FR"><p class="res-header-id"><b>Narratif généré : EnsembleValeurs JDV-J151-BodySiteBodyTemperature-ENS</b></p><a name="JDV-J151-BodySiteBodyTemperature-ENS"> </a><a name="hcJDV-J151-BodySiteBodyTemperature-ENS"> </a><div style="display: inline-block; background-color: #d9e0e7; padding: 6px; margin: 4px; border: 1px solid #8da1b4; border-radius: 5px; line-height: 60%"><p style="margin-bottom: 0px">version: 4; Dernière mise à jour : 2024-10-31 18:01:36+0000; Langue : fr-FR</p><p style="margin-bottom: 0px">Profil: <a href="http://hl7.org/fhir/R4/shareablevalueset.html">Shareable ValueSet</a></p></div><ul><li>Include les codes sont définis dans <a href="http://www.snomed.org/"><code>http://snomed.info/sct</code></a><table class="none"><tr><td style="white-space:nowrap"><b>Code</b></td><td><b>Display</b></td></tr><tr><td><a href="http://snomed.info/id/34402009">34402009</a></td><td>rectum</td></tr><tr><td><a href="http://snomed.info/id/52795006">52795006</a></td><td>front</td></tr><tr><td><a href="http://snomed.info/id/91470000">91470000</a></td><td>région axillaire</td></tr><tr><td><a href="http://snomed.info/id/117590005">117590005</a></td><td>oreille</td></tr><tr><td><a href="http://snomed.info/id/123851003">123851003</a></td><td>bouche</td></tr><tr><td><a href="http://snomed.info/id/450721000">450721000</a></td><td>région temporale</td></tr></table></li></ul></div></text><extension url="http://hl7.org/fhir/StructureDefinition/resource-effectivePeriod"><valuePeriod><start value="2021-04-30T12:00:00+01:00"/></valuePeriod></extension><url value="https://mos.esante.gouv.fr/NOS/JDV_J151-BodySiteBodyTemperature-ENS/FHIR/JDV-J151-BodySiteBodyTemperature-ENS"/><identifier><system value="urn:ietf:rfc:3986"/><value value="urn:oid:1.2.250.1.213.1.1.5.606"/></identifier><version value="20240927120000"/><name value="JDV_J151_BodySiteBodyTemperature_ENS"/><status value="active"/><experimental value="false"/><date value="2024-09-27T12:00:00+01:00"/><publisher value="Agence du Numérique en Santé (ANS) - 2-10 Rue d'Oradour-sur-Glane, 75015 Paris"/><description value="JDV de localisation de la mesure de la température"/><jurisdiction><coding><system value="urn:iso:std:iso:3166"/><code value="FR"/></coding></jurisdiction><compose><include><system value="http://snomed.info/sct"/><concept><code value="34402009"/><display value="rectum"/></concept><concept><code value="52795006"/><display value="front"/></concept><concept><code value="91470000"/><display value="région axillaire"/></concept><concept><code value="117590005"/><display value="oreille"/></concept><concept><code value="123851003"/><display value="bouche"/></concept><concept><code value="450721000"/><display value="région temporale"/></concept></include></compose></ValueSet>