<?xml version="1.0" encoding="UTF-8"?><ValueSet xmlns="http://hl7.org/fhir"><id value="jdv-ufcv-type-valve-cisis"/><meta><versionId value="6"/><lastUpdated value="2025-12-17T15:48:26.874+01:00"/><profile value="http://hl7.org/fhir/StructureDefinition/shareablevalueset|4.0.1"/></meta><language value="fr-FR"/><text><status value="generated"/><div xmlns="http://www.w3.org/1999/xhtml" xml:lang="fr-FR" lang="fr-FR"><p class="res-header-id"><b>Generated Narrative: ValueSet jdv-ufcv-type-valve-cisis</b></p><a name="jdv-ufcv-type-valve-cisis"> </a><a name="hcjdv-ufcv-type-valve-cisis"> </a><a name="jdv-ufcv-type-valve-cisis-fr-FR"> </a><div style="display: inline-block; background-color: #d9e0e7; padding: 6px; margin: 4px; border: 1px solid #8da1b4; border-radius: 5px; line-height: 60%"><p style="margin-bottom: 0px">version: 6; Last updated: 2025-12-17 15:48:26+0100; Language: fr-FR</p><p style="margin-bottom: 0px">Profil: <a href="http://hl7.org/fhir/R4/shareablevalueset.html">Shareable ValueSetversion: null4.0.1)</a></p></div><ul><li>Include ces codes sont définis dans <a href="CodeSystem-terminologie-emdn.html"><code>https://smt.esante.gouv.fr/terminologie-emdn</code></a><table class="none"><tr><td style="white-space:nowrap"><b>Code</b></td><td><b>Display</b></td></tr><tr><td>P070302</td><td>VALVES CARDIAQUES MÉCANIQUES</td></tr><tr><td>P070301</td><td>VALVES CARDIAQUES BIOLOGIQUES</td></tr><tr><td>P0703020302</td><td>VALVES MITRALES MÉCANIQUES, À DOUBLE AILETTE</td></tr><tr><td>P070301010204</td><td>VALVES TRICUSPIDES BIOLOGIQUES CHIRURGICALES MONTÉES SUR ARMATURE - VALVE D'ORIGINE NON ANIMALE</td></tr></table></li></ul></div></text><extension url="http://hl7.org/fhir/StructureDefinition/resource-effectivePeriod"><valuePeriod><start value="2023-04-27T00:00:00+01:00"/></valuePeriod></extension><url value="https://smt.esante.gouv.fr/fhir/ValueSet/jdv-ufcv-type-valve-cisis"/><identifier><system value="urn:ietf:rfc:3986"/><value value="urn:oid:1.2.250.1.213.1.1.4.2.9"/></identifier><version value="20251216141840"/><name value="JdvUfcvTypetValveCisis"/><title value="JDV UFCV Type Valve CISIS"/><status value="active"/><experimental value="false"/><date value="2025-12-16T14:18:40+01:00"/><publisher value="Agence du Numérique en Santé(ANS) -2 - 10 Rue d'Oradour-sur-Glane, 75015 Paris"/><description value="JDV UFCV Type Valve CISIS"/><jurisdiction><coding><system value="urn:iso:std:iso:3166"/><code value="FRA"/></coding></jurisdiction><compose><include><system value="https://smt.esante.gouv.fr/terminologie-emdn"/><concept><code value="P070302"/><display value="VALVES CARDIAQUES MÉCANIQUES"/></concept><concept><code value="P070301"/><display value="VALVES CARDIAQUES BIOLOGIQUES"/></concept><concept><code value="P0703020302"/><display value="VALVES MITRALES MÉCANIQUES, À DOUBLE AILETTE"/></concept><concept><code value="P070301010204"/><display value="VALVES TRICUSPIDES BIOLOGIQUES CHIRURGICALES MONTÉES SUR ARMATURE - VALVE D'ORIGINE NON ANIMALE"/></concept></include></compose></ValueSet>