<?xml version="1.0" encoding="UTF-8"?><ValueSet xmlns="http://hl7.org/fhir"><id value="JDV-J144-ParticipationType-CISIS"/><meta><versionId value="3"/><lastUpdated value="2024-04-27T05:06:48.399+00:00"/><profile value="http://hl7.org/fhir/StructureDefinition/shareablevalueset"/></meta><language value="fr-FR"/><text><status value="generated"/><div xmlns="http://www.w3.org/1999/xhtml" xml:lang="fr-FR" lang="fr-FR"><p class="res-header-id"><b>Generated Narrative: ValueSet JDV-J144-ParticipationType-CISIS</b></p><a name="JDV-J144-ParticipationType-CISIS"> </a><a name="hcJDV-J144-ParticipationType-CISIS"> </a><a name="JDV-J144-ParticipationType-CISIS-fr-FR"> </a><div style="display: inline-block; background-color: #d9e0e7; padding: 6px; margin: 4px; border: 1px solid #8da1b4; border-radius: 5px; line-height: 60%"><p style="margin-bottom: 0px">version: 3; Last updated: 2024-04-27 05:06:48+0000; Language: fr-FR</p><p style="margin-bottom: 0px">Profil: <a href="http://hl7.org/fhir/R4/shareablevalueset.html">Shareable ValueSet</a></p></div><ul><li>Include ces codes sont définis dans <a href="CodeSystem-TRE-A13-HL7ParticipationType.html"><code>https://mos.esante.gouv.fr/NOS/TRE_A13-HL7ParticipationType/FHIR/TRE-A13-HL7ParticipationType</code></a><table class="none"><tr><td style="white-space:nowrap"><b>Code</b></td><td><b>Display</b></td></tr><tr><td><a href="CodeSystem-TRE-A13-HL7ParticipationType.html#TRE-A13-HL7ParticipationType-REF">REF</a></td><td>Référent / Prescripteur</td></tr><tr><td><a href="CodeSystem-TRE-A13-HL7ParticipationType.html#TRE-A13-HL7ParticipationType-REFB">REFB</a></td><td>Personne ayant adressé le patient</td></tr><tr><td><a href="CodeSystem-TRE-A13-HL7ParticipationType.html#TRE-A13-HL7ParticipationType-INF">INF</a></td><td>Informateur</td></tr><tr><td><a href="CodeSystem-TRE-A13-HL7ParticipationType.html#TRE-A13-HL7ParticipationType-RESP">RESP</a></td><td>Responsable de l'acte</td></tr><tr><td><a href="CodeSystem-TRE-A13-HL7ParticipationType.html#TRE-A13-HL7ParticipationType-PRF">PRF</a></td><td>Exécutant</td></tr><tr><td><a href="CodeSystem-TRE-A13-HL7ParticipationType.html#TRE-A13-HL7ParticipationType-CON">CON</a></td><td>Consultant</td></tr><tr><td><a href="CodeSystem-TRE-A13-HL7ParticipationType.html#TRE-A13-HL7ParticipationType-VRF">VRF</a></td><td>Vérificateur</td></tr></table></li></ul></div></text><extension url="http://hl7.org/fhir/StructureDefinition/resource-effectivePeriod"><valuePeriod><start value="2021-03-26T12:00:00+01:00"/></valuePeriod></extension><url value="https://mos.esante.gouv.fr/NOS/JDV_J144-ParticipationType-CISIS/FHIR/JDV-J144-ParticipationType-CISIS"/><identifier><system value="urn:ietf:rfc:3986"/><value value="urn:oid:1.2.250.1.213.1.1.5.591"/></identifier><version value="20210326120000"/><name value="JDV_J144_ParticipationType_CISIS"/><status value="active"/><experimental value="false"/><date value="2021-03-26T12:00:00+01:00"/><publisher value="Agence du Numérique en Santé (ANS) - 2-10 Rue d'Oradour-sur-Glane, 75015 Paris"/><description value="Type de participation CI-SIS"/><jurisdiction><coding><system value="urn:iso:std:iso:3166"/><code value="FR"/></coding></jurisdiction><compose><include><system value="https://mos.esante.gouv.fr/NOS/TRE_A13-HL7ParticipationType/FHIR/TRE-A13-HL7ParticipationType"/><concept><code value="REF"/><display value="Référent / Prescripteur"/></concept><concept><code value="REFB"/><display value="Personne ayant adressé le patient"/></concept><concept><code value="INF"/><display value="Informateur"/></concept><concept><code value="RESP"/><display value="Responsable de l'acte"/></concept><concept><code value="PRF"/><display value="Exécutant"/></concept><concept><code value="CON"/><display value="Consultant"/></concept><concept><code value="VRF"/><display value="Vérificateur"/></concept></include></compose></ValueSet>