<?xml version="1.0" encoding="UTF-8"?><ValueSet xmlns="http://hl7.org/fhir"><id value="JDV-J242-ActionAnomalie-ROR"/><meta><versionId value="3"/><lastUpdated value="2024-04-27T05:07:33.607+00:00"/><profile value="http://hl7.org/fhir/StructureDefinition/shareablevalueset"/></meta><text><status value="generated"/><div xmlns="http://www.w3.org/1999/xhtml"><p class="res-header-id"><b>Generated Narrative: ValueSet JDV-J242-ActionAnomalie-ROR</b></p><a name="JDV-J242-ActionAnomalie-ROR"> </a><a name="hcJDV-J242-ActionAnomalie-ROR"> </a><a name="JDV-J242-ActionAnomalie-ROR-fr-FR"> </a><div style="display: inline-block; background-color: #d9e0e7; padding: 6px; margin: 4px; border: 1px solid #8da1b4; border-radius: 5px; line-height: 60%"><p style="margin-bottom: 0px">version: 3; Last updated: 2024-04-27 05:07:33+0000</p><p style="margin-bottom: 0px">Profile: <a href="http://hl7.org/fhir/R4/shareablevalueset.html">Shareable ValueSet</a></p></div><ul><li>Include these codes as defined in <a href="CodeSystem-TRE-R349-ActionAnomalie.html"><code>https://mos.esante.gouv.fr/NOS/TRE_R349-ActionAnomalie/FHIR/TRE-R349-ActionAnomalie</code></a><table class="none"><tr><td style="white-space:nowrap"><b>Code</b></td><td><b>Display</b></td></tr><tr><td><a href="CodeSystem-TRE-R349-ActionAnomalie.html#TRE-R349-ActionAnomalie-AJO">AJO</a></td><td>Ajout</td></tr><tr><td><a href="CodeSystem-TRE-R349-ActionAnomalie.html#TRE-R349-ActionAnomalie-COR">COR</a></td><td>Correction</td></tr><tr><td><a href="CodeSystem-TRE-R349-ActionAnomalie.html#TRE-R349-ActionAnomalie-SUP">SUP</a></td><td>Suppression</td></tr></table></li></ul></div></text><extension url="http://hl7.org/fhir/StructureDefinition/resource-effectivePeriod"><valuePeriod><start value="2023-03-31T12:00:00+01:00"/></valuePeriod></extension><url value="https://mos.esante.gouv.fr/NOS/JDV_J242-ActionAnomalie-ROR/FHIR/JDV-J242-ActionAnomalie-ROR"/><identifier><system value="urn:ietf:rfc:3986"/><value value="urn:oid:1.2.250.1.213.3.4.107"/></identifier><version value="20230331120000"/><name value="JDV_J242_ActionAnomalie_ROR"/><status value="active"/><experimental value="false"/><date value="2023-03-31T12:00:00+01:00"/><publisher value="Agence du Numérique en Santé (ANS) - 2-10 Rue d'Oradour-sur-Glane, 75015 Paris"/><description value="Action attendue dans le cadre de la gestion d'une anomalie de donnée dans le ROR"/><compose><include><system value="https://mos.esante.gouv.fr/NOS/TRE_R349-ActionAnomalie/FHIR/TRE-R349-ActionAnomalie"/><concept><code value="AJO"/><display value="Ajout"/></concept><concept><code value="COR"/><display value="Correction"/></concept><concept><code value="SUP"/><display value="Suppression"/></concept></include></compose></ValueSet>