<?xml version="1.0" encoding="UTF-8"?><ValueSet xmlns="http://hl7.org/fhir"><id value="JDV-J213-CapaciteSavoirFaire-ROR"/><meta><versionId value="4"/><lastUpdated value="2025-07-02T17:05:50.710+00:00"/><profile value="http://hl7.org/fhir/StructureDefinition/shareablevalueset"/></meta><language value="fr-FR"/><text><status value="generated"/><div xml:lang="fr-FR" xmlns="http://www.w3.org/1999/xhtml" lang="fr-FR"><p class="res-header-id"><b>Narratif généré : EnsembleValeurs JDV-J213-CapaciteSavoirFaire-ROR</b></p><a name="JDV-J213-CapaciteSavoirFaire-ROR"> </a><a name="hcJDV-J213-CapaciteSavoirFaire-ROR"> </a><div style="display: inline-block; background-color: #d9e0e7; padding: 6px; margin: 4px; border: 1px solid #8da1b4; border-radius: 5px; line-height: 60%"><p style="margin-bottom: 0px">version: 3; Dernière mise à jour : 2024-04-27 05:07:20+0000; Langue : fr-FR</p><p style="margin-bottom: 0px">Profil: <a href="http://hl7.org/fhir/R4/shareablevalueset.html">Shareable ValueSet</a></p></div><ul><li>Include les codes sont définis dans <a href="CodeSystem-TRE-R43-CapaciteSavoirFaire.html"><code>https://mos.esante.gouv.fr/NOS/TRE_R43-CapaciteSavoirFaire/FHIR/TRE-R43-CapaciteSavoirFaire</code></a><table class="none"><tr><td style="white-space:nowrap"><b>Code</b></td><td><b>Display</b></td></tr><tr><td><a href="CodeSystem-TRE-R43-CapaciteSavoirFaire.html#TRE-R43-CapaciteSavoirFaire-CAPA01">CAPA01</a></td><td>Addictologie clinique (CAPA)</td></tr><tr><td><a href="CodeSystem-TRE-R43-CapaciteSavoirFaire.html#TRE-R43-CapaciteSavoirFaire-CAPA02">CAPA02</a></td><td>Aide médicale urgente (CAPA)</td></tr><tr><td><a href="CodeSystem-TRE-R43-CapaciteSavoirFaire.html#TRE-R43-CapaciteSavoirFaire-CAPA03">CAPA03</a></td><td>Allergologie (CAPA)</td></tr><tr><td><a href="CodeSystem-TRE-R43-CapaciteSavoirFaire.html#TRE-R43-CapaciteSavoirFaire-CAPA04">CAPA04</a></td><td>Angéiologie (CAPA)</td></tr><tr><td><a href="CodeSystem-TRE-R43-CapaciteSavoirFaire.html#TRE-R43-CapaciteSavoirFaire-CAPA05">CAPA05</a></td><td>Evaluation et Traitement de la douleur (CAPA)</td></tr><tr><td><a href="CodeSystem-TRE-R43-CapaciteSavoirFaire.html#TRE-R43-CapaciteSavoirFaire-CAPA06">CAPA06</a></td><td>Gérontologie (CAPA)</td></tr><tr><td><a href="CodeSystem-TRE-R43-CapaciteSavoirFaire.html#TRE-R43-CapaciteSavoirFaire-CAPA07">CAPA07</a></td><td>Hydrologie et Climatologie médicales (CAPA)</td></tr><tr><td><a href="CodeSystem-TRE-R43-CapaciteSavoirFaire.html#TRE-R43-CapaciteSavoirFaire-CAPA08">CAPA08</a></td><td>Médecine aérospatiale (CAPA)</td></tr><tr><td><a href="CodeSystem-TRE-R43-CapaciteSavoirFaire.html#TRE-R43-CapaciteSavoirFaire-CAPA09">CAPA09</a></td><td>Médecine de catastrophe (CAPA)</td></tr><tr><td><a href="CodeSystem-TRE-R43-CapaciteSavoirFaire.html#TRE-R43-CapaciteSavoirFaire-CAPA10">CAPA10</a></td><td>Médecine et Biologie du sport (CAPA)</td></tr><tr><td><a href="CodeSystem-TRE-R43-CapaciteSavoirFaire.html#TRE-R43-CapaciteSavoirFaire-CAPA11">CAPA11</a></td><td>Médecine de santé au travail et Prévention des risques professionnels (CAPA)</td></tr><tr><td><a href="CodeSystem-TRE-R43-CapaciteSavoirFaire.html#TRE-R43-CapaciteSavoirFaire-CAPA12">CAPA12</a></td><td>Médecine pénitentiaire (CAPA)</td></tr><tr><td><a href="CodeSystem-TRE-R43-CapaciteSavoirFaire.html#TRE-R43-CapaciteSavoirFaire-CAPA13">CAPA13</a></td><td>Médecine tropicale (CAPA)</td></tr><tr><td><a href="CodeSystem-TRE-R43-CapaciteSavoirFaire.html#TRE-R43-CapaciteSavoirFaire-CAPA14">CAPA14</a></td><td>Pratiques médico-judiciaires (CAPA)</td></tr><tr><td><a href="CodeSystem-TRE-R43-CapaciteSavoirFaire.html#TRE-R43-CapaciteSavoirFaire-CAPA15">CAPA15</a></td><td>Technologie transfusionnelle (CAPA)</td></tr><tr><td><a href="CodeSystem-TRE-R43-CapaciteSavoirFaire.html#TRE-R43-CapaciteSavoirFaire-CAPA16">CAPA16</a></td><td>Toxicomanies et Alcoologies (CAPA)</td></tr></table></li></ul></div></text><extension url="http://hl7.org/fhir/StructureDefinition/resource-effectivePeriod"><valuePeriod><start value="2022-08-26T12:00:00+01:00"/></valuePeriod></extension><url value="https://mos.esante.gouv.fr/NOS/JDV_J213-CapaciteSavoirFaire-ROR/FHIR/JDV-J213-CapaciteSavoirFaire-ROR"/><identifier><system value="urn:ietf:rfc:3986"/><value value="urn:oid:1.2.250.1.213.3.4.45"/></identifier><version value="20220826120000"/><name value="JDV_J213_CapaciteSavoirFaire_ROR"/><status value="active"/><experimental value="false"/><date value="2022-08-26T12:00:00+01:00"/><publisher value="Agence du Numérique en Santé (ANS) - 2-10 Rue d'Oradour-sur-Glane, 75015 Paris"/><description value="Capacité (savoir-faire)"/><jurisdiction><coding><system value="urn:iso:std:iso:3166"/><code value="FR"/></coding></jurisdiction><compose><include><system value="https://mos.esante.gouv.fr/NOS/TRE_R43-CapaciteSavoirFaire/FHIR/TRE-R43-CapaciteSavoirFaire"/><concept><code value="CAPA01"/><display value="Addictologie clinique (CAPA)"/></concept><concept><code value="CAPA02"/><display value="Aide médicale urgente (CAPA)"/></concept><concept><code value="CAPA03"/><display value="Allergologie (CAPA)"/></concept><concept><code value="CAPA04"/><display value="Angéiologie (CAPA)"/></concept><concept><code value="CAPA05"/><display value="Evaluation et Traitement de la douleur (CAPA)"/></concept><concept><code value="CAPA06"/><display value="Gérontologie (CAPA)"/></concept><concept><code value="CAPA07"/><display value="Hydrologie et Climatologie médicales (CAPA)"/></concept><concept><code value="CAPA08"/><display value="Médecine aérospatiale (CAPA)"/></concept><concept><code value="CAPA09"/><display value="Médecine de catastrophe (CAPA)"/></concept><concept><code value="CAPA10"/><display value="Médecine et Biologie du sport (CAPA)"/></concept><concept><code value="CAPA11"/><display value="Médecine de santé au travail et Prévention des risques professionnels (CAPA)"/></concept><concept><code value="CAPA12"/><display value="Médecine pénitentiaire (CAPA)"/></concept><concept><code value="CAPA13"/><display value="Médecine tropicale (CAPA)"/></concept><concept><code value="CAPA14"/><display value="Pratiques médico-judiciaires (CAPA)"/></concept><concept><code value="CAPA15"/><display value="Technologie transfusionnelle (CAPA)"/></concept><concept><code value="CAPA16"/><display value="Toxicomanies et Alcoologies (CAPA)"/></concept></include></compose></ValueSet>