<?xml version="1.0" encoding="UTF-8"?><ValueSet xmlns="http://hl7.org/fhir"><id value="JDV-J72-TypeProfessionFonction-MSSante"/><meta><versionId value="3"/><lastUpdated value="2024-04-27T05:08:01.510+00:00"/><profile value="http://hl7.org/fhir/StructureDefinition/shareablevalueset"/></meta><language value="fr-FR"/><text><status value="generated"/><div xmlns="http://www.w3.org/1999/xhtml" xml:lang="fr-FR" lang="fr-FR"><p class="res-header-id"><b>Generated Narrative: ValueSet JDV-J72-TypeProfessionFonction-MSSante</b></p><a name="JDV-J72-TypeProfessionFonction-MSSante"> </a><a name="hcJDV-J72-TypeProfessionFonction-MSSante"> </a><a name="JDV-J72-TypeProfessionFonction-MSSante-fr-FR"> </a><div style="display: inline-block; background-color: #d9e0e7; padding: 6px; margin: 4px; border: 1px solid #8da1b4; border-radius: 5px; line-height: 60%"><p style="margin-bottom: 0px">version: 3; Last updated: 2024-04-27 05:08:01+0000; Language: fr-FR</p><p style="margin-bottom: 0px">Profil: <a href="http://hl7.org/fhir/R4/shareablevalueset.html">Shareable ValueSet</a></p></div><ul><li>Include ces codes sont définis dans <a href="CodeSystem-TRE-R37-TypeProfessionFonction.html"><code>https://mos.esante.gouv.fr/NOS/TRE_R37-TypeProfessionFonction/FHIR/TRE-R37-TypeProfessionFonction</code></a><table class="none"><tr><td style="white-space:nowrap"><b>Code</b></td><td><b>Display</b></td></tr><tr><td><a href="CodeSystem-TRE-R37-TypeProfessionFonction.html#TRE-R37-TypeProfessionFonction-01">01</a></td><td>Professionnel de santé (PS)</td></tr><tr><td><a href="CodeSystem-TRE-R37-TypeProfessionFonction.html#TRE-R37-TypeProfessionFonction-06">06</a></td><td>Rôle dans la prise en charge</td></tr></table></li></ul></div></text><extension url="http://hl7.org/fhir/StructureDefinition/resource-effectivePeriod"><valuePeriod><start value="2019-05-29T12:00:00+01:00"/></valuePeriod></extension><url value="https://mos.esante.gouv.fr/NOS/JDV_J72-TypeProfessionFonction-MSSante/FHIR/JDV-J72-TypeProfessionFonction-MSSante"/><identifier><system value="urn:ietf:rfc:3986"/><value value="urn:oid:1.2.250.1.213.1.9.1.3"/></identifier><version value="20200424120000"/><name value="JDV_J72_TypeProfessionFonction_MSSante"/><status value="active"/><experimental value="false"/><date value="2020-04-24T12:00:00+01:00"/><publisher value="Agence du Numérique en Santé (ANS) - 2-10 Rue d'Oradour-sur-Glane, 75015 Paris"/><description value="Type des fonctions et des professions acceptées dans MS Santé"/><jurisdiction><coding><system value="urn:iso:std:iso:3166"/><code value="FR"/></coding></jurisdiction><compose><include><system value="https://mos.esante.gouv.fr/NOS/TRE_R37-TypeProfessionFonction/FHIR/TRE-R37-TypeProfessionFonction"/><concept><code value="01"/><display value="Professionnel de santé (PS)"/></concept><concept><code value="06"/><display value="Rôle dans la prise en charge"/></concept></include></compose></ValueSet>