<?xml version="1.0" encoding="UTF-8"?><ValueSet xmlns="http://hl7.org/fhir"><id value="JDV-J255-SurspecialiteTransversale-RPPS"/><meta><versionId value="2"/><lastUpdated value="2024-04-27T05:07:39.303+00:00"/><profile value="http://hl7.org/fhir/StructureDefinition/shareablevalueset"/></meta><language value="fr-FR"/><text><status value="generated"/><div xmlns="http://www.w3.org/1999/xhtml" xml:lang="fr-FR" lang="fr-FR"><p class="res-header-id"><b>Generated Narrative: ValueSet JDV-J255-SurspecialiteTransversale-RPPS</b></p><a name="JDV-J255-SurspecialiteTransversale-RPPS"> </a><a name="hcJDV-J255-SurspecialiteTransversale-RPPS"> </a><a name="JDV-J255-SurspecialiteTransversale-RPPS-fr-FR"> </a><div style="display: inline-block; background-color: #d9e0e7; padding: 6px; margin: 4px; border: 1px solid #8da1b4; border-radius: 5px; line-height: 60%"><p style="margin-bottom: 0px">version: 2; Last updated: 2024-04-27 05:07:39+0000; Language: fr-FR</p><p style="margin-bottom: 0px">Profile: <a href="http://hl7.org/fhir/R4/shareablevalueset.html">Shareable ValueSet</a></p></div><ul><li>Include these codes as defined in <a href="CodeSystem-TRE-R359-SurspecialiteTransversale.html"><code>https://mos.esante.gouv.fr/NOS/TRE_R359-SurspecialiteTransversale/FHIR/TRE-R359-SurspecialiteTransversale</code></a><table class="none"><tr><td style="white-space:nowrap"><b>Code</b></td><td><b>Display</b></td></tr><tr><td><a href="CodeSystem-TRE-R359-SurspecialiteTransversale.html#TRE-R359-SurspecialiteTransversale-SST01">SST01</a></td><td>Addictologie</td></tr><tr><td><a href="CodeSystem-TRE-R359-SurspecialiteTransversale.html#TRE-R359-SurspecialiteTransversale-SST02">SST02</a></td><td>Bio-informatique médicale</td></tr><tr><td><a href="CodeSystem-TRE-R359-SurspecialiteTransversale.html#TRE-R359-SurspecialiteTransversale-SST03">SST03</a></td><td>Cancérologie déclinaison hémato-cancérologie pédiatrique</td></tr><tr><td><a href="CodeSystem-TRE-R359-SurspecialiteTransversale.html#TRE-R359-SurspecialiteTransversale-SST04">SST04</a></td><td>Cancérologie traitements médicaux des cancers</td></tr><tr><td><a href="CodeSystem-TRE-R359-SurspecialiteTransversale.html#TRE-R359-SurspecialiteTransversale-SST05">SST05</a></td><td>Cardiologie pédiatrique et congénitale</td></tr><tr><td><a href="CodeSystem-TRE-R359-SurspecialiteTransversale.html#TRE-R359-SurspecialiteTransversale-SST06">SST06</a></td><td>Chirurgie de la main</td></tr><tr><td><a href="CodeSystem-TRE-R359-SurspecialiteTransversale.html#TRE-R359-SurspecialiteTransversale-SST07">SST07</a></td><td>Chirurgie en situation de guerre ou de catastrophe</td></tr><tr><td><a href="CodeSystem-TRE-R359-SurspecialiteTransversale.html#TRE-R359-SurspecialiteTransversale-SST08">SST08</a></td><td>Chirurgie orbito-palpébro-lacrymale</td></tr><tr><td><a href="CodeSystem-TRE-R359-SurspecialiteTransversale.html#TRE-R359-SurspecialiteTransversale-SST09">SST09</a></td><td>Douleur</td></tr><tr><td><a href="CodeSystem-TRE-R359-SurspecialiteTransversale.html#TRE-R359-SurspecialiteTransversale-SST10">SST10</a></td><td>Expertise médicale-préjudice corporel</td></tr><tr><td><a href="CodeSystem-TRE-R359-SurspecialiteTransversale.html#TRE-R359-SurspecialiteTransversale-SST11">SST11</a></td><td>Foetopathologie</td></tr><tr><td><a href="CodeSystem-TRE-R359-SurspecialiteTransversale.html#TRE-R359-SurspecialiteTransversale-SST12">SST12</a></td><td>Génétique et médecine moléculaire bioclinique</td></tr><tr><td><a href="CodeSystem-TRE-R359-SurspecialiteTransversale.html#TRE-R359-SurspecialiteTransversale-SST13">SST13</a></td><td>Hématologie bioclinique</td></tr><tr><td><a href="CodeSystem-TRE-R359-SurspecialiteTransversale.html#TRE-R359-SurspecialiteTransversale-SST14">SST14</a></td><td>Hygiène-prévention de l'infection, résistances</td></tr><tr><td><a href="CodeSystem-TRE-R359-SurspecialiteTransversale.html#TRE-R359-SurspecialiteTransversale-SST15">SST15</a></td><td>Maladies allergiques</td></tr><tr><td><a href="CodeSystem-TRE-R359-SurspecialiteTransversale.html#TRE-R359-SurspecialiteTransversale-SST16">SST16</a></td><td>Médecine hospitalière polyvalente</td></tr><tr><td><a href="CodeSystem-TRE-R359-SurspecialiteTransversale.html#TRE-R359-SurspecialiteTransversale-SST17">SST17</a></td><td>Médecine palliative</td></tr><tr><td><a href="CodeSystem-TRE-R359-SurspecialiteTransversale.html#TRE-R359-SurspecialiteTransversale-SST18">SST18</a></td><td>Médecine scolaire</td></tr><tr><td><a href="CodeSystem-TRE-R359-SurspecialiteTransversale.html#TRE-R359-SurspecialiteTransversale-SST19">SST19</a></td><td>Médecine en situation de guerre ou en SSE</td></tr><tr><td><a href="CodeSystem-TRE-R359-SurspecialiteTransversale.html#TRE-R359-SurspecialiteTransversale-SST20">SST20</a></td><td>Médecine et biologie de la reproduction-andrologie</td></tr><tr><td><a href="CodeSystem-TRE-R359-SurspecialiteTransversale.html#TRE-R359-SurspecialiteTransversale-SST21">SST21</a></td><td>Médecine du sport</td></tr><tr><td><a href="CodeSystem-TRE-R359-SurspecialiteTransversale.html#TRE-R359-SurspecialiteTransversale-SST22">SST22</a></td><td>Nutrition appliquée</td></tr><tr><td><a href="CodeSystem-TRE-R359-SurspecialiteTransversale.html#TRE-R359-SurspecialiteTransversale-SST23">SST23</a></td><td>Pharmacologie médicale/ thérapeutique</td></tr><tr><td><a href="CodeSystem-TRE-R359-SurspecialiteTransversale.html#TRE-R359-SurspecialiteTransversale-SST24">SST24</a></td><td>Sommeil</td></tr><tr><td><a href="CodeSystem-TRE-R359-SurspecialiteTransversale.html#TRE-R359-SurspecialiteTransversale-SST25">SST25</a></td><td>Thérapie cellulaire/ transfusion</td></tr><tr><td><a href="CodeSystem-TRE-R359-SurspecialiteTransversale.html#TRE-R359-SurspecialiteTransversale-SST26">SST26</a></td><td>Urgences pédiatriques</td></tr></table></li></ul></div></text><extension url="http://hl7.org/fhir/StructureDefinition/resource-effectivePeriod"><valuePeriod><start value="2023-12-15T12:00:00+01:00"/></valuePeriod></extension><url value="https://mos.esante.gouv.fr/NOS/JDV_J255-SurspecialiteTransversale-RPPS/FHIR/JDV-J255-SurspecialiteTransversale-RPPS"/><identifier><system value="urn:ietf:rfc:3986"/><value value="urn:oid:1.2.250.1.213.1.6.1.282"/></identifier><version value="20240329120000"/><name value="JDV_J255_SurspecialiteTransversale_RPPS"/><status value="active"/><experimental value="false"/><date value="2024-03-29T12:00:00+01:00"/><publisher value="Agence du Numérique en Santé (ANS) - 2-10 Rue d'Oradour-sur-Glane, 75015 Paris"/><description value="Surspécialité (compétence) acquise par l'interne à l'issue d'une Formation Spécialisée Transversale (FST)"/><compose><include><system value="https://mos.esante.gouv.fr/NOS/TRE_R359-SurspecialiteTransversale/FHIR/TRE-R359-SurspecialiteTransversale"/><concept><code value="SST01"/><display value="Addictologie"/></concept><concept><code value="SST02"/><display value="Bio-informatique médicale"/></concept><concept><code value="SST03"/><display value="Cancérologie déclinaison hémato-cancérologie pédiatrique"/></concept><concept><code value="SST04"/><display value="Cancérologie traitements médicaux des cancers"/></concept><concept><code value="SST05"/><display value="Cardiologie pédiatrique et congénitale"/></concept><concept><code value="SST06"/><display value="Chirurgie de la main"/></concept><concept><code value="SST07"/><display value="Chirurgie en situation de guerre ou de catastrophe"/></concept><concept><code value="SST08"/><display value="Chirurgie orbito-palpébro-lacrymale"/></concept><concept><code value="SST09"/><display value="Douleur"/></concept><concept><code value="SST10"/><display value="Expertise médicale-préjudice corporel"/></concept><concept><code value="SST11"/><display value="Foetopathologie"/></concept><concept><code value="SST12"/><display value="Génétique et médecine moléculaire bioclinique"/></concept><concept><code value="SST13"/><display value="Hématologie bioclinique"/></concept><concept><code value="SST14"/><display value="Hygiène-prévention de l'infection, résistances"/></concept><concept><code value="SST15"/><display value="Maladies allergiques"/></concept><concept><code value="SST16"/><display value="Médecine hospitalière polyvalente"/></concept><concept><code value="SST17"/><display value="Médecine palliative"/></concept><concept><code value="SST18"/><display value="Médecine scolaire"/></concept><concept><code value="SST19"/><display value="Médecine en situation de guerre ou en SSE"/></concept><concept><code value="SST20"/><display value="Médecine et biologie de la reproduction-andrologie"/></concept><concept><code value="SST21"/><display value="Médecine du sport"/></concept><concept><code value="SST22"/><display value="Nutrition appliquée"/></concept><concept><code value="SST23"/><display value="Pharmacologie médicale/ thérapeutique"/></concept><concept><code value="SST24"/><display value="Sommeil"/></concept><concept><code value="SST25"/><display value="Thérapie cellulaire/ transfusion"/></concept><concept><code value="SST26"/><display value="Urgences pédiatriques"/></concept></include></compose></ValueSet>