<?xml version="1.0" encoding="UTF-8"?><ValueSet xmlns="http://hl7.org/fhir"><id value="jdv-organe-cisis"/><meta><versionId value="1"/><lastUpdated value="2025-06-06T11:05:52.574+00:00"/><profile value="http://hl7.org/fhir/StructureDefinition/shareablevalueset"/></meta><language value="fr-FR"/><text><status value="generated"/><div xmlns="http://www.w3.org/1999/xhtml" xml:lang="fr-FR" lang="fr-FR"><p class="res-header-id"><b>Generated Narrative: ValueSet jdv-organe-cisis</b></p><a name="jdv-organe-cisis"> </a><a name="hcjdv-organe-cisis"> </a><a name="jdv-organe-cisis-fr-FR"> </a><div style="display: inline-block; background-color: #d9e0e7; padding: 6px; margin: 4px; border: 1px solid #8da1b4; border-radius: 5px; line-height: 60%"><p style="margin-bottom: 0px">version: 1; Last updated: 2025-06-06 11:05:52+0000; Language: fr-FR</p><p style="margin-bottom: 0px">Profil: <a href="http://hl7.org/fhir/R4/shareablevalueset.html">Shareable ValueSet</a></p></div><ul><li>Include ces codes sont définis dans <code>https://smt.esante.gouv.fr/terminologie-adicap</code><table class="none"><tr><td style="white-space:nowrap"><b>Code</b></td><td><b>Display</b></td></tr><tr><td>AZ</td><td>APPAREIL AERO-DIGESTIF SUPERIEUR</td></tr><tr><td>AA</td><td>AMYGDALE PALATINE</td></tr><tr><td>AC</td><td>CAVUM - RHINOPHARYNX</td></tr><tr><td>AF</td><td>FOSSES NASALES</td></tr><tr><td>AH</td><td>HYPOPHARYNX</td></tr><tr><td>AL</td><td>LARYNX</td></tr><tr><td>AO</td><td>OROPHARYNX</td></tr><tr><td>AP</td><td>PHARYNX</td></tr><tr><td>AS</td><td>SINUS DE LA FACE</td></tr><tr><td>BZ</td><td>APPAREIL BUCCO-DENTO SALIVAIRE</td></tr><tr><td>BA</td><td>AUTRE GLANDE SALIVAIRE ACCESSOIRE- GLANDE SALIVAIRE</td></tr><tr><td>BD</td><td>DENT - ARCADE DENTAIRE</td></tr><tr><td>BG</td><td>GENCIVE</td></tr><tr><td>BL</td><td>LANGUE</td></tr><tr><td>BM</td><td>GLANDE SOUS-MAXILLAIRE</td></tr><tr><td>BP</td><td>PAROTIDE</td></tr><tr><td>BS</td><td>GLANDE SUB-LINGUALE</td></tr><tr><td>BV</td><td>VERMILLON - LEVRE</td></tr><tr><td>BX</td><td>CAVITE BUCCALE</td></tr><tr><td>CZ</td><td>APPAREIL CARDIAQUE ET SES VAISSEAUX</td></tr><tr><td>CC</td><td>CORONAIRES - VAISSEAUX DU COEUR</td></tr><tr><td>CE</td><td>ENDOCARDE - VALVULE - PILIER</td></tr><tr><td>CM</td><td>MYOCARDE</td></tr><tr><td>CN</td><td>TISSU NODAL - TISSU DE CONDUCTION</td></tr><tr><td>CP</td><td>PERICARDE</td></tr><tr><td>CX</td><td>COEUR ET GROS VAISSEAUX</td></tr><tr><td>DZ</td><td>APPAREIL DIGESTIF</td></tr><tr><td>DA</td><td>APPENDICE</td></tr><tr><td>DC</td><td>COLON</td></tr><tr><td>DD</td><td>DUODENUM</td></tr><tr><td>DE</td><td>ESTOMAC</td></tr><tr><td>DG</td><td>INTESTIN GRELE</td></tr><tr><td>DM</td><td>DIVERTICULE DE MECKEL</td></tr><tr><td>DO</td><td>OESOPHAGE</td></tr><tr><td>DP</td><td>PERITOINE - CANAL DE NUCK</td></tr><tr><td>DQ</td><td>ANUS</td></tr><tr><td>DR</td><td>RECTUM</td></tr><tr><td>DV</td><td>VALVULE DE BAUHIN ET REGION ILEO-COECALE</td></tr><tr><td>EZ</td><td>SYSTEME ENDOCRINE</td></tr><tr><td>EG</td><td>PARAGANGLION</td></tr><tr><td>EH</td><td>HYPOPHYSE</td></tr><tr><td>EI</td><td>ILOTS DE LANGHERANS - PANCREAS ENDOCRINE</td></tr><tr><td>EP</td><td>PARATHYROIDE</td></tr><tr><td>ES</td><td>SURRENALE</td></tr><tr><td>ET</td><td>THYROIDE</td></tr><tr><td>FZ</td><td>FOIE- VOIES BILIAIRES- PANCREAS</td></tr><tr><td>FE</td><td>VOIES BILIAIRES EXTRA-HEPATIQUES</td></tr><tr><td>FF</td><td>FOIE</td></tr><tr><td>FI</td><td>VOIES BILIAIRES INTRA-HEPATIQUES</td></tr><tr><td>FO</td><td>ODDI - AMPOULE DE VATER</td></tr><tr><td>FP</td><td>PANCREAS EXOCRINE</td></tr><tr><td>FV</td><td>VESICULE BILIAIRE ET CANAL CYSTIQUE</td></tr><tr><td>GZ</td><td>APPAREIL GENITAL FEMININ</td></tr><tr><td>GB</td><td>GLANDES DE BARTHOLIN</td></tr><tr><td>GC</td><td>COL UTERIN - EXOCOL</td></tr><tr><td>GE</td><td>ENDOCOL</td></tr><tr><td>GG</td><td>VAGIN</td></tr><tr><td>GL</td><td>LIGAMENTS LARGES ET UTERINS</td></tr><tr><td>GM</td><td>MYOMETRE - UTERUS</td></tr><tr><td>GO</td><td>OVAIRE</td></tr><tr><td>GS</td><td>SEIN</td></tr><tr><td>GT</td><td>TROMPE</td></tr><tr><td>GU</td><td>MUQUEUSE UTERINE - ENDOMETRE</td></tr><tr><td>GV</td><td>VULVE</td></tr><tr><td>GX</td><td>REGION CERVICO-VAGINALE</td></tr><tr><td>HZ</td><td>APPAREIL GENITAL MASCULIN</td></tr><tr><td>HB</td><td>BOURSES - SCROTUM</td></tr><tr><td>HD</td><td>DEFERENT - CORDON SPERMATIQUE</td></tr><tr><td>HE</td><td>EPIDIDYME</td></tr><tr><td>HG</td><td>VAGINALE DU TESTICULE</td></tr><tr><td>HL</td><td>LIQUIDE SEMINAL</td></tr><tr><td>HP</td><td>PROSTATE</td></tr><tr><td>HS</td><td>VESICULE SEMINALE</td></tr><tr><td>HT</td><td>TESTICULE</td></tr><tr><td>HV</td><td>VERGE</td></tr><tr><td>LZ</td><td>SYSTEME LOCO-MOTEUR</td></tr><tr><td>LA</td><td>ARTICULATION</td></tr><tr><td>LB</td><td>BOURSE SEREUSE</td></tr><tr><td>LC</td><td>CARTILAGE ARTICULAIRE</td></tr><tr><td>LG</td><td>GAINE TENDINEUSE</td></tr><tr><td>LM</td><td>MUSCLE STRIE</td></tr><tr><td>LO</td><td>OS</td></tr><tr><td>LS</td><td>SYNOVIALE - CAPSULE</td></tr><tr><td>LT</td><td>TENDON</td></tr><tr><td>NZ</td><td>SYSTEME NERVEUX</td></tr><tr><td>NA</td><td>ARTERES DU SYSTEME NERVEUX</td></tr><tr><td>NC</td><td>CERVELET</td></tr><tr><td>NE</td><td>MOELLE EPINIERE</td></tr><tr><td>NH</td><td>HEMISPHERE CEREBRAL</td></tr><tr><td>NM</td><td>MENINGE</td></tr><tr><td>NN</td><td>SYSTEME NERVEUX NEUROVEGETATIF</td></tr><tr><td>NP</td><td>SYSTEME NERVEUX PERIPHERIQUE</td></tr><tr><td>NS</td><td>SINUS VEINEUX DU SYSTEME NERVEUX</td></tr><tr><td>NT</td><td>TRONC CEREBRAL - NERF CRANIEN</td></tr><tr><td>NV</td><td>VEINE DU SYSTEME NERVEUX</td></tr><tr><td>OZ</td><td>ORGANES DES SENS ET TEGUMENTS</td></tr><tr><td>OA</td><td>ANNEXES SUDORIPARE, SEBACEE ET PILAIRE</td></tr><tr><td>OC</td><td>CORNEE</td></tr><tr><td>OE</td><td>OEIL ET ORBITE</td></tr><tr><td>OG</td><td>ONGLE</td></tr><tr><td>OL</td><td>SYSTEME LACRYMAL</td></tr><tr><td>ON</td><td>NEZ</td></tr><tr><td>OP</td><td>PAUPIERE</td></tr><tr><td>OR</td><td>OREILLE (EXTERNE, MOYENNE, INTERNE, MASTOIDE)</td></tr><tr><td>OT</td><td>TEGUMENTS</td></tr><tr><td>OU</td><td>UVEE</td></tr><tr><td>PZ</td><td>PRODUITS DE CONCEPTION</td></tr><tr><td>PC</td><td>CORDON OMBILICAL</td></tr><tr><td>PF</td><td>FOETUS - EMBRYON</td></tr><tr><td>PM</td><td>MEMBRANES</td></tr><tr><td>PO</td><td>OEUF - PRODUITS OVULAIRES</td></tr><tr><td>PP</td><td>PLACENTA</td></tr><tr><td>RZ</td><td>APPAREIL RESPIRATOIRE</td></tr><tr><td>RB</td><td>BRONCHE</td></tr><tr><td>RP</td><td>POUMON</td></tr><tr><td>RS</td><td>SEREUSE PLEURALE</td></tr><tr><td>RT</td><td>TRACHEE</td></tr><tr><td>SZ</td><td>SANG ET TISSU HEMATOPOIETIQUE</td></tr><tr><td>SA</td><td>SANG</td></tr><tr><td>SG</td><td>GANGLION LYMPHATIQUE</td></tr><tr><td>SM</td><td>MOELLE OSSEUSE</td></tr><tr><td>SR</td><td>RATE</td></tr><tr><td>ST</td><td>THYMUS</td></tr><tr><td>TZ</td><td>TISSUS MESENCHYMATEUX</td></tr><tr><td>TA</td><td>TISSU ADIPEUX</td></tr><tr><td>TC</td><td>TISSU CONJONCTIF</td></tr><tr><td>UZ</td><td>APPAREIL URINAIRE</td></tr><tr><td>UC</td><td>CANAL URETRAL</td></tr><tr><td>UP</td><td>PYELOCALICE – BASSINET - CALICE</td></tr><tr><td>UR</td><td>REIN</td></tr><tr><td>UT</td><td>URETERE</td></tr><tr><td>UV</td><td>VESSIE - OURAQUE</td></tr><tr><td>VZ</td><td>SYSTEME VASCULAIRE</td></tr><tr><td>VA</td><td>ARTERE</td></tr><tr><td>VC</td><td>VEINE CAVE</td></tr><tr><td>VL</td><td>LYMPHATIQUE</td></tr><tr><td>VM</td><td>MICRO - CIRCULATION</td></tr><tr><td>VO</td><td>AORTE</td></tr><tr><td>VP</td><td>SYSTEME PORTE</td></tr><tr><td>VV</td><td>VEINE</td></tr><tr><td>XZ</td><td>REGION DE L'ORGANISME</td></tr><tr><td>XA</td><td>ABDOMEN - REGION ABDOMINALE</td></tr><tr><td>XB</td><td>BASSIN - REGION PELVIENNE</td></tr><tr><td>XC</td><td>COU - REGION CERVICALE</td></tr><tr><td>XD</td><td>DIAPHRAGME - REGION DIAPHRAGMATIQUE</td></tr><tr><td>XE</td><td>REGION ENCEPHALIQUE</td></tr><tr><td>XF</td><td>FACE - REGION FACIALE</td></tr><tr><td>XI</td><td>MEMBRE INFERIEUR</td></tr><tr><td>XL</td><td>LOMBES - REGION LOMBO-SACREE</td></tr><tr><td>XM</td><td>MEDIASTIN - REGION MEDIASTINALE</td></tr><tr><td>XO</td><td>REGION OMBILICALE - OMBILIC</td></tr><tr><td>XP</td><td>PERINEE - REGION PERINEALE</td></tr><tr><td>XR</td><td>REGION RETRO-PERITONEALE</td></tr><tr><td>XS</td><td>MEMBRE SUPERIEUR</td></tr><tr><td>XT</td><td>THORAX - REGION THORACIQUE</td></tr><tr><td>XX</td><td>ORGANISME ENTIER</td></tr></table></li></ul></div></text><extension url="http://hl7.org/fhir/StructureDefinition/resource-effectivePeriod"><valuePeriod><start value="2010-01-01T00:00:00+01:00"/></valuePeriod></extension><url value="https://smt.esante.gouv.fr/fhir/ValueSet/jdv-organe-cisis"/><identifier><system value="urn:ietf:rfc:3986"/><value value="urn:oid:1.2.250.1.213.1.1.5.479"/></identifier><version value="20250606103858"/><name value="JdvOrganeCisis"/><title value="JDV Organe CISIS"/><status value="active"/><experimental value="false"/><date value="2025-06-06T10:38:58+01:00"/><publisher value="Agence du Numérique en Santé(ANS) -2 - 10 Rue d'Oradour-sur-Glane, 75015 Paris"/><description value="JDV Organe CISIS"/><jurisdiction><coding><system value="urn:iso:std:iso:3166"/><code value="FR"/></coding></jurisdiction><compose><include><system value="https://smt.esante.gouv.fr/terminologie-adicap"/><concept><code value="AZ"/><display value="APPAREIL AERO-DIGESTIF SUPERIEUR"/></concept><concept><code value="AA"/><display value="AMYGDALE PALATINE"/></concept><concept><code value="AC"/><display value="CAVUM - RHINOPHARYNX"/></concept><concept><code value="AF"/><display value="FOSSES NASALES"/></concept><concept><code value="AH"/><display value="HYPOPHARYNX"/></concept><concept><code value="AL"/><display value="LARYNX"/></concept><concept><code value="AO"/><display value="OROPHARYNX"/></concept><concept><code value="AP"/><display value="PHARYNX"/></concept><concept><code value="AS"/><display value="SINUS DE LA FACE"/></concept><concept><code value="BZ"/><display value="APPAREIL BUCCO-DENTO SALIVAIRE"/></concept><concept><code value="BA"/><display value="AUTRE GLANDE SALIVAIRE ACCESSOIRE- GLANDE SALIVAIRE"/></concept><concept><code value="BD"/><display value="DENT - ARCADE DENTAIRE"/></concept><concept><code value="BG"/><display value="GENCIVE"/></concept><concept><code value="BL"/><display value="LANGUE"/></concept><concept><code value="BM"/><display value="GLANDE SOUS-MAXILLAIRE"/></concept><concept><code value="BP"/><display value="PAROTIDE"/></concept><concept><code value="BS"/><display value="GLANDE SUB-LINGUALE"/></concept><concept><code value="BV"/><display value="VERMILLON - LEVRE"/></concept><concept><code value="BX"/><display value="CAVITE BUCCALE"/></concept><concept><code value="CZ"/><display value="APPAREIL CARDIAQUE ET SES VAISSEAUX"/></concept><concept><code value="CC"/><display value="CORONAIRES - VAISSEAUX DU COEUR"/></concept><concept><code value="CE"/><display value="ENDOCARDE - VALVULE - PILIER"/></concept><concept><code value="CM"/><display value="MYOCARDE"/></concept><concept><code value="CN"/><display value="TISSU NODAL - TISSU DE CONDUCTION"/></concept><concept><code value="CP"/><display value="PERICARDE"/></concept><concept><code value="CX"/><display value="COEUR ET GROS VAISSEAUX"/></concept><concept><code value="DZ"/><display value="APPAREIL DIGESTIF"/></concept><concept><code value="DA"/><display value="APPENDICE"/></concept><concept><code value="DC"/><display value="COLON"/></concept><concept><code value="DD"/><display value="DUODENUM"/></concept><concept><code value="DE"/><display value="ESTOMAC"/></concept><concept><code value="DG"/><display value="INTESTIN GRELE"/></concept><concept><code value="DM"/><display value="DIVERTICULE DE MECKEL"/></concept><concept><code value="DO"/><display value="OESOPHAGE"/></concept><concept><code value="DP"/><display value="PERITOINE - CANAL DE NUCK"/></concept><concept><code value="DQ"/><display value="ANUS"/></concept><concept><code value="DR"/><display value="RECTUM"/></concept><concept><code value="DV"/><display value="VALVULE DE BAUHIN ET REGION ILEO-COECALE"/></concept><concept><code value="EZ"/><display value="SYSTEME ENDOCRINE"/></concept><concept><code value="EG"/><display value="PARAGANGLION"/></concept><concept><code value="EH"/><display value="HYPOPHYSE"/></concept><concept><code value="EI"/><display value="ILOTS DE LANGHERANS - PANCREAS ENDOCRINE"/></concept><concept><code value="EP"/><display value="PARATHYROIDE"/></concept><concept><code value="ES"/><display value="SURRENALE"/></concept><concept><code value="ET"/><display value="THYROIDE"/></concept><concept><code value="FZ"/><display value="FOIE- VOIES BILIAIRES- PANCREAS"/></concept><concept><code value="FE"/><display value="VOIES BILIAIRES EXTRA-HEPATIQUES"/></concept><concept><code value="FF"/><display value="FOIE"/></concept><concept><code value="FI"/><display value="VOIES BILIAIRES INTRA-HEPATIQUES"/></concept><concept><code value="FO"/><display value="ODDI - AMPOULE DE VATER"/></concept><concept><code value="FP"/><display value="PANCREAS EXOCRINE"/></concept><concept><code value="FV"/><display value="VESICULE BILIAIRE ET CANAL CYSTIQUE"/></concept><concept><code value="GZ"/><display value="APPAREIL GENITAL FEMININ"/></concept><concept><code value="GB"/><display value="GLANDES DE BARTHOLIN"/></concept><concept><code value="GC"/><display value="COL UTERIN - EXOCOL"/></concept><concept><code value="GE"/><display value="ENDOCOL"/></concept><concept><code value="GG"/><display value="VAGIN"/></concept><concept><code value="GL"/><display value="LIGAMENTS LARGES ET UTERINS"/></concept><concept><code value="GM"/><display value="MYOMETRE - UTERUS"/></concept><concept><code value="GO"/><display value="OVAIRE"/></concept><concept><code value="GS"/><display value="SEIN"/></concept><concept><code value="GT"/><display value="TROMPE"/></concept><concept><code value="GU"/><display value="MUQUEUSE UTERINE - ENDOMETRE"/></concept><concept><code value="GV"/><display value="VULVE"/></concept><concept><code value="GX"/><display value="REGION CERVICO-VAGINALE"/></concept><concept><code value="HZ"/><display value="APPAREIL GENITAL MASCULIN"/></concept><concept><code value="HB"/><display value="BOURSES - SCROTUM"/></concept><concept><code value="HD"/><display value="DEFERENT - CORDON SPERMATIQUE"/></concept><concept><code value="HE"/><display value="EPIDIDYME"/></concept><concept><code value="HG"/><display value="VAGINALE DU TESTICULE"/></concept><concept><code value="HL"/><display value="LIQUIDE SEMINAL"/></concept><concept><code value="HP"/><display value="PROSTATE"/></concept><concept><code value="HS"/><display value="VESICULE SEMINALE"/></concept><concept><code value="HT"/><display value="TESTICULE"/></concept><concept><code value="HV"/><display value="VERGE"/></concept><concept><code value="LZ"/><display value="SYSTEME LOCO-MOTEUR"/></concept><concept><code value="LA"/><display value="ARTICULATION"/></concept><concept><code value="LB"/><display value="BOURSE SEREUSE"/></concept><concept><code value="LC"/><display value="CARTILAGE ARTICULAIRE"/></concept><concept><code value="LG"/><display value="GAINE TENDINEUSE"/></concept><concept><code value="LM"/><display value="MUSCLE STRIE"/></concept><concept><code value="LO"/><display value="OS"/></concept><concept><code value="LS"/><display value="SYNOVIALE - CAPSULE"/></concept><concept><code value="LT"/><display value="TENDON"/></concept><concept><code value="NZ"/><display value="SYSTEME NERVEUX"/></concept><concept><code value="NA"/><display value="ARTERES DU SYSTEME NERVEUX"/></concept><concept><code value="NC"/><display value="CERVELET"/></concept><concept><code value="NE"/><display value="MOELLE EPINIERE"/></concept><concept><code value="NH"/><display value="HEMISPHERE CEREBRAL"/></concept><concept><code value="NM"/><display value="MENINGE"/></concept><concept><code value="NN"/><display value="SYSTEME NERVEUX NEUROVEGETATIF"/></concept><concept><code value="NP"/><display value="SYSTEME NERVEUX PERIPHERIQUE"/></concept><concept><code value="NS"/><display value="SINUS VEINEUX DU SYSTEME NERVEUX"/></concept><concept><code value="NT"/><display value="TRONC CEREBRAL - NERF CRANIEN"/></concept><concept><code value="NV"/><display value="VEINE DU SYSTEME NERVEUX"/></concept><concept><code value="OZ"/><display value="ORGANES DES SENS ET TEGUMENTS"/></concept><concept><code value="OA"/><display value="ANNEXES SUDORIPARE, SEBACEE ET PILAIRE"/></concept><concept><code value="OC"/><display value="CORNEE"/></concept><concept><code value="OE"/><display value="OEIL ET ORBITE"/></concept><concept><code value="OG"/><display value="ONGLE"/></concept><concept><code value="OL"/><display value="SYSTEME LACRYMAL"/></concept><concept><code value="ON"/><display value="NEZ"/></concept><concept><code value="OP"/><display value="PAUPIERE"/></concept><concept><code value="OR"/><display value="OREILLE (EXTERNE, MOYENNE, INTERNE, MASTOIDE)"/></concept><concept><code value="OT"/><display value="TEGUMENTS"/></concept><concept><code value="OU"/><display value="UVEE"/></concept><concept><code value="PZ"/><display value="PRODUITS DE CONCEPTION"/></concept><concept><code value="PC"/><display value="CORDON OMBILICAL"/></concept><concept><code value="PF"/><display value="FOETUS - EMBRYON"/></concept><concept><code value="PM"/><display value="MEMBRANES"/></concept><concept><code value="PO"/><display value="OEUF - PRODUITS OVULAIRES"/></concept><concept><code value="PP"/><display value="PLACENTA"/></concept><concept><code value="RZ"/><display value="APPAREIL RESPIRATOIRE"/></concept><concept><code value="RB"/><display value="BRONCHE"/></concept><concept><code value="RP"/><display value="POUMON"/></concept><concept><code value="RS"/><display value="SEREUSE PLEURALE"/></concept><concept><code value="RT"/><display value="TRACHEE"/></concept><concept><code value="SZ"/><display value="SANG ET TISSU HEMATOPOIETIQUE"/></concept><concept><code value="SA"/><display value="SANG"/></concept><concept><code value="SG"/><display value="GANGLION LYMPHATIQUE"/></concept><concept><code value="SM"/><display value="MOELLE OSSEUSE"/></concept><concept><code value="SR"/><display value="RATE"/></concept><concept><code value="ST"/><display value="THYMUS"/></concept><concept><code value="TZ"/><display value="TISSUS MESENCHYMATEUX"/></concept><concept><code value="TA"/><display value="TISSU ADIPEUX"/></concept><concept><code value="TC"/><display value="TISSU CONJONCTIF"/></concept><concept><code value="UZ"/><display value="APPAREIL URINAIRE"/></concept><concept><code value="UC"/><display value="CANAL URETRAL"/></concept><concept><code value="UP"/><display value="PYELOCALICE – BASSINET - CALICE"/></concept><concept><code value="UR"/><display value="REIN"/></concept><concept><code value="UT"/><display value="URETERE"/></concept><concept><code value="UV"/><display value="VESSIE - OURAQUE"/></concept><concept><code value="VZ"/><display value="SYSTEME VASCULAIRE"/></concept><concept><code value="VA"/><display value="ARTERE"/></concept><concept><code value="VC"/><display value="VEINE CAVE"/></concept><concept><code value="VL"/><display value="LYMPHATIQUE"/></concept><concept><code value="VM"/><display value="MICRO - CIRCULATION"/></concept><concept><code value="VO"/><display value="AORTE"/></concept><concept><code value="VP"/><display value="SYSTEME PORTE"/></concept><concept><code value="VV"/><display value="VEINE"/></concept><concept><code value="XZ"/><display value="REGION DE L'ORGANISME"/></concept><concept><code value="XA"/><display value="ABDOMEN - REGION ABDOMINALE"/></concept><concept><code value="XB"/><display value="BASSIN - REGION PELVIENNE"/></concept><concept><code value="XC"/><display value="COU - REGION CERVICALE"/></concept><concept><code value="XD"/><display value="DIAPHRAGME - REGION DIAPHRAGMATIQUE"/></concept><concept><code value="XE"/><display value="REGION ENCEPHALIQUE"/></concept><concept><code value="XF"/><display value="FACE - REGION FACIALE"/></concept><concept><code value="XI"/><display value="MEMBRE INFERIEUR"/></concept><concept><code value="XL"/><display value="LOMBES - REGION LOMBO-SACREE"/></concept><concept><code value="XM"/><display value="MEDIASTIN - REGION MEDIASTINALE"/></concept><concept><code value="XO"/><display value="REGION OMBILICALE - OMBILIC"/></concept><concept><code value="XP"/><display value="PERINEE - REGION PERINEALE"/></concept><concept><code value="XR"/><display value="REGION RETRO-PERITONEALE"/></concept><concept><code value="XS"/><display value="MEMBRE SUPERIEUR"/></concept><concept><code value="XT"/><display value="THORAX - REGION THORACIQUE"/></concept><concept><code value="XX"/><display value="ORGANISME ENTIER"/></concept></include></compose></ValueSet>