<?xml version="1.0" encoding="UTF-8"?><ValueSet xmlns="http://hl7.org/fhir"><id value="JDV-J220-FonctionContact-ROR"/><meta><versionId value="4"/><lastUpdated value="2025-02-10T16:06:02.813+00:00"/><profile value="http://hl7.org/fhir/StructureDefinition/shareablevalueset"/></meta><language value="fr-FR"/><text><status value="generated"/><div xmlns="http://www.w3.org/1999/xhtml" xml:lang="fr-FR" lang="fr-FR"><p class="res-header-id"><b>Generated Narrative: ValueSet JDV-J220-FonctionContact-ROR</b></p><a name="JDV-J220-FonctionContact-ROR"> </a><a name="hcJDV-J220-FonctionContact-ROR"> </a><a name="JDV-J220-FonctionContact-ROR-fr-FR"> </a><div style="display: inline-block; background-color: #d9e0e7; padding: 6px; margin: 4px; border: 1px solid #8da1b4; border-radius: 5px; line-height: 60%"><p style="margin-bottom: 0px">version: 4; Last updated: 2025-02-10 16:06:02+0000; Language: fr-FR</p><p style="margin-bottom: 0px">Profile: <a href="http://hl7.org/fhir/R4/shareablevalueset.html">Shareable ValueSet</a></p></div><ul><li>Include these codes as defined in <a href="CodeSystem-TRE-R251-FonctionContact.html"><code>https://mos.esante.gouv.fr/NOS/TRE_R251-FonctionContact/FHIR/TRE-R251-FonctionContact</code></a><table class="none"><tr><td style="white-space:nowrap"><b>Code</b></td><td><b>Display</b></td></tr><tr><td><a href="CodeSystem-TRE-R251-FonctionContact.html#TRE-R251-FonctionContact-01">01</a></td><td>Directeur</td></tr><tr><td><a href="CodeSystem-TRE-R251-FonctionContact.html#TRE-R251-FonctionContact-02">02</a></td><td>Assistant social</td></tr><tr><td><a href="CodeSystem-TRE-R251-FonctionContact.html#TRE-R251-FonctionContact-03">03</a></td><td>Cadre de santé</td></tr><tr><td><a href="CodeSystem-TRE-R251-FonctionContact.html#TRE-R251-FonctionContact-04">04</a></td><td>Médecin coordonnateur</td></tr><tr><td><a href="CodeSystem-TRE-R251-FonctionContact.html#TRE-R251-FonctionContact-05">05</a></td><td>Secrétaire</td></tr><tr><td><a href="CodeSystem-TRE-R251-FonctionContact.html#TRE-R251-FonctionContact-06">06</a></td><td>Président de CME</td></tr><tr><td><a href="CodeSystem-TRE-R251-FonctionContact.html#TRE-R251-FonctionContact-07">07</a></td><td>Référent PDSES</td></tr><tr><td><a href="CodeSystem-TRE-R251-FonctionContact.html#TRE-R251-FonctionContact-08">08</a></td><td>Infirmier coordonnateur</td></tr><tr><td><a href="CodeSystem-TRE-R251-FonctionContact.html#TRE-R251-FonctionContact-09">09</a></td><td>Infirmier de liaison</td></tr><tr><td><a href="CodeSystem-TRE-R251-FonctionContact.html#TRE-R251-FonctionContact-10">10</a></td><td>Chef de service</td></tr><tr><td><a href="CodeSystem-TRE-R251-FonctionContact.html#TRE-R251-FonctionContact-11">11</a></td><td>Chef de pôle</td></tr><tr><td><a href="CodeSystem-TRE-R251-FonctionContact.html#TRE-R251-FonctionContact-12">12</a></td><td>Référent ROR</td></tr><tr><td><a href="CodeSystem-TRE-R251-FonctionContact.html#TRE-R251-FonctionContact-13">13</a></td><td>Référent outil d'orientation SMR</td></tr><tr><td><a href="CodeSystem-TRE-R251-FonctionContact.html#TRE-R251-FonctionContact-15">15</a></td><td>Référent direction des services informatiques</td></tr><tr><td><a href="CodeSystem-TRE-R251-FonctionContact.html#TRE-R251-FonctionContact-16">16</a></td><td>Médecin DIM</td></tr><tr><td><a href="CodeSystem-TRE-R251-FonctionContact.html#TRE-R251-FonctionContact-18">18</a></td><td>Contact gestion de cas MAIA</td></tr><tr><td><a href="CodeSystem-TRE-R251-FonctionContact.html#TRE-R251-FonctionContact-19">19</a></td><td>Contact PTA</td></tr><tr><td><a href="CodeSystem-TRE-R251-FonctionContact.html#TRE-R251-FonctionContact-20">20</a></td><td>Chef de service éducatif</td></tr><tr><td><a href="CodeSystem-TRE-R251-FonctionContact.html#TRE-R251-FonctionContact-21">21</a></td><td>Coordonnateur CLIC</td></tr><tr><td><a href="CodeSystem-TRE-R251-FonctionContact.html#TRE-R251-FonctionContact-22">22</a></td><td>Responsable d'unité</td></tr><tr><td><a href="CodeSystem-TRE-R251-FonctionContact.html#TRE-R251-FonctionContact-23">23</a></td><td>Spécialiste en hygiène prévention contrôle des Infections Associées aux Soins (IAS)</td></tr><tr><td><a href="CodeSystem-TRE-R251-FonctionContact.html#TRE-R251-FonctionContact-24">24</a></td><td>Responsable du signalement des Infections Associées aux Soins (IAS)</td></tr><tr><td><a href="CodeSystem-TRE-R251-FonctionContact.html#TRE-R251-FonctionContact-25">25</a></td><td>Référent en antibiothérapie</td></tr><tr><td><a href="CodeSystem-TRE-R251-FonctionContact.html#TRE-R251-FonctionContact-26">26</a></td><td>Coordonnateur de la gestion des risques associés aux soins</td></tr><tr><td><a href="CodeSystem-TRE-R251-FonctionContact.html#TRE-R251-FonctionContact-27">27</a></td><td>Responsable du Bed Management</td></tr><tr><td><a href="CodeSystem-TRE-R251-FonctionContact.html#TRE-R251-FonctionContact-28">28</a></td><td>Référent Handicap</td></tr></table></li></ul></div></text><extension url="http://hl7.org/fhir/StructureDefinition/resource-effectivePeriod"><valuePeriod><start value="2022-08-26T12:00:00+01:00"/></valuePeriod></extension><url value="https://mos.esante.gouv.fr/NOS/JDV_J220-FonctionContact-ROR/FHIR/JDV-J220-FonctionContact-ROR"/><identifier><system value="urn:ietf:rfc:3986"/><value value="urn:oid:1.2.250.1.213.3.4.52"/></identifier><version value="20250131120000"/><name value="JDV_J220_FonctionContact_ROR"/><status value="active"/><experimental value="false"/><date value="2025-01-31T12:00:00+01:00"/><publisher value="Agence du Numérique en Santé (ANS) - 2-10 Rue d'Oradour-sur-Glane, 75015 Paris"/><description value="Un titre, une position, une fonction de la personne contact dans l'organisation"/><compose><include><system value="https://mos.esante.gouv.fr/NOS/TRE_R251-FonctionContact/FHIR/TRE-R251-FonctionContact"/><concept><code value="01"/><display value="Directeur"/></concept><concept><code value="02"/><display value="Assistant social"/></concept><concept><code value="03"/><display value="Cadre de santé"/></concept><concept><code value="04"/><display value="Médecin coordonnateur"/></concept><concept><code value="05"/><display value="Secrétaire"/></concept><concept><code value="06"/><display value="Président de CME"/></concept><concept><code value="07"/><display value="Référent PDSES"/></concept><concept><code value="08"/><display value="Infirmier coordonnateur"/></concept><concept><code value="09"/><display value="Infirmier de liaison"/></concept><concept><code value="10"/><display value="Chef de service"/></concept><concept><code value="11"/><display value="Chef de pôle"/></concept><concept><code value="12"/><display value="Référent ROR"/></concept><concept><code value="13"/><display value="Référent outil d'orientation SMR"/></concept><concept><code value="15"/><display value="Référent direction des services informatiques"/></concept><concept><code value="16"/><display value="Médecin DIM"/></concept><concept><code value="18"/><display value="Contact gestion de cas MAIA"/></concept><concept><code value="19"/><display value="Contact PTA"/></concept><concept><code value="20"/><display value="Chef de service éducatif"/></concept><concept><code value="21"/><display value="Coordonnateur CLIC"/></concept><concept><code value="22"/><display value="Responsable d'unité"/></concept><concept><code value="23"/><display value="Spécialiste en hygiène prévention contrôle des Infections Associées aux Soins (IAS)"/></concept><concept><code value="24"/><display value="Responsable du signalement des Infections Associées aux Soins (IAS)"/></concept><concept><code value="25"/><display value="Référent en antibiothérapie"/></concept><concept><code value="26"/><display value="Coordonnateur de la gestion des risques associés aux soins"/></concept><concept><code value="27"/><display value="Responsable du Bed Management"/></concept><concept><code value="28"/><display value="Référent Handicap"/></concept></include></compose></ValueSet>