<?xml version="1.0" encoding="UTF-8"?>

<ValueSet xmlns="http://hl7.org/fhir">
  <id value="JDV-J129-CategorieEtablissement-RASS"/>
  <meta>
    <versionId value="13"/>
    <lastUpdated value="2025-07-02T17:04:57.875+00:00"/>
    <profile value="http://hl7.org/fhir/StructureDefinition/shareablevalueset"/>
  </meta>
  <language value="fr-FR"/>
  <text>
    <status value="extensions"/><div xml:lang="fr-FR" xmlns="http://www.w3.org/1999/xhtml" lang="fr-FR"><p class="res-header-id"><b>Narratif généré : EnsembleValeurs JDV-J129-CategorieEtablissement-RASS</b></p><a name="JDV-J129-CategorieEtablissement-RASS"> </a><a name="hcJDV-J129-CategorieEtablissement-RASS"> </a><div style="display: inline-block; background-color: #d9e0e7; padding: 6px; margin: 4px; border: 1px solid #8da1b4; border-radius: 5px; line-height: 60%"><p style="margin-bottom: 0px">version: 12; Dernière mise à jour : 2024-10-31 18:01:34+0000; Langue : fr-FR</p><p style="margin-bottom: 0px">Profil: <a href="http://hl7.org/fhir/R4/shareablevalueset.html">Shareable ValueSet</a></p></div><ul><li>Include les codes sont définis dans <a href="CodeSystem-TRE-R66-CategorieEtablissement.html"><code>https://mos.esante.gouv.fr/NOS/TRE_R66-CategorieEtablissement/FHIR/TRE-R66-CategorieEtablissement</code></a><table class="none"><tr><td style="white-space:nowrap"><b>Code</b></td><td><b>Display</b></td><td><b>Définition</b></td></tr><tr><td><a href="CodeSystem-TRE-R66-CategorieEtablissement.html#TRE-R66-CategorieEtablissement-001">001</a></td><td>Autres lits de m.R.</td><td/></tr><tr><td><a href="CodeSystem-TRE-R66-CategorieEtablissement.html#TRE-R66-CategorieEtablissement-002">002</a></td><td>Autres places de l-f.</td><td/></tr><tr><td><a href="CodeSystem-TRE-R66-CategorieEtablissement.html#TRE-R66-CategorieEtablissement-003">003</a></td><td>Autres lits de l-s</td><td/></tr><tr><td><a href="CodeSystem-TRE-R66-CategorieEtablissement.html#TRE-R66-CategorieEtablissement-101">101</a></td><td>Centre Hospitalier Régional (C.H.R.)</td><td/></tr><tr><td><a href="CodeSystem-TRE-R66-CategorieEtablissement.html#TRE-R66-CategorieEtablissement-106">106</a></td><td>Centre hospitalier, ex Hôpital local</td><td/></tr><tr><td><a href="CodeSystem-TRE-R66-CategorieEtablissement.html#TRE-R66-CategorieEtablissement-108">108</a></td><td>Etablissement de Convalescence et de Repos</td><td/></tr><tr><td><a href="CodeSystem-TRE-R66-CategorieEtablissement.html#TRE-R66-CategorieEtablissement-109">109</a></td><td>Etablissement de santé privé autorisé en SSR</td><td/></tr><tr><td><a href="CodeSystem-TRE-R66-CategorieEtablissement.html#TRE-R66-CategorieEtablissement-112">112</a></td><td>Centre de Convalescence Cure ou Réadaptation</td><td/></tr><tr><td><a href="CodeSystem-TRE-R66-CategorieEtablissement.html#TRE-R66-CategorieEtablissement-114">114</a></td><td>Hôpital des armées</td><td/></tr><tr><td><a href="CodeSystem-TRE-R66-CategorieEtablissement.html#TRE-R66-CategorieEtablissement-115">115</a></td><td>Etablissement de Soins du Service de Santé des Armées</td><td/></tr><tr><td><a href="CodeSystem-TRE-R66-CategorieEtablissement.html#TRE-R66-CategorieEtablissement-119">119</a></td><td>Maison de Régime</td><td/></tr><tr><td><a href="CodeSystem-TRE-R66-CategorieEtablissement.html#TRE-R66-CategorieEtablissement-122">122</a></td><td>Etablissement Soins Obstétriques Chirurgico-Gynécologiques</td><td/></tr><tr><td><a href="CodeSystem-TRE-R66-CategorieEtablissement.html#TRE-R66-CategorieEtablissement-124">124</a></td><td>Centre de Santé</td><td/></tr><tr><td><a href="CodeSystem-TRE-R66-CategorieEtablissement.html#TRE-R66-CategorieEtablissement-125">125</a></td><td>Centre de Santé Dentaire</td><td/></tr><tr><td><a href="CodeSystem-TRE-R66-CategorieEtablissement.html#TRE-R66-CategorieEtablissement-126">126</a></td><td>Etablissement Thermal</td><td/></tr><tr><td><a href="CodeSystem-TRE-R66-CategorieEtablissement.html#TRE-R66-CategorieEtablissement-127">127</a></td><td>Hospitalisation à Domicile</td><td/></tr><tr><td><a href="CodeSystem-TRE-R66-CategorieEtablissement.html#TRE-R66-CategorieEtablissement-128">128</a></td><td>Etablissement de Soins Chirurgicaux</td><td/></tr><tr><td><a href="CodeSystem-TRE-R66-CategorieEtablissement.html#TRE-R66-CategorieEtablissement-129">129</a></td><td>Etablissement de Soins Médicaux</td><td/></tr><tr><td><a href="CodeSystem-TRE-R66-CategorieEtablissement.html#TRE-R66-CategorieEtablissement-130">130</a></td><td>Centre de Soins Médicaux</td><td/></tr><tr><td><a href="CodeSystem-TRE-R66-CategorieEtablissement.html#TRE-R66-CategorieEtablissement-131">131</a></td><td>Centre de Lutte Contre Cancer</td><td/></tr><tr><td><a href="CodeSystem-TRE-R66-CategorieEtablissement.html#TRE-R66-CategorieEtablissement-132">132</a></td><td>Etablissement de Transfusion Sanguine</td><td/></tr><tr><td><a href="CodeSystem-TRE-R66-CategorieEtablissement.html#TRE-R66-CategorieEtablissement-135">135</a></td><td>Etablissement Réadaptation Fonctionnelle</td><td/></tr><tr><td><a href="CodeSystem-TRE-R66-CategorieEtablissement.html#TRE-R66-CategorieEtablissement-136">136</a></td><td>Banque de Sperme</td><td/></tr><tr><td><a href="CodeSystem-TRE-R66-CategorieEtablissement.html#TRE-R66-CategorieEtablissement-137">137</a></td><td>Banque d'Organes</td><td/></tr><tr><td><a href="CodeSystem-TRE-R66-CategorieEtablissement.html#TRE-R66-CategorieEtablissement-138">138</a></td><td>Centre de Dialyse Périodique</td><td/></tr><tr><td><a href="CodeSystem-TRE-R66-CategorieEtablissement.html#TRE-R66-CategorieEtablissement-139">139</a></td><td>Centre de Dialyse et d'entraînement à la Dialyse</td><td/></tr><tr><td><a href="CodeSystem-TRE-R66-CategorieEtablissement.html#TRE-R66-CategorieEtablissement-140">140</a></td><td>Centre d'Entraînement à la Dialyse</td><td/></tr><tr><td><a href="CodeSystem-TRE-R66-CategorieEtablissement.html#TRE-R66-CategorieEtablissement-141">141</a></td><td>Centre de dialyse</td><td/></tr><tr><td><a href="CodeSystem-TRE-R66-CategorieEtablissement.html#TRE-R66-CategorieEtablissement-142">142</a></td><td>Dispensaire Antituberculeux</td><td/></tr><tr><td><a href="CodeSystem-TRE-R66-CategorieEtablissement.html#TRE-R66-CategorieEtablissement-143">143</a></td><td>Centre de Vaccination BCG</td><td/></tr><tr><td><a href="CodeSystem-TRE-R66-CategorieEtablissement.html#TRE-R66-CategorieEtablissement-144">144</a></td><td>Etablissement de Lutte Contre la Tuberculose</td><td/></tr><tr><td><a href="CodeSystem-TRE-R66-CategorieEtablissement.html#TRE-R66-CategorieEtablissement-146">146</a></td><td>Structure d'Alternative à la dialyse en centre</td><td/></tr><tr><td><a href="CodeSystem-TRE-R66-CategorieEtablissement.html#TRE-R66-CategorieEtablissement-156">156</a></td><td>Centre Médico-Psychologique (C.M.P.)</td><td/></tr><tr><td><a href="CodeSystem-TRE-R66-CategorieEtablissement.html#TRE-R66-CategorieEtablissement-157">157</a></td><td>Centre de Postcure</td><td/></tr><tr><td><a href="CodeSystem-TRE-R66-CategorieEtablissement.html#TRE-R66-CategorieEtablissement-159">159</a></td><td>Centre Parental</td><td/></tr><tr><td><a href="CodeSystem-TRE-R66-CategorieEtablissement.html#TRE-R66-CategorieEtablissement-160">160</a></td><td>Centre de Soins Spécifiques pour Toxicomanes (C.S.S.T.)</td><td/></tr><tr><td><a href="CodeSystem-TRE-R66-CategorieEtablissement.html#TRE-R66-CategorieEtablissement-161">161</a></td><td>Maison de Santé pour Maladies Mentales</td><td/></tr><tr><td><a href="CodeSystem-TRE-R66-CategorieEtablissement.html#TRE-R66-CategorieEtablissement-162">162</a></td><td>Centre de Cure Ambulatoire en Alcoologie (C.C.A.A.)</td><td/></tr><tr><td><a href="CodeSystem-TRE-R66-CategorieEtablissement.html#TRE-R66-CategorieEtablissement-163">163</a></td><td>Maison d'Enfants à Caractère Sanitaire Temporaire</td><td/></tr><tr><td><a href="CodeSystem-TRE-R66-CategorieEtablissement.html#TRE-R66-CategorieEtablissement-164">164</a></td><td>Etablissements Expérimentaux Accueil de la Petite Enfance</td><td/></tr><tr><td><a href="CodeSystem-TRE-R66-CategorieEtablissement.html#TRE-R66-CategorieEtablissement-165">165</a></td><td>Appartement de Coordination Thérapeutique (A.C.T.)</td><td/></tr><tr><td><a href="CodeSystem-TRE-R66-CategorieEtablissement.html#TRE-R66-CategorieEtablissement-166">166</a></td><td>Etablissement d'Accueil Mère-Enfant</td><td/></tr><tr><td><a href="CodeSystem-TRE-R66-CategorieEtablissement.html#TRE-R66-CategorieEtablissement-167">167</a></td><td>Crèche Collective</td><td/></tr><tr><td><a href="CodeSystem-TRE-R66-CategorieEtablissement.html#TRE-R66-CategorieEtablissement-168">168</a></td><td>Service Accueil Familial pour la Petite Enfance</td><td/></tr><tr><td><a href="CodeSystem-TRE-R66-CategorieEtablissement.html#TRE-R66-CategorieEtablissement-169">169</a></td><td>Crèche Multi Accueil Collectif et Familial</td><td/></tr><tr><td><a href="CodeSystem-TRE-R66-CategorieEtablissement.html#TRE-R66-CategorieEtablissement-170">170</a></td><td>Halte Garderie</td><td/></tr><tr><td><a href="CodeSystem-TRE-R66-CategorieEtablissement.html#TRE-R66-CategorieEtablissement-171">171</a></td><td>Garderie et Jardin d'Enfants</td><td/></tr><tr><td><a href="CodeSystem-TRE-R66-CategorieEtablissement.html#TRE-R66-CategorieEtablissement-172">172</a></td><td>Pouponnière à Caractère Social</td><td/></tr><tr><td><a href="CodeSystem-TRE-R66-CategorieEtablissement.html#TRE-R66-CategorieEtablissement-173">173</a></td><td>Pouponnière à Caractère Sanitaire</td><td/></tr><tr><td><a href="CodeSystem-TRE-R66-CategorieEtablissement.html#TRE-R66-CategorieEtablissement-174">174</a></td><td>Etablissement d'Accueil Collectif Régulier et Occasionnel</td><td/></tr><tr><td><a href="CodeSystem-TRE-R66-CategorieEtablissement.html#TRE-R66-CategorieEtablissement-175">175</a></td><td>Foyer de l'Enfance</td><td/></tr><tr><td><a href="CodeSystem-TRE-R66-CategorieEtablissement.html#TRE-R66-CategorieEtablissement-176">176</a></td><td>Village d'Enfants</td><td/></tr><tr><td><a href="CodeSystem-TRE-R66-CategorieEtablissement.html#TRE-R66-CategorieEtablissement-177">177</a></td><td>Maison d'Enfants à Caractère Social</td><td/></tr><tr><td><a href="CodeSystem-TRE-R66-CategorieEtablissement.html#TRE-R66-CategorieEtablissement-178">178</a></td><td>Ctre.Accueil- Accomp.Réduc.Risq.Usag. Drogues (C.A.A.R.U.D.)</td><td/></tr><tr><td><a href="CodeSystem-TRE-R66-CategorieEtablissement.html#TRE-R66-CategorieEtablissement-179">179</a></td><td>Maison d'Enfants à Caractère Sanitaire Permanente</td><td/></tr><tr><td><a href="CodeSystem-TRE-R66-CategorieEtablissement.html#TRE-R66-CategorieEtablissement-180">180</a></td><td>Lits Halte Soins Santé (L.H.S.S.)</td><td/></tr><tr><td><a href="CodeSystem-TRE-R66-CategorieEtablissement.html#TRE-R66-CategorieEtablissement-181">181</a></td><td>Maison Familiale de Vacances</td><td/></tr><tr><td><a href="CodeSystem-TRE-R66-CategorieEtablissement.html#TRE-R66-CategorieEtablissement-182">182</a></td><td>Service d'Éducation Spéciale et de Soins à Domicile</td><td/></tr><tr><td><a href="CodeSystem-TRE-R66-CategorieEtablissement.html#TRE-R66-CategorieEtablissement-183">183</a></td><td>Institut Médico-Educatif (I.M.E.)</td><td/></tr><tr><td><a href="CodeSystem-TRE-R66-CategorieEtablissement.html#TRE-R66-CategorieEtablissement-184">184</a></td><td>Institut Médico-Pédagogique (I.M.P.)</td><td/></tr><tr><td><a href="CodeSystem-TRE-R66-CategorieEtablissement.html#TRE-R66-CategorieEtablissement-185">185</a></td><td>Institut Médico-Professionnel (I.M.Pro.)</td><td/></tr><tr><td><a href="CodeSystem-TRE-R66-CategorieEtablissement.html#TRE-R66-CategorieEtablissement-186">186</a></td><td>Institut Thérapeutique Éducatif et Pédagogique (I.T.E.P.)</td><td/></tr><tr><td><a href="CodeSystem-TRE-R66-CategorieEtablissement.html#TRE-R66-CategorieEtablissement-188">188</a></td><td>Etablissement pour Enfants ou Adolescents Polyhandicapés</td><td/></tr><tr><td><a href="CodeSystem-TRE-R66-CategorieEtablissement.html#TRE-R66-CategorieEtablissement-189">189</a></td><td>Centre Médico-Psycho-Pédagogique (C.M.P.P.)</td><td/></tr><tr><td><a href="CodeSystem-TRE-R66-CategorieEtablissement.html#TRE-R66-CategorieEtablissement-190">190</a></td><td>Centre Action Médico-Sociale Précoce (C.A.M.S.P.)</td><td/></tr><tr><td><a href="CodeSystem-TRE-R66-CategorieEtablissement.html#TRE-R66-CategorieEtablissement-191">191</a></td><td>Etablissement pour Déficients Moteurs Cérébraux</td><td/></tr><tr><td><a href="CodeSystem-TRE-R66-CategorieEtablissement.html#TRE-R66-CategorieEtablissement-192">192</a></td><td>Institut d'éducation motrice</td><td/></tr><tr><td><a href="CodeSystem-TRE-R66-CategorieEtablissement.html#TRE-R66-CategorieEtablissement-193">193</a></td><td>Etablissement pour Déficients Moteurs et Moteurs Cérébraux</td><td/></tr><tr><td><a href="CodeSystem-TRE-R66-CategorieEtablissement.html#TRE-R66-CategorieEtablissement-194">194</a></td><td>Institut pour Déficients Visuels</td><td/></tr><tr><td><a href="CodeSystem-TRE-R66-CategorieEtablissement.html#TRE-R66-CategorieEtablissement-195">195</a></td><td>Institut pour Déficients Auditifs</td><td/></tr><tr><td><a href="CodeSystem-TRE-R66-CategorieEtablissement.html#TRE-R66-CategorieEtablissement-196">196</a></td><td>Institut d'Education Sensorielle Sourd-Aveugle</td><td/></tr><tr><td><a href="CodeSystem-TRE-R66-CategorieEtablissement.html#TRE-R66-CategorieEtablissement-197">197</a></td><td>Centre soins accompagnement prévention addictologie (CSAPA)</td><td/></tr><tr><td><a href="CodeSystem-TRE-R66-CategorieEtablissement.html#TRE-R66-CategorieEtablissement-198">198</a></td><td>Établissement et Service de Préorientation</td><td/></tr><tr><td><a href="CodeSystem-TRE-R66-CategorieEtablissement.html#TRE-R66-CategorieEtablissement-199">199</a></td><td>Hospice</td><td/></tr><tr><td><a href="CodeSystem-TRE-R66-CategorieEtablissement.html#TRE-R66-CategorieEtablissement-200">200</a></td><td>Maison de Retraite</td><td/></tr><tr><td><a href="CodeSystem-TRE-R66-CategorieEtablissement.html#TRE-R66-CategorieEtablissement-202">202</a></td><td>Résidences autonomie</td><td/></tr><tr><td><a href="CodeSystem-TRE-R66-CategorieEtablissement.html#TRE-R66-CategorieEtablissement-207">207</a></td><td>Centre de Jour pour Personnes Agées</td><td/></tr><tr><td><a href="CodeSystem-TRE-R66-CategorieEtablissement.html#TRE-R66-CategorieEtablissement-208">208</a></td><td>Service d'Aide Ménagère à Domicile</td><td/></tr><tr><td><a href="CodeSystem-TRE-R66-CategorieEtablissement.html#TRE-R66-CategorieEtablissement-209">209</a></td><td>Service autonomie aide et soins (SAAS)</td><td/></tr><tr><td><a href="CodeSystem-TRE-R66-CategorieEtablissement.html#TRE-R66-CategorieEtablissement-212">212</a></td><td>Alarme Médico-Sociale</td><td/></tr><tr><td><a href="CodeSystem-TRE-R66-CategorieEtablissement.html#TRE-R66-CategorieEtablissement-213">213</a></td><td>Lits d'Accueil Médicalisés (L.A.M.)</td><td/></tr><tr><td><a href="CodeSystem-TRE-R66-CategorieEtablissement.html#TRE-R66-CategorieEtablissement-214">214</a></td><td>Centre Hébergement &amp; Réinsertion Sociale (C.H.R.S.)</td><td/></tr><tr><td><a href="CodeSystem-TRE-R66-CategorieEtablissement.html#TRE-R66-CategorieEtablissement-215">215</a></td><td>Maison Relai</td><td/></tr><tr><td><a href="CodeSystem-TRE-R66-CategorieEtablissement.html#TRE-R66-CategorieEtablissement-216">216</a></td><td>Résidence Hôtelière à Vocation Sociale (R.H.V.S)</td><td/></tr><tr><td><a href="CodeSystem-TRE-R66-CategorieEtablissement.html#TRE-R66-CategorieEtablissement-217">217</a></td><td>Cité de Transit</td><td/></tr><tr><td><a href="CodeSystem-TRE-R66-CategorieEtablissement.html#TRE-R66-CategorieEtablissement-218">218</a></td><td>Aire Station Nomades</td><td/></tr><tr><td><a href="CodeSystem-TRE-R66-CategorieEtablissement.html#TRE-R66-CategorieEtablissement-219">219</a></td><td>Autre Centre d'Accueil</td><td/></tr><tr><td><a href="CodeSystem-TRE-R66-CategorieEtablissement.html#TRE-R66-CategorieEtablissement-220">220</a></td><td>Centre Social</td><td/></tr><tr><td><a href="CodeSystem-TRE-R66-CategorieEtablissement.html#TRE-R66-CategorieEtablissement-221">221</a></td><td>Bureau d'Aide Psychologique Universitaire (B.A.P.U.)</td><td/></tr><tr><td><a href="CodeSystem-TRE-R66-CategorieEtablissement.html#TRE-R66-CategorieEtablissement-223">223</a></td><td>Protection Maternelle et Infantile (P.M.I.)</td><td/></tr><tr><td><a href="CodeSystem-TRE-R66-CategorieEtablissement.html#TRE-R66-CategorieEtablissement-224">224</a></td><td>Etablissement de Consultation Pré et Post-natale</td><td/></tr><tr><td><a href="CodeSystem-TRE-R66-CategorieEtablissement.html#TRE-R66-CategorieEtablissement-225">225</a></td><td>Consultations de Nourrissons</td><td/></tr><tr><td><a href="CodeSystem-TRE-R66-CategorieEtablissement.html#TRE-R66-CategorieEtablissement-228">228</a></td><td>Centre de Santé Sexuelle</td><td/></tr><tr><td><a href="CodeSystem-TRE-R66-CategorieEtablissement.html#TRE-R66-CategorieEtablissement-229">229</a></td><td>Consultation Problèmes naissance</td><td/></tr><tr><td><a href="CodeSystem-TRE-R66-CategorieEtablissement.html#TRE-R66-CategorieEtablissement-230">230</a></td><td>Etablissement Consultation Protection Infantile</td><td/></tr><tr><td><a href="CodeSystem-TRE-R66-CategorieEtablissement.html#TRE-R66-CategorieEtablissement-231">231</a></td><td>Etablissement Information Consultation Conseil Familial</td><td/></tr><tr><td><a href="CodeSystem-TRE-R66-CategorieEtablissement.html#TRE-R66-CategorieEtablissement-233">233</a></td><td>Lactarium</td><td/></tr><tr><td><a href="CodeSystem-TRE-R66-CategorieEtablissement.html#TRE-R66-CategorieEtablissement-236">236</a></td><td>Centre Placement Familial Socio-Educatif (C.P.F.S.E.)</td><td/></tr><tr><td><a href="CodeSystem-TRE-R66-CategorieEtablissement.html#TRE-R66-CategorieEtablissement-237">237</a></td><td>Centre de Placement Familial Spécialisé</td><td/></tr><tr><td><a href="CodeSystem-TRE-R66-CategorieEtablissement.html#TRE-R66-CategorieEtablissement-238">238</a></td><td>Centre d'Accueil Familial Spécialisé</td><td/></tr><tr><td><a href="CodeSystem-TRE-R66-CategorieEtablissement.html#TRE-R66-CategorieEtablissement-241">241</a></td><td>Établissement de Placement</td><td/></tr><tr><td><a href="CodeSystem-TRE-R66-CategorieEtablissement.html#TRE-R66-CategorieEtablissement-242">242</a></td><td>Service d'Activité de Jour</td><td/></tr><tr><td><a href="CodeSystem-TRE-R66-CategorieEtablissement.html#TRE-R66-CategorieEtablissement-246">246</a></td><td>Etablissement et Service d'Aide par le Travail (E.S.A.T.)</td><td/></tr><tr><td><a href="CodeSystem-TRE-R66-CategorieEtablissement.html#TRE-R66-CategorieEtablissement-247">247</a></td><td>Entreprise adaptée</td><td/></tr><tr><td><a href="CodeSystem-TRE-R66-CategorieEtablissement.html#TRE-R66-CategorieEtablissement-249">249</a></td><td>Établissement et Service de Réadaptation Professionnelle</td><td/></tr><tr><td><a href="CodeSystem-TRE-R66-CategorieEtablissement.html#TRE-R66-CategorieEtablissement-250">250</a></td><td>Centre Réentrainement au travail</td><td/></tr><tr><td><a href="CodeSystem-TRE-R66-CategorieEtablissement.html#TRE-R66-CategorieEtablissement-251">251</a></td><td>Maison Vacances pour Handicapés</td><td/></tr><tr><td><a href="CodeSystem-TRE-R66-CategorieEtablissement.html#TRE-R66-CategorieEtablissement-252">252</a></td><td>Foyer Hébergement Adultes Handicapés</td><td/></tr><tr><td><a href="CodeSystem-TRE-R66-CategorieEtablissement.html#TRE-R66-CategorieEtablissement-253">253</a></td><td>Foyer d'Accueil Polyvalent pour Adultes Handicapés</td><td/></tr><tr><td><a href="CodeSystem-TRE-R66-CategorieEtablissement.html#TRE-R66-CategorieEtablissement-255">255</a></td><td>Maison d'Accueil Spécialisée (M.A.S.)</td><td/></tr><tr><td><a href="CodeSystem-TRE-R66-CategorieEtablissement.html#TRE-R66-CategorieEtablissement-256">256</a></td><td>Foyer Travailleurs Migrants non transformé en Résidence Soc.</td><td/></tr><tr><td><a href="CodeSystem-TRE-R66-CategorieEtablissement.html#TRE-R66-CategorieEtablissement-257">257</a></td><td>Foyers de jeunes travailleurs</td><td/></tr><tr><td><a href="CodeSystem-TRE-R66-CategorieEtablissement.html#TRE-R66-CategorieEtablissement-258">258</a></td><td>Maisons Relais - Pensions de Famille</td><td/></tr><tr><td><a href="CodeSystem-TRE-R66-CategorieEtablissement.html#TRE-R66-CategorieEtablissement-259">259</a></td><td>Autres résidences sociales</td><td/></tr><tr><td><a href="CodeSystem-TRE-R66-CategorieEtablissement.html#TRE-R66-CategorieEtablissement-261">261</a></td><td>D.D.A.S.S.</td><td/></tr><tr><td><a href="CodeSystem-TRE-R66-CategorieEtablissement.html#TRE-R66-CategorieEtablissement-262">262</a></td><td>Etablissement Régional d'Enseignement Adapté</td><td/></tr><tr><td><a href="CodeSystem-TRE-R66-CategorieEtablissement.html#TRE-R66-CategorieEtablissement-265">265</a></td><td>Section Education Spéciale Classe Atelier</td><td/></tr><tr><td><a href="CodeSystem-TRE-R66-CategorieEtablissement.html#TRE-R66-CategorieEtablissement-266">266</a></td><td>Dispensaire Antivénérien</td><td/></tr><tr><td><a href="CodeSystem-TRE-R66-CategorieEtablissement.html#TRE-R66-CategorieEtablissement-267">267</a></td><td>Dispensaire Antihansénien</td><td/></tr><tr><td><a href="CodeSystem-TRE-R66-CategorieEtablissement.html#TRE-R66-CategorieEtablissement-268">268</a></td><td>Centre Médico-Scolaire</td><td/></tr><tr><td><a href="CodeSystem-TRE-R66-CategorieEtablissement.html#TRE-R66-CategorieEtablissement-269">269</a></td><td>Centre de Médecine Universitaire</td><td/></tr><tr><td><a href="CodeSystem-TRE-R66-CategorieEtablissement.html#TRE-R66-CategorieEtablissement-270">270</a></td><td>Centre de Médecine Sportive</td><td/></tr><tr><td><a href="CodeSystem-TRE-R66-CategorieEtablissement.html#TRE-R66-CategorieEtablissement-271">271</a></td><td>Maison d'accueil Hospitalière</td><td/></tr><tr><td><a href="CodeSystem-TRE-R66-CategorieEtablissement.html#TRE-R66-CategorieEtablissement-272">272</a></td><td>Ecole d'ambulanciers</td><td/></tr><tr><td><a href="CodeSystem-TRE-R66-CategorieEtablissement.html#TRE-R66-CategorieEtablissement-273">273</a></td><td>Institut de formation en soins infirmiers (I.F.S.I.)</td><td/></tr><tr><td><a href="CodeSystem-TRE-R66-CategorieEtablissement.html#TRE-R66-CategorieEtablissement-274">274</a></td><td>Ecole de sages_femmes</td><td/></tr><tr><td><a href="CodeSystem-TRE-R66-CategorieEtablissement.html#TRE-R66-CategorieEtablissement-275">275</a></td><td>Ecole de masseurs-kinésithérapeutes</td><td/></tr><tr><td><a href="CodeSystem-TRE-R66-CategorieEtablissement.html#TRE-R66-CategorieEtablissement-276">276</a></td><td>Ecole de laborantins d'analyses médicales</td><td/></tr><tr><td><a href="CodeSystem-TRE-R66-CategorieEtablissement.html#TRE-R66-CategorieEtablissement-277">277</a></td><td>Ecole de péricultrices</td><td/></tr><tr><td><a href="CodeSystem-TRE-R66-CategorieEtablissement.html#TRE-R66-CategorieEtablissement-278">278</a></td><td>Etablissement de formation polyvalent</td><td/></tr><tr><td><a href="CodeSystem-TRE-R66-CategorieEtablissement.html#TRE-R66-CategorieEtablissement-279">279</a></td><td>Ecole de service social</td><td/></tr><tr><td><a href="CodeSystem-TRE-R66-CategorieEtablissement.html#TRE-R66-CategorieEtablissement-280">280</a></td><td>Ecole d'éducateurs spécialisés</td><td/></tr><tr><td><a href="CodeSystem-TRE-R66-CategorieEtablissement.html#TRE-R66-CategorieEtablissement-281">281</a></td><td>Centre de formation d'aides soignants</td><td/></tr><tr><td><a href="CodeSystem-TRE-R66-CategorieEtablissement.html#TRE-R66-CategorieEtablissement-282">282</a></td><td>Ecole de pédicures-podologues</td><td/></tr><tr><td><a href="CodeSystem-TRE-R66-CategorieEtablissement.html#TRE-R66-CategorieEtablissement-283">283</a></td><td>Ecole de manipulateurs d'électro-radiologie</td><td/></tr><tr><td><a href="CodeSystem-TRE-R66-CategorieEtablissement.html#TRE-R66-CategorieEtablissement-284">284</a></td><td>Ecole de travailleuses familiales</td><td/></tr><tr><td><a href="CodeSystem-TRE-R66-CategorieEtablissement.html#TRE-R66-CategorieEtablissement-285">285</a></td><td>Centres de Loisirs sans Hébergement</td><td/></tr><tr><td><a href="CodeSystem-TRE-R66-CategorieEtablissement.html#TRE-R66-CategorieEtablissement-286">286</a></td><td>Club Equipe de Prévention</td><td/></tr><tr><td><a href="CodeSystem-TRE-R66-CategorieEtablissement.html#TRE-R66-CategorieEtablissement-289">289</a></td><td>Centre de Soins Infirmiers</td><td/></tr><tr><td><a href="CodeSystem-TRE-R66-CategorieEtablissement.html#TRE-R66-CategorieEtablissement-292">292</a></td><td>Centre Hospitalier Spécialisé lutte Maladies Mentales</td><td/></tr><tr><td><a href="CodeSystem-TRE-R66-CategorieEtablissement.html#TRE-R66-CategorieEtablissement-294">294</a></td><td>Centre de Consultations Cancer</td><td/></tr><tr><td><a href="CodeSystem-TRE-R66-CategorieEtablissement.html#TRE-R66-CategorieEtablissement-295">295</a></td><td>Service AEMO et AED</td><td/></tr><tr><td><a href="CodeSystem-TRE-R66-CategorieEtablissement.html#TRE-R66-CategorieEtablissement-297">297</a></td><td>Dispensaire Polyvalent</td><td/></tr><tr><td><a href="CodeSystem-TRE-R66-CategorieEtablissement.html#TRE-R66-CategorieEtablissement-300">300</a></td><td>Ecoles Formant aux Professions Sanitaires</td><td/></tr><tr><td><a href="CodeSystem-TRE-R66-CategorieEtablissement.html#TRE-R66-CategorieEtablissement-303">303</a></td><td>Ecole de conseillers en économie sociale et familiale</td><td/></tr><tr><td><a href="CodeSystem-TRE-R66-CategorieEtablissement.html#TRE-R66-CategorieEtablissement-304">304</a></td><td>Ecole d'ergothérapeutes</td><td/></tr><tr><td><a href="CodeSystem-TRE-R66-CategorieEtablissement.html#TRE-R66-CategorieEtablissement-305">305</a></td><td>Ecole de psycho-motriciens</td><td/></tr><tr><td><a href="CodeSystem-TRE-R66-CategorieEtablissement.html#TRE-R66-CategorieEtablissement-306">306</a></td><td>Ecole d'infirmiers anesthésistes</td><td/></tr><tr><td><a href="CodeSystem-TRE-R66-CategorieEtablissement.html#TRE-R66-CategorieEtablissement-307">307</a></td><td>Ecole d'infirmiers de bloc opératoire</td><td/></tr><tr><td><a href="CodeSystem-TRE-R66-CategorieEtablissement.html#TRE-R66-CategorieEtablissement-308">308</a></td><td>Centre de formation professionnelle de secteur psychiatrique</td><td/></tr><tr><td><a href="CodeSystem-TRE-R66-CategorieEtablissement.html#TRE-R66-CategorieEtablissement-309">309</a></td><td>Ecole de cadres infirmiers</td><td/></tr><tr><td><a href="CodeSystem-TRE-R66-CategorieEtablissement.html#TRE-R66-CategorieEtablissement-310">310</a></td><td>Ecole de cadres de secteur psychiatrique</td><td/></tr><tr><td><a href="CodeSystem-TRE-R66-CategorieEtablissement.html#TRE-R66-CategorieEtablissement-311">311</a></td><td>Ecole de cadres de masseurs-kinésithérapeutes</td><td/></tr><tr><td><a href="CodeSystem-TRE-R66-CategorieEtablissement.html#TRE-R66-CategorieEtablissement-312">312</a></td><td>Ecole de cadres de manipulateurs d'électro-radiologie</td><td/></tr><tr><td><a href="CodeSystem-TRE-R66-CategorieEtablissement.html#TRE-R66-CategorieEtablissement-313">313</a></td><td>Ecole d'éducateurs de jeunes enfants</td><td/></tr><tr><td><a href="CodeSystem-TRE-R66-CategorieEtablissement.html#TRE-R66-CategorieEtablissement-314">314</a></td><td>Ecole d'éducateurs techniques spécialisés</td><td/></tr><tr><td><a href="CodeSystem-TRE-R66-CategorieEtablissement.html#TRE-R66-CategorieEtablissement-315">315</a></td><td>Ecole de moniteurs-éducateurs</td><td/></tr><tr><td><a href="CodeSystem-TRE-R66-CategorieEtablissement.html#TRE-R66-CategorieEtablissement-316">316</a></td><td>Ecole d'aides médico-psychologiques</td><td/></tr><tr><td><a href="CodeSystem-TRE-R66-CategorieEtablissement.html#TRE-R66-CategorieEtablissement-317">317</a></td><td>Ecole d'animateurs socio-éducatifs</td><td/></tr><tr><td><a href="CodeSystem-TRE-R66-CategorieEtablissement.html#TRE-R66-CategorieEtablissement-319">319</a></td><td>Inst. régional de formation des travailleurs sociaux</td><td/></tr><tr><td><a href="CodeSystem-TRE-R66-CategorieEtablissement.html#TRE-R66-CategorieEtablissement-320">320</a></td><td>S.A.M.U. et Centre 15</td><td/></tr><tr><td><a href="CodeSystem-TRE-R66-CategorieEtablissement.html#TRE-R66-CategorieEtablissement-321">321</a></td><td>Unité Mobile Hospitalière</td><td/></tr><tr><td><a href="CodeSystem-TRE-R66-CategorieEtablissement.html#TRE-R66-CategorieEtablissement-322">322</a></td><td>Centre Rég.Informatiq.Hospit.</td><td/></tr><tr><td><a href="CodeSystem-TRE-R66-CategorieEtablissement.html#TRE-R66-CategorieEtablissement-324">324</a></td><td>Logement Foyer non Spécialisé</td><td/></tr><tr><td><a href="CodeSystem-TRE-R66-CategorieEtablissement.html#TRE-R66-CategorieEtablissement-326">326</a></td><td>Ecole de cadres</td><td/></tr><tr><td><a href="CodeSystem-TRE-R66-CategorieEtablissement.html#TRE-R66-CategorieEtablissement-327">327</a></td><td>Service d'Ambulances</td><td/></tr><tr><td><a href="CodeSystem-TRE-R66-CategorieEtablissement.html#TRE-R66-CategorieEtablissement-328">328</a></td><td>Centre Consultation Soins Dentaire</td><td/></tr><tr><td><a href="CodeSystem-TRE-R66-CategorieEtablissement.html#TRE-R66-CategorieEtablissement-329">329</a></td><td>Sectorisation Psychiatrique</td><td/></tr><tr><td><a href="CodeSystem-TRE-R66-CategorieEtablissement.html#TRE-R66-CategorieEtablissement-330">330</a></td><td>Ecoles Formant aux Professions Sociales</td><td/></tr><tr><td><a href="CodeSystem-TRE-R66-CategorieEtablissement.html#TRE-R66-CategorieEtablissement-340">340</a></td><td>Service mandataire judiciaire à la protection des majeurs</td><td/></tr><tr><td><a href="CodeSystem-TRE-R66-CategorieEtablissement.html#TRE-R66-CategorieEtablissement-341">341</a></td><td>Service dédié mesures d'accompagnement social personnalisé</td><td/></tr><tr><td><a href="CodeSystem-TRE-R66-CategorieEtablissement.html#TRE-R66-CategorieEtablissement-342">342</a></td><td>Service d'information et de soutien aux tuteurs familiaux</td><td/></tr><tr><td><a href="CodeSystem-TRE-R66-CategorieEtablissement.html#TRE-R66-CategorieEtablissement-343">343</a></td><td>Equipe Préparation et Suite Reclassement (EPSR)</td><td/></tr><tr><td><a href="CodeSystem-TRE-R66-CategorieEtablissement.html#TRE-R66-CategorieEtablissement-344">344</a></td><td>Service délégué aux prestations familiales</td><td/></tr><tr><td><a href="CodeSystem-TRE-R66-CategorieEtablissement.html#TRE-R66-CategorieEtablissement-345">345</a></td><td>Service Tutelle Prestation Sociale</td><td/></tr><tr><td><a href="CodeSystem-TRE-R66-CategorieEtablissement.html#TRE-R66-CategorieEtablissement-346">346</a></td><td>Service de Travailleuses Familiales</td><td/></tr><tr><td><a href="CodeSystem-TRE-R66-CategorieEtablissement.html#TRE-R66-CategorieEtablissement-347">347</a></td><td>Centre d'Examens de Santé</td><td/></tr><tr><td><a href="CodeSystem-TRE-R66-CategorieEtablissement.html#TRE-R66-CategorieEtablissement-349">349</a></td><td>Ecole de cadres de sages-femmes</td><td/></tr><tr><td><a href="CodeSystem-TRE-R66-CategorieEtablissement.html#TRE-R66-CategorieEtablissement-350">350</a></td><td>Centre de formation d'auxiliaires de puériculture</td><td/></tr><tr><td><a href="CodeSystem-TRE-R66-CategorieEtablissement.html#TRE-R66-CategorieEtablissement-352">352</a></td><td>Centre de Psychothérapie</td><td/></tr><tr><td><a href="CodeSystem-TRE-R66-CategorieEtablissement.html#TRE-R66-CategorieEtablissement-353">353</a></td><td>Hôpital de Jour Spécialités Médicales</td><td/></tr><tr><td><a href="CodeSystem-TRE-R66-CategorieEtablissement.html#TRE-R66-CategorieEtablissement-354">354</a></td><td>Service de Soins Infirmiers A Domicile (S.S.I.A.D)</td><td/></tr><tr><td><a href="CodeSystem-TRE-R66-CategorieEtablissement.html#TRE-R66-CategorieEtablissement-355">355</a></td><td>Centre Hospitalier (C.H.)</td><td/></tr><tr><td><a href="CodeSystem-TRE-R66-CategorieEtablissement.html#TRE-R66-CategorieEtablissement-357">357</a></td><td>Association Aide aux Insuffisants Respiratoires</td><td/></tr><tr><td><a href="CodeSystem-TRE-R66-CategorieEtablissement.html#TRE-R66-CategorieEtablissement-359">359</a></td><td>Centre Circonscription Sanitaire et Sociale</td><td/></tr><tr><td><a href="CodeSystem-TRE-R66-CategorieEtablissement.html#TRE-R66-CategorieEtablissement-361">361</a></td><td>Centre de Cure Médicale</td><td/></tr><tr><td><a href="CodeSystem-TRE-R66-CategorieEtablissement.html#TRE-R66-CategorieEtablissement-362">362</a></td><td>Etablissement de Soins Longue Durée</td><td/></tr><tr><td><a href="CodeSystem-TRE-R66-CategorieEtablissement.html#TRE-R66-CategorieEtablissement-363">363</a></td><td>Centre moyen et long séjour</td><td/></tr><tr><td><a href="CodeSystem-TRE-R66-CategorieEtablissement.html#TRE-R66-CategorieEtablissement-365">365</a></td><td>Etablissement de Soins Pluridisciplinaire</td><td/></tr><tr><td><a href="CodeSystem-TRE-R66-CategorieEtablissement.html#TRE-R66-CategorieEtablissement-366">366</a></td><td>Atelier Thérapeutique</td><td/></tr><tr><td><a href="CodeSystem-TRE-R66-CategorieEtablissement.html#TRE-R66-CategorieEtablissement-367">367</a></td><td>Maison d'Enfants non Conventionnée ni Habilitée</td><td/></tr><tr><td><a href="CodeSystem-TRE-R66-CategorieEtablissement.html#TRE-R66-CategorieEtablissement-368">368</a></td><td>Service de Repas à Domicile</td><td/></tr><tr><td><a href="CodeSystem-TRE-R66-CategorieEtablissement.html#TRE-R66-CategorieEtablissement-369">369</a></td><td>Centre Adaptation Vie Active (C.A.V.A.)</td><td/></tr><tr><td><a href="CodeSystem-TRE-R66-CategorieEtablissement.html#TRE-R66-CategorieEtablissement-370">370</a></td><td>Etablissement Expérimental pour personnes handicapées</td><td/></tr><tr><td><a href="CodeSystem-TRE-R66-CategorieEtablissement.html#TRE-R66-CategorieEtablissement-371">371</a></td><td>Service Action Socio-Educative pour Familles en difficulté</td><td/></tr><tr><td><a href="CodeSystem-TRE-R66-CategorieEtablissement.html#TRE-R66-CategorieEtablissement-373">373</a></td><td>Centre de formation supérieure des travailleurs sociaux</td><td/></tr><tr><td><a href="CodeSystem-TRE-R66-CategorieEtablissement.html#TRE-R66-CategorieEtablissement-374">374</a></td><td>Ecole Nationale Santé Publique (E.N.S.P.)</td><td/></tr><tr><td><a href="CodeSystem-TRE-R66-CategorieEtablissement.html#TRE-R66-CategorieEtablissement-375">375</a></td><td>Classe d'Adaptation</td><td/></tr><tr><td><a href="CodeSystem-TRE-R66-CategorieEtablissement.html#TRE-R66-CategorieEtablissement-376">376</a></td><td>Classe Spéciale Ecole Primaire</td><td/></tr><tr><td><a href="CodeSystem-TRE-R66-CategorieEtablissement.html#TRE-R66-CategorieEtablissement-377">377</a></td><td>Etablissement Expérimental pour Enfance Handicapée</td><td/></tr><tr><td><a href="CodeSystem-TRE-R66-CategorieEtablissement.html#TRE-R66-CategorieEtablissement-378">378</a></td><td>Etablissement Expérimental Enfance Protégée</td><td/></tr><tr><td><a href="CodeSystem-TRE-R66-CategorieEtablissement.html#TRE-R66-CategorieEtablissement-379">379</a></td><td>Etablissement Expérimental pour Adultes Handicapés</td><td/></tr><tr><td><a href="CodeSystem-TRE-R66-CategorieEtablissement.html#TRE-R66-CategorieEtablissement-380">380</a></td><td>Etablissement Expérimental Autres Adultes</td><td/></tr><tr><td><a href="CodeSystem-TRE-R66-CategorieEtablissement.html#TRE-R66-CategorieEtablissement-381">381</a></td><td>Etablissement Expérimental pour Personnes Agées</td><td/></tr><tr><td><a href="CodeSystem-TRE-R66-CategorieEtablissement.html#TRE-R66-CategorieEtablissement-382">382</a></td><td>Foyer de Vie pour Adultes Handicapés</td><td/></tr><tr><td><a href="CodeSystem-TRE-R66-CategorieEtablissement.html#TRE-R66-CategorieEtablissement-386">386</a></td><td>Ecole Secondaire Spéciale</td><td/></tr><tr><td><a href="CodeSystem-TRE-R66-CategorieEtablissement.html#TRE-R66-CategorieEtablissement-390">390</a></td><td>Etablissement d'Accueil Temporaire d'Enfants Handicapés</td><td/></tr><tr><td><a href="CodeSystem-TRE-R66-CategorieEtablissement.html#TRE-R66-CategorieEtablissement-393">393</a></td><td>Autre résidence But lucratif pr personnes Âgées</td><td/></tr><tr><td><a href="CodeSystem-TRE-R66-CategorieEtablissement.html#TRE-R66-CategorieEtablissement-394">394</a></td><td>Etablissement d'Accueil Temporaire pour Personnes Agées</td><td/></tr><tr><td><a href="CodeSystem-TRE-R66-CategorieEtablissement.html#TRE-R66-CategorieEtablissement-395">395</a></td><td>Etablissement d'Accueil Temporaire pour Adultes Handicapés</td><td/></tr><tr><td><a href="CodeSystem-TRE-R66-CategorieEtablissement.html#TRE-R66-CategorieEtablissement-396">396</a></td><td>Foyer Hébergement Enfants et Adolescents Handicapés</td><td/></tr><tr><td><a href="CodeSystem-TRE-R66-CategorieEtablissement.html#TRE-R66-CategorieEtablissement-397">397</a></td><td>Service Auxiliaire de Vie pour Handicapés</td><td/></tr><tr><td><a href="CodeSystem-TRE-R66-CategorieEtablissement.html#TRE-R66-CategorieEtablissement-398">398</a></td><td>Crèche Parentale</td><td/></tr><tr><td><a href="CodeSystem-TRE-R66-CategorieEtablissement.html#TRE-R66-CategorieEtablissement-399">399</a></td><td>Halte Garderie Parentale</td><td/></tr><tr><td><a href="CodeSystem-TRE-R66-CategorieEtablissement.html#TRE-R66-CategorieEtablissement-400">400</a></td><td>Centre de Services pour Associations</td><td/></tr><tr><td><a href="CodeSystem-TRE-R66-CategorieEtablissement.html#TRE-R66-CategorieEtablissement-401">401</a></td><td>D.R.A.S.S.</td><td/></tr><tr><td><a href="CodeSystem-TRE-R66-CategorieEtablissement.html#TRE-R66-CategorieEtablissement-402">402</a></td><td>Jardin d'Enfants Spécialisé</td><td/></tr><tr><td><a href="CodeSystem-TRE-R66-CategorieEtablissement.html#TRE-R66-CategorieEtablissement-403">403</a></td><td>Service Social Spécialisé ou Polyvalent de Catégorie</td><td/></tr><tr><td><a href="CodeSystem-TRE-R66-CategorieEtablissement.html#TRE-R66-CategorieEtablissement-404">404</a></td><td>Etablissement Acc.Collect.Parental Régulier &amp; Occasionnel</td><td/></tr><tr><td><a href="CodeSystem-TRE-R66-CategorieEtablissement.html#TRE-R66-CategorieEtablissement-405">405</a></td><td>Service Social Polyvalent de Secteur</td><td/></tr><tr><td><a href="CodeSystem-TRE-R66-CategorieEtablissement.html#TRE-R66-CategorieEtablissement-411">411</a></td><td>Intermédiaire de Placement Social</td><td/></tr><tr><td><a href="CodeSystem-TRE-R66-CategorieEtablissement.html#TRE-R66-CategorieEtablissement-412">412</a></td><td>Appartement Thérapeutique</td><td/></tr><tr><td><a href="CodeSystem-TRE-R66-CategorieEtablissement.html#TRE-R66-CategorieEtablissement-413">413</a></td><td>C.E.C.O.S</td><td/></tr><tr><td><a href="CodeSystem-TRE-R66-CategorieEtablissement.html#TRE-R66-CategorieEtablissement-414">414</a></td><td>Centre Anti Poison</td><td/></tr><tr><td><a href="CodeSystem-TRE-R66-CategorieEtablissement.html#TRE-R66-CategorieEtablissement-415">415</a></td><td>Service Médico-Psychologique Régional (S.M.P.R.)</td><td/></tr><tr><td><a href="CodeSystem-TRE-R66-CategorieEtablissement.html#TRE-R66-CategorieEtablissement-419">419</a></td><td>Centre d'Accueil Toxicomanes</td><td/></tr><tr><td><a href="CodeSystem-TRE-R66-CategorieEtablissement.html#TRE-R66-CategorieEtablissement-420">420</a></td><td>Entreprise d'Insertion</td><td/></tr><tr><td><a href="CodeSystem-TRE-R66-CategorieEtablissement.html#TRE-R66-CategorieEtablissement-421">421</a></td><td>Centre d'enseignement aux secours d'urgence</td><td/></tr><tr><td><a href="CodeSystem-TRE-R66-CategorieEtablissement.html#TRE-R66-CategorieEtablissement-422">422</a></td><td>Traitements Spécialisés à Domicile</td><td/></tr><tr><td><a href="CodeSystem-TRE-R66-CategorieEtablissement.html#TRE-R66-CategorieEtablissement-423">423</a></td><td>Ecole des cadres de laborantins d'analyses médicales</td><td/></tr><tr><td><a href="CodeSystem-TRE-R66-CategorieEtablissement.html#TRE-R66-CategorieEtablissement-425">425</a></td><td>Centre d'Accueil Thérapeutique à temps partiel (C.A.T.T.P.)</td><td/></tr><tr><td><a href="CodeSystem-TRE-R66-CategorieEtablissement.html#TRE-R66-CategorieEtablissement-426">426</a></td><td>Syndicat Inter Hospitalier (S.I.H.)</td><td/></tr><tr><td><a href="CodeSystem-TRE-R66-CategorieEtablissement.html#TRE-R66-CategorieEtablissement-430">430</a></td><td>Centre Postcure Malades Mentaux</td><td/></tr><tr><td><a href="CodeSystem-TRE-R66-CategorieEtablissement.html#TRE-R66-CategorieEtablissement-431">431</a></td><td>Centre Postcure pour Alcooliques</td><td/></tr><tr><td><a href="CodeSystem-TRE-R66-CategorieEtablissement.html#TRE-R66-CategorieEtablissement-432">432</a></td><td>Centre Postcure pour Toxicomanes</td><td/></tr><tr><td><a href="CodeSystem-TRE-R66-CategorieEtablissement.html#TRE-R66-CategorieEtablissement-433">433</a></td><td>Etablissement Sanitaire des Prisons</td><td/></tr><tr><td><a href="CodeSystem-TRE-R66-CategorieEtablissement.html#TRE-R66-CategorieEtablissement-434">434</a></td><td>Classe Spéciale en Ecole Maternelle</td><td/></tr><tr><td><a href="CodeSystem-TRE-R66-CategorieEtablissement.html#TRE-R66-CategorieEtablissement-435">435</a></td><td>Centre de formation d'aide à domicile</td><td/></tr><tr><td><a href="CodeSystem-TRE-R66-CategorieEtablissement.html#TRE-R66-CategorieEtablissement-436">436</a></td><td>Ecoles Formant aux Professions Sanitaires et Sociales</td><td/></tr><tr><td><a href="CodeSystem-TRE-R66-CategorieEtablissement.html#TRE-R66-CategorieEtablissement-437">437</a></td><td>Foyer d'Accueil Médicalisé pour Adultes Handicapés (F.A.M.)</td><td/></tr><tr><td><a href="CodeSystem-TRE-R66-CategorieEtablissement.html#TRE-R66-CategorieEtablissement-438">438</a></td><td>Centre de Médecine collective</td><td/></tr><tr><td><a href="CodeSystem-TRE-R66-CategorieEtablissement.html#TRE-R66-CategorieEtablissement-439">439</a></td><td>Centre Santé Polyvalent</td><td/></tr><tr><td><a href="CodeSystem-TRE-R66-CategorieEtablissement.html#TRE-R66-CategorieEtablissement-440">440</a></td><td>Service d'Investigation Educative</td><td/></tr><tr><td><a href="CodeSystem-TRE-R66-CategorieEtablissement.html#TRE-R66-CategorieEtablissement-441">441</a></td><td>Service d'Intervention Educative en Milieu Ouvert</td><td/></tr><tr><td><a href="CodeSystem-TRE-R66-CategorieEtablissement.html#TRE-R66-CategorieEtablissement-442">442</a></td><td>Centre Provisoire Hébergement (C.P.H.)</td><td/></tr><tr><td><a href="CodeSystem-TRE-R66-CategorieEtablissement.html#TRE-R66-CategorieEtablissement-443">443</a></td><td>Centre Accueil Demandeurs Asile (C.A.D.A.)</td><td/></tr><tr><td><a href="CodeSystem-TRE-R66-CategorieEtablissement.html#TRE-R66-CategorieEtablissement-444">444</a></td><td>Centre Crise Accueil Permanent</td><td/></tr><tr><td><a href="CodeSystem-TRE-R66-CategorieEtablissement.html#TRE-R66-CategorieEtablissement-445">445</a></td><td>Service d'accompagnement médico-social adultes handicapés</td><td/></tr><tr><td><a href="CodeSystem-TRE-R66-CategorieEtablissement.html#TRE-R66-CategorieEtablissement-446">446</a></td><td>Service d'Accompagnement à la Vie Sociale (S.A.V.S.)</td><td/></tr><tr><td><a href="CodeSystem-TRE-R66-CategorieEtablissement.html#TRE-R66-CategorieEtablissement-447">447</a></td><td>Entreprise Intérim Insertion</td><td/></tr><tr><td><a href="CodeSystem-TRE-R66-CategorieEtablissement.html#TRE-R66-CategorieEtablissement-448">448</a></td><td>Etab.Acc.Médicalisé en tout ou partie personnes handicapées</td><td/></tr><tr><td><a href="CodeSystem-TRE-R66-CategorieEtablissement.html#TRE-R66-CategorieEtablissement-449">449</a></td><td>Etab.Accueil Non Médicalisé pour personnes handicapées</td><td/></tr><tr><td><a href="CodeSystem-TRE-R66-CategorieEtablissement.html#TRE-R66-CategorieEtablissement-450">450</a></td><td>Service d'Aide aux Personnes Agées</td><td/></tr><tr><td><a href="CodeSystem-TRE-R66-CategorieEtablissement.html#TRE-R66-CategorieEtablissement-451">451</a></td><td>Service d'Aide aux Familles en Difficulté</td><td/></tr><tr><td><a href="CodeSystem-TRE-R66-CategorieEtablissement.html#TRE-R66-CategorieEtablissement-452">452</a></td><td>Régie de Quartier</td><td/></tr><tr><td><a href="CodeSystem-TRE-R66-CategorieEtablissement.html#TRE-R66-CategorieEtablissement-460">460</a></td><td>Service autonomie aide (SAA)</td><td/></tr><tr><td><a href="CodeSystem-TRE-R66-CategorieEtablissement.html#TRE-R66-CategorieEtablissement-461">461</a></td><td>Centres de Ressources S.A.I. (Sans Aucune Indication)</td><td/></tr><tr><td><a href="CodeSystem-TRE-R66-CategorieEtablissement.html#TRE-R66-CategorieEtablissement-462">462</a></td><td>Lieux de Vie et d'Accueil</td><td/></tr><tr><td><a href="CodeSystem-TRE-R66-CategorieEtablissement.html#TRE-R66-CategorieEtablissement-463">463</a></td><td>Centres Locaux Information Coordination P.A.(C.L.I.C.)</td><td/></tr><tr><td><a href="CodeSystem-TRE-R66-CategorieEtablissement.html#TRE-R66-CategorieEtablissement-464">464</a></td><td>Unités Evaluation Réentraînement et d'Orient. Soc. et Pro.</td><td/></tr><tr><td><a href="CodeSystem-TRE-R66-CategorieEtablissement.html#TRE-R66-CategorieEtablissement-500">500</a></td><td>Etablissement d'hébergement pour personnes âgées dépendantes</td><td/></tr><tr><td><a href="CodeSystem-TRE-R66-CategorieEtablissement.html#TRE-R66-CategorieEtablissement-501">501</a></td><td>EHPA percevant des crédits d'assurance maladie</td><td/></tr><tr><td><a href="CodeSystem-TRE-R66-CategorieEtablissement.html#TRE-R66-CategorieEtablissement-502">502</a></td><td>EHPA ne percevant pas des crédits d'assurance maladie</td><td/></tr><tr><td><a href="CodeSystem-TRE-R66-CategorieEtablissement.html#TRE-R66-CategorieEtablissement-601">601</a></td><td>Cabinet Libéral Médical</td><td/></tr><tr><td><a href="CodeSystem-TRE-R66-CategorieEtablissement.html#TRE-R66-CategorieEtablissement-602">602</a></td><td>Cabinet de Groupe</td><td/></tr><tr><td><a href="CodeSystem-TRE-R66-CategorieEtablissement.html#TRE-R66-CategorieEtablissement-603">603</a></td><td>Maison de santé (L.6223-3)</td><td/></tr><tr><td><a href="CodeSystem-TRE-R66-CategorieEtablissement.html#TRE-R66-CategorieEtablissement-604">604</a></td><td>Communauté Professionnelle Territoriale de Santé (CPTS)</td><td>Les Communautés Professionnelles Territoriales de Santé (CPTS) ont été créées par la loi de modernisation de notre système de santé du 26 janvier 2016 (cf. articles Article L1434-12 et Article L1434-13 du code de la Santé Publique). Leur enregistrement est régi par l'instruction DGOS/DIR/DREES/DMSI/2020/12. Les CPTS sont un espace d'organisation et de coordination entre professionnels de santé et non pas des structures de soins : elles regroupent les professionnels de santé d'un même territoire qui souhaitent s'organiser - à leur initiative - autour d'un projet de santé pour répondre aux besoins de santé de la population. Les CPTS sont constituées entre des professionnels de santé, le cas échéant de maisons de santé, de centres de santé, de réseaux de santé, d'établissements de santé, d'établissements et de services médico-sociaux, des groupements de coopération sanitaire, et des groupements de coopération sociale et médicosociale. Grâce à l'accord conventionnel interprofessionnel (ACI) intervenu en 2019, les CPTS dont le projet de santé est validé par l'ARS sont enregistrés dans FINESS et peuvent bénéficier de financement de l'assurance maladie  Ne sont enregistrés dans FINESS que l'Entité Juridique et le siège social. Les établissements et professionnels constitutif d'une CPTS ne sont pas enregistrés dans FINESS.</td></tr><tr><td><a href="CodeSystem-TRE-R66-CategorieEtablissement.html#TRE-R66-CategorieEtablissement-605">605</a></td><td>Cabinet d'Auxiliaires Médicaux</td><td/></tr><tr><td><a href="CodeSystem-TRE-R66-CategorieEtablissement.html#TRE-R66-CategorieEtablissement-606">606</a></td><td>Dispositif d'appui à la coordination (DAC)</td><td/></tr><tr><td><a href="CodeSystem-TRE-R66-CategorieEtablissement.html#TRE-R66-CategorieEtablissement-607">607</a></td><td>Groupement Régional d'Appui au Développement de la e-Santé (GRADeS)</td><td/></tr><tr><td><a href="CodeSystem-TRE-R66-CategorieEtablissement.html#TRE-R66-CategorieEtablissement-608">608</a></td><td>Equipe mobile médico-sociale précarité (EMMSP)</td><td/></tr><tr><td><a href="CodeSystem-TRE-R66-CategorieEtablissement.html#TRE-R66-CategorieEtablissement-609">609</a></td><td>Maison Départementale pour Personnes Handicapées (MDPH)</td><td/></tr><tr><td><a href="CodeSystem-TRE-R66-CategorieEtablissement.html#TRE-R66-CategorieEtablissement-610">610</a></td><td>Laboratoire d'Analyses</td><td/></tr><tr><td><a href="CodeSystem-TRE-R66-CategorieEtablissement.html#TRE-R66-CategorieEtablissement-611">611</a></td><td>Laboratoire de Biologie Médicale</td><td/></tr><tr><td><a href="CodeSystem-TRE-R66-CategorieEtablissement.html#TRE-R66-CategorieEtablissement-612">612</a></td><td>Autre Laboratoire de Biologie Médicale sans FSE</td><td/></tr><tr><td><a href="CodeSystem-TRE-R66-CategorieEtablissement.html#TRE-R66-CategorieEtablissement-614">614</a></td><td>Dispositif Spécifique Régional du Cancer (DSRC)</td><td/></tr><tr><td><a href="CodeSystem-TRE-R66-CategorieEtablissement.html#TRE-R66-CategorieEtablissement-616">616</a></td><td>Services de Prévention et de Santé au Travail (SPST)</td><td/></tr><tr><td><a href="CodeSystem-TRE-R66-CategorieEtablissement.html#TRE-R66-CategorieEtablissement-617">617</a></td><td>Maison médicale de garde (MMG)</td><td/></tr><tr><td><a href="CodeSystem-TRE-R66-CategorieEtablissement.html#TRE-R66-CategorieEtablissement-618">618</a></td><td>Autre structure de soins non programmés (SNP)</td><td/></tr><tr><td><a href="CodeSystem-TRE-R66-CategorieEtablissement.html#TRE-R66-CategorieEtablissement-620">620</a></td><td>Pharmacie d'Officine</td><td/></tr><tr><td><a href="CodeSystem-TRE-R66-CategorieEtablissement.html#TRE-R66-CategorieEtablissement-621">621</a></td><td>Lunetterie Médicale</td><td/></tr><tr><td><a href="CodeSystem-TRE-R66-CategorieEtablissement.html#TRE-R66-CategorieEtablissement-622">622</a></td><td>Centre d'Appareillage &amp; Prothèse</td><td/></tr><tr><td><a href="CodeSystem-TRE-R66-CategorieEtablissement.html#TRE-R66-CategorieEtablissement-623">623</a></td><td>Herboristerie</td><td/></tr><tr><td><a href="CodeSystem-TRE-R66-CategorieEtablissement.html#TRE-R66-CategorieEtablissement-624">624</a></td><td>Laboratoire pharmaceutique préparant délivrant allergènes</td><td/></tr><tr><td><a href="CodeSystem-TRE-R66-CategorieEtablissement.html#TRE-R66-CategorieEtablissement-627">627</a></td><td>Propharmacie</td><td/></tr><tr><td><a href="CodeSystem-TRE-R66-CategorieEtablissement.html#TRE-R66-CategorieEtablissement-628">628</a></td><td>Pharmacie Minière</td><td/></tr><tr><td><a href="CodeSystem-TRE-R66-CategorieEtablissement.html#TRE-R66-CategorieEtablissement-629">629</a></td><td>Pharmacie Mutualiste</td><td/></tr><tr><td><a href="CodeSystem-TRE-R66-CategorieEtablissement.html#TRE-R66-CategorieEtablissement-630">630</a></td><td>Installation autonome de chirurgie esthétique</td><td/></tr><tr><td><a href="CodeSystem-TRE-R66-CategorieEtablissement.html#TRE-R66-CategorieEtablissement-631">631</a></td><td>Maisons de naissance</td><td/></tr><tr><td><a href="CodeSystem-TRE-R66-CategorieEtablissement.html#TRE-R66-CategorieEtablissement-632">632</a></td><td>Structure Dispensatrice à domicile d'Oxygène à usage médical</td><td/></tr><tr><td><a href="CodeSystem-TRE-R66-CategorieEtablissement.html#TRE-R66-CategorieEtablissement-633">633</a></td><td>Structure Expérimentale en Santé</td><td/></tr><tr><td><a href="CodeSystem-TRE-R66-CategorieEtablissement.html#TRE-R66-CategorieEtablissement-636">636</a></td><td>Centre de soins et de prévention</td><td/></tr><tr><td><a href="CodeSystem-TRE-R66-CategorieEtablissement.html#TRE-R66-CategorieEtablissement-637">637</a></td><td>Centre de Lutte Antituberculeuse (CLAT)</td><td/></tr><tr><td><a href="CodeSystem-TRE-R66-CategorieEtablissement.html#TRE-R66-CategorieEtablissement-638">638</a></td><td>Centre gratuit d'information de dépistage et de diagnostic (CeGIDD)</td><td/></tr><tr><td><a href="CodeSystem-TRE-R66-CategorieEtablissement.html#TRE-R66-CategorieEtablissement-639">639</a></td><td>Sociétés de téléconsultation (STLC)</td><td/></tr><tr><td><a href="CodeSystem-TRE-R66-CategorieEtablissement.html#TRE-R66-CategorieEtablissement-640">640</a></td><td>Service d'aide et d'accompagnement à domicile aux familles (SAADF)</td><td/></tr><tr><td><a href="CodeSystem-TRE-R66-CategorieEtablissement.html#TRE-R66-CategorieEtablissement-641">641</a></td><td>Antenne de Pharmacie d'officine</td><td/></tr><tr><td><a href="CodeSystem-TRE-R66-CategorieEtablissement.html#TRE-R66-CategorieEtablissement-642">642</a></td><td>Services départementaux d'incendie et de secours</td><td/></tr><tr><td><a href="CodeSystem-TRE-R66-CategorieEtablissement.html#TRE-R66-CategorieEtablissement-643">643</a></td><td>Serv. d'éval de la minorité de l'isolement pour les pers. se déclarant mineures</td><td/></tr><tr><td><a href="CodeSystem-TRE-R66-CategorieEtablissement.html#TRE-R66-CategorieEtablissement-644">644</a></td><td>Etab. de mise à l'abri pour les pers. se déclarant mineures non accompagnées</td><td/></tr><tr><td><a href="CodeSystem-TRE-R66-CategorieEtablissement.html#TRE-R66-CategorieEtablissement-645">645</a></td><td>Centre de Vaccination</td><td/></tr><tr><td><a href="CodeSystem-TRE-R66-CategorieEtablissement.html#TRE-R66-CategorieEtablissement-646">646</a></td><td>Centre de Vaccination Internationale</td><td/></tr><tr><td><a href="CodeSystem-TRE-R66-CategorieEtablissement.html#TRE-R66-CategorieEtablissement-647">647</a></td><td>Equipe de Soins Spécialisés</td><td/></tr><tr><td><a href="CodeSystem-TRE-R66-CategorieEtablissement.html#TRE-R66-CategorieEtablissement-648">648</a></td><td>Structure qui contribue au Service d'Accès aux Soins</td><td/></tr><tr><td><a href="CodeSystem-TRE-R66-CategorieEtablissement.html#TRE-R66-CategorieEtablissement-695">695</a></td><td>Groupement de coopération sanitaire de moyens - Exploitant</td><td/></tr><tr><td><a href="CodeSystem-TRE-R66-CategorieEtablissement.html#TRE-R66-CategorieEtablissement-696">696</a></td><td>Groupement de coopération sanitaire de moyens</td><td/></tr><tr><td><a href="CodeSystem-TRE-R66-CategorieEtablissement.html#TRE-R66-CategorieEtablissement-697">697</a></td><td>Groupement de coopération sanitaire - Etablissement de santé</td><td/></tr><tr><td><a href="CodeSystem-TRE-R66-CategorieEtablissement.html#TRE-R66-CategorieEtablissement-698">698</a></td><td>Autre Etablissement Loi Hospitalière</td><td/></tr><tr><td><a href="CodeSystem-TRE-R66-CategorieEtablissement.html#TRE-R66-CategorieEtablissement-699">699</a></td><td>Entité Ayant Autorisation</td><td/></tr></table></li></ul></div>
  </text>
  <extension url="http://hl7.org/fhir/StructureDefinition/resource-effectivePeriod">
    <valuePeriod>
      <start value="2020-11-27T12:00:00+01:00"/>
    </valuePeriod>
  </extension>
  <url value="https://mos.esante.gouv.fr/NOS/JDV_J129-CategorieEtablissement-RASS/FHIR/JDV-J129-CategorieEtablissement-RASS"/>
  <identifier>
    <system value="urn:ietf:rfc:3986"/>
    <value value="urn:oid:1.2.250.1.213.1.6.1.215"/>
  </identifier>
  <version value="20241025120000"/>
  <name value="JDV_J129_CategorieEtablissement_RASS"/>
  <status value="active"/>
  <experimental value="false"/>
  <date value="2024-10-25T12:00:00+01:00"/>
  <publisher value="Agence du Numérique en Santé (ANS) - 2-10 Rue d'Oradour-sur-Glane, 75015 Paris"/>
  <description value="Catégorie d'établissement du RASS"/>
  <jurisdiction>
    <coding>
      <system value="urn:iso:std:iso:3166"/>
      <code value="FR"/>
    </coding>
  </jurisdiction>
  <compose>
    <include>
      <system value="https://mos.esante.gouv.fr/NOS/TRE_R66-CategorieEtablissement/FHIR/TRE-R66-CategorieEtablissement"/>
      <concept>
        <code value="001"/>
        <display value="Autres lits de m.R."/>
      </concept>
      <concept>
        <code value="002"/>
        <display value="Autres places de l-f."/>
      </concept>
      <concept>
        <code value="003"/>
        <display value="Autres lits de l-s"/>
      </concept>
      <concept>
        <code value="101"/>
        <display value="Centre Hospitalier Régional (C.H.R.)"/>
      </concept>
      <concept>
        <code value="106"/>
        <display value="Centre hospitalier, ex Hôpital local"/>
      </concept>
      <concept>
        <code value="108"/>
        <display value="Etablissement de Convalescence et de Repos"/>
      </concept>
      <concept>
        <code value="109"/>
        <display value="Etablissement de santé privé autorisé en SSR"/>
      </concept>
      <concept>
        <code value="112"/>
        <display value="Centre de Convalescence Cure ou Réadaptation"/>
      </concept>
      <concept>
        <code value="114"/>
        <display value="Hôpital des armées"/>
      </concept>
      <concept>
        <code value="115"/>
        <display value="Etablissement de Soins du Service de Santé des Armées"/>
      </concept>
      <concept>
        <code value="119"/>
        <display value="Maison de Régime"/>
      </concept>
      <concept>
        <code value="122"/>
        <display value="Etablissement Soins Obstétriques Chirurgico-Gynécologiques"/>
      </concept>
      <concept>
        <code value="124"/>
        <display value="Centre de Santé"/>
      </concept>
      <concept>
        <code value="125"/>
        <display value="Centre de Santé Dentaire"/>
      </concept>
      <concept>
        <code value="126"/>
        <display value="Etablissement Thermal"/>
      </concept>
      <concept>
        <code value="127"/>
        <display value="Hospitalisation à Domicile"/>
      </concept>
      <concept>
        <code value="128"/>
        <display value="Etablissement de Soins Chirurgicaux"/>
      </concept>
      <concept>
        <code value="129"/>
        <display value="Etablissement de Soins Médicaux"/>
      </concept>
      <concept>
        <code value="130"/>
        <display value="Centre de Soins Médicaux"/>
      </concept>
      <concept>
        <code value="131"/>
        <display value="Centre de Lutte Contre Cancer"/>
      </concept>
      <concept>
        <code value="132"/>
        <display value="Etablissement de Transfusion Sanguine"/>
      </concept>
      <concept>
        <code value="135"/>
        <display value="Etablissement Réadaptation Fonctionnelle"/>
      </concept>
      <concept>
        <code value="136"/>
        <display value="Banque de Sperme"/>
      </concept>
      <concept>
        <code value="137"/>
        <display value="Banque d'Organes"/>
      </concept>
      <concept>
        <code value="138"/>
        <display value="Centre de Dialyse Périodique"/>
      </concept>
      <concept>
        <code value="139"/>
        <display value="Centre de Dialyse et d'entraînement à la Dialyse"/>
      </concept>
      <concept>
        <code value="140"/>
        <display value="Centre d'Entraînement à la Dialyse"/>
      </concept>
      <concept>
        <code value="141"/>
        <display value="Centre de dialyse"/>
      </concept>
      <concept>
        <code value="142"/>
        <display value="Dispensaire Antituberculeux"/>
      </concept>
      <concept>
        <code value="143"/>
        <display value="Centre de Vaccination BCG"/>
      </concept>
      <concept>
        <code value="144"/>
        <display value="Etablissement de Lutte Contre la Tuberculose"/>
      </concept>
      <concept>
        <code value="146"/>
        <display value="Structure d'Alternative à la dialyse en centre"/>
      </concept>
      <concept>
        <code value="156"/>
        <display value="Centre Médico-Psychologique (C.M.P.)"/>
      </concept>
      <concept>
        <code value="157"/>
        <display value="Centre de Postcure"/>
      </concept>
      <concept>
        <code value="159"/>
        <display value="Centre Parental"/>
      </concept>
      <concept>
        <code value="160"/>
        <display value="Centre de Soins Spécifiques pour Toxicomanes (C.S.S.T.)"/>
      </concept>
      <concept>
        <code value="161"/>
        <display value="Maison de Santé pour Maladies Mentales"/>
      </concept>
      <concept>
        <code value="162"/>
        <display value="Centre de Cure Ambulatoire en Alcoologie (C.C.A.A.)"/>
      </concept>
      <concept>
        <code value="163"/>
        <display value="Maison d'Enfants à Caractère Sanitaire Temporaire"/>
      </concept>
      <concept>
        <code value="164"/>
        <display value="Etablissements Expérimentaux Accueil de la Petite Enfance"/>
      </concept>
      <concept>
        <code value="165"/>
        <display value="Appartement de Coordination Thérapeutique (A.C.T.)"/>
      </concept>
      <concept>
        <code value="166"/>
        <display value="Etablissement d'Accueil Mère-Enfant"/>
      </concept>
      <concept>
        <code value="167"/>
        <display value="Crèche Collective"/>
      </concept>
      <concept>
        <code value="168"/>
        <display value="Service Accueil Familial pour la Petite Enfance"/>
      </concept>
      <concept>
        <code value="169"/>
        <display value="Crèche Multi Accueil Collectif et Familial"/>
      </concept>
      <concept>
        <code value="170"/>
        <display value="Halte Garderie"/>
      </concept>
      <concept>
        <code value="171"/>
        <display value="Garderie et Jardin d'Enfants"/>
      </concept>
      <concept>
        <code value="172"/>
        <display value="Pouponnière à Caractère Social"/>
      </concept>
      <concept>
        <code value="173"/>
        <display value="Pouponnière à Caractère Sanitaire"/>
      </concept>
      <concept>
        <code value="174"/>
        <display value="Etablissement d'Accueil Collectif Régulier et Occasionnel"/>
      </concept>
      <concept>
        <code value="175"/>
        <display value="Foyer de l'Enfance"/>
      </concept>
      <concept>
        <code value="176"/>
        <display value="Village d'Enfants"/>
      </concept>
      <concept>
        <code value="177"/>
        <display value="Maison d'Enfants à Caractère Social"/>
      </concept>
      <concept>
        <code value="178"/>
        <display value="Ctre.Accueil- Accomp.Réduc.Risq.Usag. Drogues (C.A.A.R.U.D.)"/>
      </concept>
      <concept>
        <code value="179"/>
        <display value="Maison d'Enfants à Caractère Sanitaire Permanente"/>
      </concept>
      <concept>
        <code value="180"/>
        <display value="Lits Halte Soins Santé (L.H.S.S.)"/>
      </concept>
      <concept>
        <code value="181"/>
        <display value="Maison Familiale de Vacances"/>
      </concept>
      <concept>
        <code value="182"/>
        <display value="Service d'Éducation Spéciale et de Soins à Domicile"/>
      </concept>
      <concept>
        <code value="183"/>
        <display value="Institut Médico-Educatif (I.M.E.)"/>
      </concept>
      <concept>
        <code value="184"/>
        <display value="Institut Médico-Pédagogique (I.M.P.)"/>
      </concept>
      <concept>
        <code value="185"/>
        <display value="Institut Médico-Professionnel (I.M.Pro.)"/>
      </concept>
      <concept>
        <code value="186"/>
        <display value="Institut Thérapeutique Éducatif et Pédagogique (I.T.E.P.)"/>
      </concept>
      <concept>
        <code value="188"/>
        <display value="Etablissement pour Enfants ou Adolescents Polyhandicapés"/>
      </concept>
      <concept>
        <code value="189"/>
        <display value="Centre Médico-Psycho-Pédagogique (C.M.P.P.)"/>
      </concept>
      <concept>
        <code value="190"/>
        <display value="Centre Action Médico-Sociale Précoce (C.A.M.S.P.)"/>
      </concept>
      <concept>
        <code value="191"/>
        <display value="Etablissement pour Déficients Moteurs Cérébraux"/>
      </concept>
      <concept>
        <code value="192"/>
        <display value="Institut d'éducation motrice"/>
      </concept>
      <concept>
        <code value="193"/>
        <display value="Etablissement pour Déficients Moteurs et Moteurs Cérébraux"/>
      </concept>
      <concept>
        <code value="194"/>
        <display value="Institut pour Déficients Visuels"/>
      </concept>
      <concept>
        <code value="195"/>
        <display value="Institut pour Déficients Auditifs"/>
      </concept>
      <concept>
        <code value="196"/>
        <display value="Institut d'Education Sensorielle Sourd-Aveugle"/>
      </concept>
      <concept>
        <code value="197"/>
        <display value="Centre soins accompagnement prévention addictologie (CSAPA)"/>
      </concept>
      <concept>
        <code value="198"/>
        <display value="Établissement et Service de Préorientation"/>
      </concept>
      <concept>
        <code value="199"/>
        <display value="Hospice"/>
      </concept>
      <concept>
        <code value="200"/>
        <display value="Maison de Retraite"/>
      </concept>
      <concept>
        <code value="202"/>
        <display value="Résidences autonomie"/>
      </concept>
      <concept>
        <code value="207"/>
        <display value="Centre de Jour pour Personnes Agées"/>
      </concept>
      <concept>
        <code value="208"/>
        <display value="Service d'Aide Ménagère à Domicile"/>
      </concept>
      <concept>
        <code value="209"/>
        <display value="Service autonomie aide et soins (SAAS)"/>
      </concept>
      <concept>
        <code value="212"/>
        <display value="Alarme Médico-Sociale"/>
      </concept>
      <concept>
        <code value="213"/>
        <display value="Lits d'Accueil Médicalisés (L.A.M.)"/>
      </concept>
      <concept>
        <code value="214"/>
        <display value="Centre Hébergement &amp; Réinsertion Sociale (C.H.R.S.)"/>
      </concept>
      <concept>
        <code value="215"/>
        <display value="Maison Relai"/>
      </concept>
      <concept>
        <code value="216"/>
        <display value="Résidence Hôtelière à Vocation Sociale (R.H.V.S)"/>
      </concept>
      <concept>
        <code value="217"/>
        <display value="Cité de Transit"/>
      </concept>
      <concept>
        <code value="218"/>
        <display value="Aire Station Nomades"/>
      </concept>
      <concept>
        <code value="219"/>
        <display value="Autre Centre d'Accueil"/>
      </concept>
      <concept>
        <code value="220"/>
        <display value="Centre Social"/>
      </concept>
      <concept>
        <code value="221"/>
        <display value="Bureau d'Aide Psychologique Universitaire (B.A.P.U.)"/>
      </concept>
      <concept>
        <code value="223"/>
        <display value="Protection Maternelle et Infantile (P.M.I.)"/>
      </concept>
      <concept>
        <code value="224"/>
        <display value="Etablissement de Consultation Pré et Post-natale"/>
      </concept>
      <concept>
        <code value="225"/>
        <display value="Consultations de Nourrissons"/>
      </concept>
      <concept>
        <code value="228"/>
        <display value="Centre de Santé Sexuelle"/>
      </concept>
      <concept>
        <code value="229"/>
        <display value="Consultation Problèmes naissance"/>
      </concept>
      <concept>
        <code value="230"/>
        <display value="Etablissement Consultation Protection Infantile"/>
      </concept>
      <concept>
        <code value="231"/>
        <display value="Etablissement Information Consultation Conseil Familial"/>
      </concept>
      <concept>
        <code value="233"/>
        <display value="Lactarium"/>
      </concept>
      <concept>
        <code value="236"/>
        <display value="Centre Placement Familial Socio-Educatif (C.P.F.S.E.)"/>
      </concept>
      <concept>
        <code value="237"/>
        <display value="Centre de Placement Familial Spécialisé"/>
      </concept>
      <concept>
        <code value="238"/>
        <display value="Centre d'Accueil Familial Spécialisé"/>
      </concept>
      <concept>
        <code value="241"/>
        <display value="Établissement de Placement"/>
      </concept>
      <concept>
        <code value="242"/>
        <display value="Service d'Activité de Jour"/>
      </concept>
      <concept>
        <code value="246"/>
        <display value="Etablissement et Service d'Aide par le Travail (E.S.A.T.)"/>
      </concept>
      <concept>
        <code value="247"/>
        <display value="Entreprise adaptée"/>
      </concept>
      <concept>
        <code value="249"/>
        <display value="Établissement et Service de Réadaptation Professionnelle"/>
      </concept>
      <concept>
        <code value="250"/>
        <display value="Centre Réentrainement au travail"/>
      </concept>
      <concept>
        <code value="251"/>
        <display value="Maison Vacances pour Handicapés"/>
      </concept>
      <concept>
        <code value="252"/>
        <display value="Foyer Hébergement Adultes Handicapés"/>
      </concept>
      <concept>
        <code value="253"/>
        <display value="Foyer d'Accueil Polyvalent pour Adultes Handicapés"/>
      </concept>
      <concept>
        <code value="255"/>
        <display value="Maison d'Accueil Spécialisée (M.A.S.)"/>
      </concept>
      <concept>
        <code value="256"/>
        <display value="Foyer Travailleurs Migrants non transformé en Résidence Soc."/>
      </concept>
      <concept>
        <code value="257"/>
        <display value="Foyers de jeunes travailleurs"/>
      </concept>
      <concept>
        <code value="258"/>
        <display value="Maisons Relais - Pensions de Famille"/>
      </concept>
      <concept>
        <code value="259"/>
        <display value="Autres résidences sociales"/>
      </concept>
      <concept>
        <code value="261"/>
        <display value="D.D.A.S.S."/>
      </concept>
      <concept>
        <code value="262"/>
        <display value="Etablissement Régional d'Enseignement Adapté"/>
      </concept>
      <concept>
        <code value="265"/>
        <display value="Section Education Spéciale Classe Atelier"/>
      </concept>
      <concept>
        <code value="266"/>
        <display value="Dispensaire Antivénérien"/>
      </concept>
      <concept>
        <code value="267"/>
        <display value="Dispensaire Antihansénien"/>
      </concept>
      <concept>
        <code value="268"/>
        <display value="Centre Médico-Scolaire"/>
      </concept>
      <concept>
        <code value="269"/>
        <display value="Centre de Médecine Universitaire"/>
      </concept>
      <concept>
        <code value="270"/>
        <display value="Centre de Médecine Sportive"/>
      </concept>
      <concept>
        <code value="271"/>
        <display value="Maison d'accueil Hospitalière"/>
      </concept>
      <concept>
        <code value="272"/>
        <display value="Ecole d'ambulanciers"/>
      </concept>
      <concept>
        <code value="273"/>
        <display value="Institut de formation en soins infirmiers (I.F.S.I.)"/>
      </concept>
      <concept>
        <code value="274"/>
        <display value="Ecole de sages_femmes"/>
      </concept>
      <concept>
        <code value="275"/>
        <display value="Ecole de masseurs-kinésithérapeutes"/>
      </concept>
      <concept>
        <code value="276"/>
        <display value="Ecole de laborantins d'analyses médicales"/>
      </concept>
      <concept>
        <code value="277"/>
        <display value="Ecole de péricultrices"/>
      </concept>
      <concept>
        <code value="278"/>
        <display value="Etablissement de formation polyvalent"/>
      </concept>
      <concept>
        <code value="279"/>
        <display value="Ecole de service social"/>
      </concept>
      <concept>
        <code value="280"/>
        <display value="Ecole d'éducateurs spécialisés"/>
      </concept>
      <concept>
        <code value="281"/>
        <display value="Centre de formation d'aides soignants"/>
      </concept>
      <concept>
        <code value="282"/>
        <display value="Ecole de pédicures-podologues"/>
      </concept>
      <concept>
        <code value="283"/>
        <display value="Ecole de manipulateurs d'électro-radiologie"/>
      </concept>
      <concept>
        <code value="284"/>
        <display value="Ecole de travailleuses familiales"/>
      </concept>
      <concept>
        <code value="285"/>
        <display value="Centres de Loisirs sans Hébergement"/>
      </concept>
      <concept>
        <code value="286"/>
        <display value="Club Equipe de Prévention"/>
      </concept>
      <concept>
        <code value="289"/>
        <display value="Centre de Soins Infirmiers"/>
      </concept>
      <concept>
        <code value="292"/>
        <display value="Centre Hospitalier Spécialisé lutte Maladies Mentales"/>
      </concept>
      <concept>
        <code value="294"/>
        <display value="Centre de Consultations Cancer"/>
      </concept>
      <concept>
        <code value="295"/>
        <display value="Service AEMO et AED"/>
      </concept>
      <concept>
        <code value="297"/>
        <display value="Dispensaire Polyvalent"/>
      </concept>
      <concept>
        <code value="300"/>
        <display value="Ecoles Formant aux Professions Sanitaires"/>
      </concept>
      <concept>
        <code value="303"/>
        <display value="Ecole de conseillers en économie sociale et familiale"/>
      </concept>
      <concept>
        <code value="304"/>
        <display value="Ecole d'ergothérapeutes"/>
      </concept>
      <concept>
        <code value="305"/>
        <display value="Ecole de psycho-motriciens"/>
      </concept>
      <concept>
        <code value="306"/>
        <display value="Ecole d'infirmiers anesthésistes"/>
      </concept>
      <concept>
        <code value="307"/>
        <display value="Ecole d'infirmiers de bloc opératoire"/>
      </concept>
      <concept>
        <code value="308"/>
        <display value="Centre de formation professionnelle de secteur psychiatrique"/>
      </concept>
      <concept>
        <code value="309"/>
        <display value="Ecole de cadres infirmiers"/>
      </concept>
      <concept>
        <code value="310"/>
        <display value="Ecole de cadres de secteur psychiatrique"/>
      </concept>
      <concept>
        <code value="311"/>
        <display value="Ecole de cadres de masseurs-kinésithérapeutes"/>
      </concept>
      <concept>
        <code value="312"/>
        <display value="Ecole de cadres de manipulateurs d'électro-radiologie"/>
      </concept>
      <concept>
        <code value="313"/>
        <display value="Ecole d'éducateurs de jeunes enfants"/>
      </concept>
      <concept>
        <code value="314"/>
        <display value="Ecole d'éducateurs techniques spécialisés"/>
      </concept>
      <concept>
        <code value="315"/>
        <display value="Ecole de moniteurs-éducateurs"/>
      </concept>
      <concept>
        <code value="316"/>
        <display value="Ecole d'aides médico-psychologiques"/>
      </concept>
      <concept>
        <code value="317"/>
        <display value="Ecole d'animateurs socio-éducatifs"/>
      </concept>
      <concept>
        <code value="319"/>
        <display value="Inst. régional de formation des travailleurs sociaux"/>
      </concept>
      <concept>
        <code value="320"/>
        <display value="S.A.M.U. et Centre 15"/>
      </concept>
      <concept>
        <code value="321"/>
        <display value="Unité Mobile Hospitalière"/>
      </concept>
      <concept>
        <code value="322"/>
        <display value="Centre Rég.Informatiq.Hospit."/>
      </concept>
      <concept>
        <code value="324"/>
        <display value="Logement Foyer non Spécialisé"/>
      </concept>
      <concept>
        <code value="326"/>
        <display value="Ecole de cadres"/>
      </concept>
      <concept>
        <code value="327"/>
        <display value="Service d'Ambulances"/>
      </concept>
      <concept>
        <code value="328"/>
        <display value="Centre Consultation Soins Dentaire"/>
      </concept>
      <concept>
        <code value="329"/>
        <display value="Sectorisation Psychiatrique"/>
      </concept>
      <concept>
        <code value="330"/>
        <display value="Ecoles Formant aux Professions Sociales"/>
      </concept>
      <concept>
        <code value="340"/>
        <display value="Service mandataire judiciaire à la protection des majeurs"/>
      </concept>
      <concept>
        <code value="341"/>
        <display value="Service dédié mesures d'accompagnement social personnalisé"/>
      </concept>
      <concept>
        <code value="342"/>
        <display value="Service d'information et de soutien aux tuteurs familiaux"/>
      </concept>
      <concept>
        <code value="343"/>
        <display value="Equipe Préparation et Suite Reclassement (EPSR)"/>
      </concept>
      <concept>
        <code value="344"/>
        <display value="Service délégué aux prestations familiales"/>
      </concept>
      <concept>
        <code value="345"/>
        <display value="Service Tutelle Prestation Sociale"/>
      </concept>
      <concept>
        <code value="346"/>
        <display value="Service de Travailleuses Familiales"/>
      </concept>
      <concept>
        <code value="347"/>
        <display value="Centre d'Examens de Santé"/>
      </concept>
      <concept>
        <code value="349"/>
        <display value="Ecole de cadres de sages-femmes"/>
      </concept>
      <concept>
        <code value="350"/>
        <display value="Centre de formation d'auxiliaires de puériculture"/>
      </concept>
      <concept>
        <code value="352"/>
        <display value="Centre de Psychothérapie"/>
      </concept>
      <concept>
        <code value="353"/>
        <display value="Hôpital de Jour Spécialités Médicales"/>
      </concept>
      <concept>
        <code value="354"/>
        <display value="Service de Soins Infirmiers A Domicile (S.S.I.A.D)"/>
      </concept>
      <concept>
        <code value="355"/>
        <display value="Centre Hospitalier (C.H.)"/>
      </concept>
      <concept>
        <code value="357"/>
        <display value="Association Aide aux Insuffisants Respiratoires"/>
      </concept>
      <concept>
        <code value="359"/>
        <display value="Centre Circonscription Sanitaire et Sociale"/>
      </concept>
      <concept>
        <code value="361"/>
        <display value="Centre de Cure Médicale"/>
      </concept>
      <concept>
        <code value="362"/>
        <display value="Etablissement de Soins Longue Durée"/>
      </concept>
      <concept>
        <code value="363"/>
        <display value="Centre moyen et long séjour"/>
      </concept>
      <concept>
        <code value="365"/>
        <display value="Etablissement de Soins Pluridisciplinaire"/>
      </concept>
      <concept>
        <code value="366"/>
        <display value="Atelier Thérapeutique"/>
      </concept>
      <concept>
        <code value="367"/>
        <display value="Maison d'Enfants non Conventionnée ni Habilitée"/>
      </concept>
      <concept>
        <code value="368"/>
        <display value="Service de Repas à Domicile"/>
      </concept>
      <concept>
        <code value="369"/>
        <display value="Centre Adaptation Vie Active (C.A.V.A.)"/>
      </concept>
      <concept>
        <code value="370"/>
        <display value="Etablissement Expérimental pour personnes handicapées"/>
      </concept>
      <concept>
        <code value="371"/>
        <display value="Service Action Socio-Educative pour Familles en difficulté"/>
      </concept>
      <concept>
        <code value="373"/>
        <display value="Centre de formation supérieure des travailleurs sociaux"/>
      </concept>
      <concept>
        <code value="374"/>
        <display value="Ecole Nationale Santé Publique (E.N.S.P.)"/>
      </concept>
      <concept>
        <code value="375"/>
        <display value="Classe d'Adaptation"/>
      </concept>
      <concept>
        <code value="376"/>
        <display value="Classe Spéciale Ecole Primaire"/>
      </concept>
      <concept>
        <code value="377"/>
        <display value="Etablissement Expérimental pour Enfance Handicapée"/>
      </concept>
      <concept>
        <code value="378"/>
        <display value="Etablissement Expérimental Enfance Protégée"/>
      </concept>
      <concept>
        <code value="379"/>
        <display value="Etablissement Expérimental pour Adultes Handicapés"/>
      </concept>
      <concept>
        <code value="380"/>
        <display value="Etablissement Expérimental Autres Adultes"/>
      </concept>
      <concept>
        <code value="381"/>
        <display value="Etablissement Expérimental pour Personnes Agées"/>
      </concept>
      <concept>
        <code value="382"/>
        <display value="Foyer de Vie pour Adultes Handicapés"/>
      </concept>
      <concept>
        <code value="386"/>
        <display value="Ecole Secondaire Spéciale"/>
      </concept>
      <concept>
        <code value="390"/>
        <display value="Etablissement d'Accueil Temporaire d'Enfants Handicapés"/>
      </concept>
      <concept>
        <code value="393"/>
        <display value="Autre résidence But lucratif pr personnes Âgées"/>
      </concept>
      <concept>
        <code value="394"/>
        <display value="Etablissement d'Accueil Temporaire pour Personnes Agées"/>
      </concept>
      <concept>
        <code value="395"/>
        <display value="Etablissement d'Accueil Temporaire pour Adultes Handicapés"/>
      </concept>
      <concept>
        <code value="396"/>
        <display value="Foyer Hébergement Enfants et Adolescents Handicapés"/>
      </concept>
      <concept>
        <code value="397"/>
        <display value="Service Auxiliaire de Vie pour Handicapés"/>
      </concept>
      <concept>
        <code value="398"/>
        <display value="Crèche Parentale"/>
      </concept>
      <concept>
        <code value="399"/>
        <display value="Halte Garderie Parentale"/>
      </concept>
      <concept>
        <code value="400"/>
        <display value="Centre de Services pour Associations"/>
      </concept>
      <concept>
        <code value="401"/>
        <display value="D.R.A.S.S."/>
      </concept>
      <concept>
        <code value="402"/>
        <display value="Jardin d'Enfants Spécialisé"/>
      </concept>
      <concept>
        <code value="403"/>
        <display value="Service Social Spécialisé ou Polyvalent de Catégorie"/>
      </concept>
      <concept>
        <code value="404"/>
        <display value="Etablissement Acc.Collect.Parental Régulier &amp; Occasionnel"/>
      </concept>
      <concept>
        <code value="405"/>
        <display value="Service Social Polyvalent de Secteur"/>
      </concept>
      <concept>
        <code value="411"/>
        <display value="Intermédiaire de Placement Social"/>
      </concept>
      <concept>
        <code value="412"/>
        <display value="Appartement Thérapeutique"/>
      </concept>
      <concept>
        <code value="413"/>
        <display value="C.E.C.O.S"/>
      </concept>
      <concept>
        <code value="414"/>
        <display value="Centre Anti Poison"/>
      </concept>
      <concept>
        <code value="415"/>
        <display value="Service Médico-Psychologique Régional (S.M.P.R.)"/>
      </concept>
      <concept>
        <code value="419"/>
        <display value="Centre d'Accueil Toxicomanes"/>
      </concept>
      <concept>
        <code value="420"/>
        <display value="Entreprise d'Insertion"/>
      </concept>
      <concept>
        <code value="421"/>
        <display value="Centre d'enseignement aux secours d'urgence"/>
      </concept>
      <concept>
        <code value="422"/>
        <display value="Traitements Spécialisés à Domicile"/>
      </concept>
      <concept>
        <code value="423"/>
        <display value="Ecole des cadres de laborantins d'analyses médicales"/>
      </concept>
      <concept>
        <code value="425"/>
        <display value="Centre d'Accueil Thérapeutique à temps partiel (C.A.T.T.P.)"/>
      </concept>
      <concept>
        <code value="426"/>
        <display value="Syndicat Inter Hospitalier (S.I.H.)"/>
      </concept>
      <concept>
        <code value="430"/>
        <display value="Centre Postcure Malades Mentaux"/>
      </concept>
      <concept>
        <code value="431"/>
        <display value="Centre Postcure pour Alcooliques"/>
      </concept>
      <concept>
        <code value="432"/>
        <display value="Centre Postcure pour Toxicomanes"/>
      </concept>
      <concept>
        <code value="433"/>
        <display value="Etablissement Sanitaire des Prisons"/>
      </concept>
      <concept>
        <code value="434"/>
        <display value="Classe Spéciale en Ecole Maternelle"/>
      </concept>
      <concept>
        <code value="435"/>
        <display value="Centre de formation d'aide à domicile"/>
      </concept>
      <concept>
        <code value="436"/>
        <display value="Ecoles Formant aux Professions Sanitaires et Sociales"/>
      </concept>
      <concept>
        <code value="437"/>
        <display value="Foyer d'Accueil Médicalisé pour Adultes Handicapés (F.A.M.)"/>
      </concept>
      <concept>
        <code value="438"/>
        <display value="Centre de Médecine collective"/>
      </concept>
      <concept>
        <code value="439"/>
        <display value="Centre Santé Polyvalent"/>
      </concept>
      <concept>
        <code value="440"/>
        <display value="Service d'Investigation Educative"/>
      </concept>
      <concept>
        <code value="441"/>
        <display value="Service d'Intervention Educative en Milieu Ouvert"/>
      </concept>
      <concept>
        <code value="442"/>
        <display value="Centre Provisoire Hébergement (C.P.H.)"/>
      </concept>
      <concept>
        <code value="443"/>
        <display value="Centre Accueil Demandeurs Asile (C.A.D.A.)"/>
      </concept>
      <concept>
        <code value="444"/>
        <display value="Centre Crise Accueil Permanent"/>
      </concept>
      <concept>
        <code value="445"/>
        <display value="Service d'accompagnement médico-social adultes handicapés"/>
      </concept>
      <concept>
        <code value="446"/>
        <display value="Service d'Accompagnement à la Vie Sociale (S.A.V.S.)"/>
      </concept>
      <concept>
        <code value="447"/>
        <display value="Entreprise Intérim Insertion"/>
      </concept>
      <concept>
        <code value="448"/>
        <display value="Etab.Acc.Médicalisé en tout ou partie personnes handicapées"/>
      </concept>
      <concept>
        <code value="449"/>
        <display value="Etab.Accueil Non Médicalisé pour personnes handicapées"/>
      </concept>
      <concept>
        <code value="450"/>
        <display value="Service d'Aide aux Personnes Agées"/>
      </concept>
      <concept>
        <code value="451"/>
        <display value="Service d'Aide aux Familles en Difficulté"/>
      </concept>
      <concept>
        <code value="452"/>
        <display value="Régie de Quartier"/>
      </concept>
      <concept>
        <code value="460"/>
        <display value="Service autonomie aide (SAA)"/>
      </concept>
      <concept>
        <code value="461"/>
        <display value="Centres de Ressources S.A.I. (Sans Aucune Indication)"/>
      </concept>
      <concept>
        <code value="462"/>
        <display value="Lieux de Vie et d'Accueil"/>
      </concept>
      <concept>
        <code value="463"/>
        <display value="Centres Locaux Information Coordination P.A.(C.L.I.C.)"/>
      </concept>
      <concept>
        <code value="464"/>
        <display value="Unités Evaluation Réentraînement et d'Orient. Soc. et Pro."/>
      </concept>
      <concept>
        <code value="500"/>
        <display value="Etablissement d'hébergement pour personnes âgées dépendantes"/>
      </concept>
      <concept>
        <code value="501"/>
        <display value="EHPA percevant des crédits d'assurance maladie"/>
      </concept>
      <concept>
        <code value="502"/>
        <display value="EHPA ne percevant pas des crédits d'assurance maladie"/>
      </concept>
      <concept>
        <code value="601"/>
        <display value="Cabinet Libéral Médical"/>
      </concept>
      <concept>
        <code value="602"/>
        <display value="Cabinet de Groupe"/>
      </concept>
      <concept>
        <code value="603"/>
        <display value="Maison de santé (L.6223-3)"/>
      </concept>
      <concept>
        <code value="604"/>
        <display value="Communauté Professionnelle Territoriale de Santé (CPTS)"/>
      </concept>
      <concept>
        <code value="605"/>
        <display value="Cabinet d'Auxiliaires Médicaux"/>
      </concept>
      <concept>
        <code value="606"/>
        <display value="Dispositif d'appui à la coordination (DAC)"/>
      </concept>
      <concept>
        <code value="607"/>
        <display value="Groupement Régional d'Appui au Développement de la e-Santé (GRADeS)"/>
      </concept>
      <concept>
        <code value="608"/>
        <display value="Equipe mobile médico-sociale précarité (EMMSP)"/>
      </concept>
      <concept>
        <code value="609"/>
        <display value="Maison Départementale pour Personnes Handicapées (MDPH)"/>
      </concept>
      <concept>
        <code value="610"/>
        <display value="Laboratoire d'Analyses"/>
      </concept>
      <concept>
        <code value="611"/>
        <display value="Laboratoire de Biologie Médicale"/>
      </concept>
      <concept>
        <code value="612"/>
        <display value="Autre Laboratoire de Biologie Médicale sans FSE"/>
      </concept>
      <concept>
        <code value="614"/>
        <display value="Dispositif Spécifique Régional du Cancer (DSRC)"/>
      </concept>
      <concept>
        <code value="616"/>
        <display value="Services de Prévention et de Santé au Travail (SPST)"/>
      </concept>
      <concept>
        <code value="617"/>
        <display value="Maison médicale de garde (MMG)"/>
      </concept>
      <concept>
        <code value="618"/>
        <display value="Autre structure de soins non programmés (SNP)"/>
      </concept>
      <concept>
        <code value="620"/>
        <display value="Pharmacie d'Officine"/>
      </concept>
      <concept>
        <code value="621"/>
        <display value="Lunetterie Médicale"/>
      </concept>
      <concept>
        <code value="622"/>
        <display value="Centre d'Appareillage &amp; Prothèse"/>
      </concept>
      <concept>
        <code value="623"/>
        <display value="Herboristerie"/>
      </concept>
      <concept>
        <code value="624"/>
        <display value="Laboratoire pharmaceutique préparant délivrant allergènes"/>
      </concept>
      <concept>
        <code value="627"/>
        <display value="Propharmacie"/>
      </concept>
      <concept>
        <code value="628"/>
        <display value="Pharmacie Minière"/>
      </concept>
      <concept>
        <code value="629"/>
        <display value="Pharmacie Mutualiste"/>
      </concept>
      <concept>
        <code value="630"/>
        <display value="Installation autonome de chirurgie esthétique"/>
      </concept>
      <concept>
        <code value="631"/>
        <display value="Maisons de naissance"/>
      </concept>
      <concept>
        <code value="632"/>
        <display value="Structure Dispensatrice à domicile d'Oxygène à usage médical"/>
      </concept>
      <concept>
        <code value="633"/>
        <display value="Structure Expérimentale en Santé"/>
      </concept>
      <concept>
        <code value="636"/>
        <display value="Centre de soins et de prévention"/>
      </concept>
      <concept>
        <code value="637"/>
        <display value="Centre de Lutte Antituberculeuse (CLAT)"/>
      </concept>
      <concept>
        <code value="638"/>
        <display value="Centre gratuit d'information de dépistage et de diagnostic (CeGIDD)"/>
      </concept>
      <concept>
        <code value="639"/>
        <display value="Sociétés de téléconsultation (STLC)"/>
      </concept>
      <concept>
        <code value="640"/>
        <display value="Service d'aide et d'accompagnement à domicile aux familles (SAADF)"/>
      </concept>
      <concept>
        <code value="641"/>
        <display value="Antenne de Pharmacie d'officine"/>
      </concept>
      <concept>
        <code value="642"/>
        <display value="Services départementaux d'incendie et de secours"/>
      </concept>
      <concept>
        <code value="643"/>
        <display value="Serv. d'éval de la minorité de l'isolement pour les pers. se déclarant mineures"/>
      </concept>
      <concept>
        <code value="644"/>
        <display value="Etab. de mise à l'abri pour les pers. se déclarant mineures non accompagnées"/>
      </concept>
      <concept>
        <code value="645"/>
        <display value="Centre de Vaccination"/>
      </concept>
      <concept>
        <code value="646"/>
        <display value="Centre de Vaccination Internationale"/>
      </concept>
      <concept>
        <code value="647"/>
        <display value="Equipe de Soins Spécialisés"/>
      </concept>
      <concept>
        <code value="648"/>
        <display value="Structure qui contribue au Service d'Accès aux Soins"/>
      </concept>
      <concept>
        <code value="695"/>
        <display value="Groupement de coopération sanitaire de moyens - Exploitant"/>
      </concept>
      <concept>
        <code value="696"/>
        <display value="Groupement de coopération sanitaire de moyens"/>
      </concept>
      <concept>
        <code value="697"/>
        <display value="Groupement de coopération sanitaire - Etablissement de santé"/>
      </concept>
      <concept>
        <code value="698"/>
        <display value="Autre Etablissement Loi Hospitalière"/>
      </concept>
      <concept>
        <code value="699"/>
        <display value="Entité Ayant Autorisation"/>
      </concept>
    </include>
  </compose>
</ValueSet>