<?xml version="1.0" encoding="UTF-8"?>

<ValueSet xmlns="http://hl7.org/fhir">
  <id value="jdv-nihss-conscience-cisis"/>
  <meta>
    <versionId value="4"/>
    <lastUpdated value="2025-06-25T09:15:13.276+00:00"/>
    <profile value="http://hl7.org/fhir/StructureDefinition/shareablevalueset"/>
  </meta>
  <language value="fr-FR"/>
  <text>
    <status value="generated"/><div xmlns="http://www.w3.org/1999/xhtml" xml:lang="fr-FR" lang="fr-FR"><p class="res-header-id"><b>Generated Narrative: ValueSet jdv-nihss-conscience-cisis</b></p><a name="jdv-nihss-conscience-cisis"> </a><a name="hcjdv-nihss-conscience-cisis"> </a><a name="jdv-nihss-conscience-cisis-fr-FR"> </a><div style="display: inline-block; background-color: #d9e0e7; padding: 6px; margin: 4px; border: 1px solid #8da1b4; border-radius: 5px; line-height: 60%"><p style="margin-bottom: 0px">version: 4; Last updated: 2025-06-25 09:15:13+0000; Language: fr-FR</p><p style="margin-bottom: 0px">Profil: <a href="http://hl7.org/fhir/R4/shareablevalueset.html">Shareable ValueSet</a></p></div><ul><li>Include ces codes sont définis dans <a href="http://loinc.org"><code>http://loinc.org</code></a><table class="none"><tr><td style="white-space:nowrap"><b>Code</b></td><td><b>Display</b></td></tr><tr><td><a href="https://loinc.org/LA18436-8/">LA18436-8</a></td><td>Vigilant, réagit vivement.</td></tr><tr><td><a href="https://loinc.org/LA18437-6/">LA18437-6</a></td><td>Non vigilant (somnolent),  mais réagit ou répond s'il est éveillé par une stimulation mineure.</td></tr><tr><td><a href="https://loinc.org/LA18438-4/">LA18438-4</a></td><td>Non vigilant; ne réagit qu'à des stimulations répétées, ou est inconscient et une stimulation intense ou douloureuse est nécessaire pour obtenir des mouvements autres que stéréotypés.</td></tr><tr><td><a href="https://loinc.org/LA18439-2/">LA18439-2</a></td><td>On obtient uniquement des réponses réflexes motrices ou végétatives ou le patient est totalement aréactif et flasque.</td></tr></table></li></ul></div>
  </text>
  <extension url="http://hl7.org/fhir/StructureDefinition/resource-effectivePeriod">
    <valuePeriod>
      <start value="2010-01-01T00:00:00+01:00"/>
    </valuePeriod>
  </extension>
  <url value="https://smt.esante.gouv.fr/fhir/ValueSet/jdv-nihss-conscience-cisis"/>
  <identifier>
    <system value="urn:ietf:rfc:3986"/>
    <value value="urn:oid:1.2.250.1.213.1.1.5.179"/>
  </identifier>
  <version value="20250624152101"/>
  <name value="JdvNihssConscienceCisis"/>
  <title value="JDV Nihss Conscience CISIS"/>
  <status value="active"/>
  <experimental value="false"/>
  <date value="2025-06-24T15:21:01+01:00"/>
  <publisher value="Agence du Numérique en Santé(ANS) -2 - 10 Rue d'Oradour-sur-Glane, 75015 Paris"/>
  <description value="JDV Nihss Conscience CISIS"/>
  <jurisdiction>
    <coding>
      <system value="urn:iso:std:iso:3166"/>
      <code value="FR"/>
    </coding>
  </jurisdiction>
  <compose>
    <include>
      <system value="http://loinc.org"/>
      <concept>
        <code value="LA18436-8"/>
        <display value="Vigilant, réagit vivement."/>
      </concept>
      <concept>
        <code value="LA18437-6"/>
        <display value="Non vigilant (somnolent),  mais réagit ou répond s'il est éveillé par une stimulation mineure."/>
      </concept>
      <concept>
        <code value="LA18438-4"/>
        <display value="Non vigilant; ne réagit qu'à des stimulations répétées, ou est inconscient et une stimulation intense ou douloureuse est nécessaire pour obtenir des mouvements autres que stéréotypés."/>
      </concept>
      <concept>
        <code value="LA18439-2"/>
        <display value="On obtient uniquement des réponses réflexes motrices ou végétatives ou le patient est totalement aréactif et flasque."/>
      </concept>
    </include>
  </compose>
</ValueSet>