{
  "resourceType" : "ValueSet",
  "id" : "JDV-J22-RestrictionAudienceVIHF-CISIS",
  "meta" : {
    "versionId" : "4",
    "lastUpdated" : "2025-07-02T17:05:59.906+00:00",
    "profile" : ["http://hl7.org/fhir/StructureDefinition/shareablevalueset"]
  },
  "language" : "fr-FR",
  "text" : {
    "status" : "generated",
    "div" : "<div xml:lang=\"fr-FR\" xmlns=\"http://www.w3.org/1999/xhtml\" lang=\"fr-FR\"><p class=\"res-header-id\"><b>Narratif généré : EnsembleValeurs JDV-J22-RestrictionAudienceVIHF-CISIS</b></p><a name=\"JDV-J22-RestrictionAudienceVIHF-CISIS\"> </a><a name=\"hcJDV-J22-RestrictionAudienceVIHF-CISIS\"> </a><div style=\"display: inline-block; background-color: #d9e0e7; padding: 6px; margin: 4px; border: 1px solid #8da1b4; border-radius: 5px; line-height: 60%\"><p style=\"margin-bottom: 0px\">version: 3; Dernière mise à jour : 2024-04-27 05:07:23+0000; Langue : fr-FR</p><p style=\"margin-bottom: 0px\">Profil: <a href=\"http://hl7.org/fhir/R4/shareablevalueset.html\">Shareable ValueSet</a></p></div><ul><li>Include les codes sont définis dans <a href=\"CodeSystem-TRE-A07-StatutVisibiliteDocument.html\"><code>https://mos.esante.gouv.fr/NOS/TRE_A07-StatutVisibiliteDocument/FHIR/TRE-A07-StatutVisibiliteDocument</code></a><table class=\"none\"><tr><td style=\"white-space:nowrap\"><b>Code</b></td><td><b>Display</b></td></tr><tr><td><a href=\"CodeSystem-TRE-A07-StatutVisibiliteDocument.html#TRE-A07-StatutVisibiliteDocument-INVISIBLE_REPRESENTANTS_LEGAUX\">INVISIBLE_REPRESENTANTS_LEGAUX</a></td><td>Non visible par les représentants légaux du patient</td></tr></table></li></ul></div>"
  },
  "extension" : [{
    "url" : "http://hl7.org/fhir/StructureDefinition/resource-effectivePeriod",
    "valuePeriod" : {
      "start" : "2017-07-07T10:00:00+01:00"
    }
  }],
  "url" : "https://mos.esante.gouv.fr/NOS/JDV_J22-RestrictionAudienceVIHF-CISIS/FHIR/JDV-J22-RestrictionAudienceVIHF-CISIS",
  "identifier" : [{
    "system" : "urn:ietf:rfc:3986",
    "value" : "urn:oid:1.2.250.1.213.1.1.5.469"
  }],
  "version" : "20200424120000",
  "name" : "JDV_J22_RestrictionAudienceVIHF_CISIS",
  "status" : "active",
  "experimental" : false,
  "date" : "2020-04-24T12:00:00+01:00",
  "publisher" : "Agence du Numérique en Santé (ANS) - 2-10 Rue d'Oradour-sur-Glane, 75015 Paris",
  "description" : "Restriction d'audience pour les traces des VIHF",
  "jurisdiction" : [{
    "coding" : [{
      "system" : "urn:iso:std:iso:3166",
      "code" : "FRA"
    }]
  }],
  "compose" : {
    "include" : [{
      "system" : "https://mos.esante.gouv.fr/NOS/TRE_A07-StatutVisibiliteDocument/FHIR/TRE-A07-StatutVisibiliteDocument",
      "concept" : [{
        "code" : "INVISIBLE_REPRESENTANTS_LEGAUX",
        "display" : "Non visible par les représentants légaux du patient"
      }]
    }]
  }
}