{
  "resourceType" : "ValueSet",
  "id" : "jdv-cause-cesarienne-cisis",
  "meta" : {
    "versionId" : "4",
    "lastUpdated" : "2025-06-25T09:13:05.105+00:00",
    "profile" : ["http://hl7.org/fhir/StructureDefinition/shareablevalueset"]
  },
  "language" : "fr-FR",
  "text" : {
    "status" : "generated",
    "div" : "<div xmlns=\"http://www.w3.org/1999/xhtml\" xml:lang=\"fr-FR\" lang=\"fr-FR\"><p class=\"res-header-id\"><b>Generated Narrative: ValueSet jdv-cause-cesarienne-cisis</b></p><a name=\"jdv-cause-cesarienne-cisis\"> </a><a name=\"hcjdv-cause-cesarienne-cisis\"> </a><a name=\"jdv-cause-cesarienne-cisis-fr-FR\"> </a><div style=\"display: inline-block; background-color: #d9e0e7; padding: 6px; margin: 4px; border: 1px solid #8da1b4; border-radius: 5px; line-height: 60%\"><p style=\"margin-bottom: 0px\">version: 4; Last updated: 2025-06-25 09:13:05+0000; Language: fr-FR</p><p style=\"margin-bottom: 0px\">Profil: <a href=\"http://hl7.org/fhir/R4/shareablevalueset.html\">Shareable ValueSet</a></p></div><ul><li>Include ces codes sont définis dans <a href=\"CodeSystem-terminologie-cisis.html\"><code>https://smt.esante.gouv.fr/fhir/CodeSystem/terminologie-cisis</code></a><table class=\"none\"><tr><td style=\"white-space:nowrap\"><b>Code</b></td><td><b>Display</b></td></tr><tr><td><a href=\"CodeSystem-terminologie-cisis.html#terminologie-cisis-MED-219\">MED-219</a></td><td>Cause maternelle</td></tr><tr><td><a href=\"CodeSystem-terminologie-cisis.html#terminologie-cisis-MED-210\">MED-210</a></td><td>Cause fœtale</td></tr><tr><td><a href=\"CodeSystem-terminologie-cisis.html#terminologie-cisis-MED-1272\">MED-1272</a></td><td>Cause materno-fœtale</td></tr></table></li></ul></div>"
  },
  "extension" : [{
    "url" : "http://hl7.org/fhir/StructureDefinition/resource-effectivePeriod",
    "valuePeriod" : {
      "start" : "2010-01-01T00:00:00+01:00"
    }
  }],
  "url" : "https://smt.esante.gouv.fr/fhir/ValueSet/jdv-cause-cesarienne-cisis",
  "identifier" : [{
    "system" : "urn:ietf:rfc:3986",
    "value" : "urn:oid:1.2.250.1.213.1.1.5.116"
  }],
  "version" : "20250624152101",
  "name" : "JdvCauseCesarienneCisis",
  "title" : "JDV Cause Cesarienne CISIS",
  "status" : "active",
  "experimental" : false,
  "date" : "2025-06-24T15:21:01+01:00",
  "publisher" : "Agence du Numérique en Santé(ANS) -2 - 10 Rue d'Oradour-sur-Glane, 75015 Paris",
  "description" : "JDV Cause Cesarienne CISIS",
  "jurisdiction" : [{
    "coding" : [{
      "system" : "urn:iso:std:iso:3166",
      "code" : "FRA"
    }]
  }],
  "compose" : {
    "include" : [{
      "system" : "https://smt.esante.gouv.fr/fhir/CodeSystem/terminologie-cisis",
      "concept" : [{
        "code" : "MED-219",
        "display" : "Cause maternelle"
      },
      {
        "code" : "MED-210",
        "display" : "Cause fœtale"
      },
      {
        "code" : "MED-1272",
        "display" : "Cause materno-fœtale"
      }]
    }]
  }
}