{
  "resourceType" : "ValueSet",
  "id" : "JDV-J21-PalierAuthentificationActeurPP",
  "meta" : {
    "versionId" : "4",
    "lastUpdated" : "2025-07-02T17:05:54.577+00:00",
    "profile" : ["http://hl7.org/fhir/StructureDefinition/shareablevalueset"]
  },
  "language" : "fr-FR",
  "text" : {
    "status" : "generated",
    "div" : "<div xml:lang=\"fr-FR\" xmlns=\"http://www.w3.org/1999/xhtml\" lang=\"fr-FR\"><p class=\"res-header-id\"><b>Narratif généré : EnsembleValeurs JDV-J21-PalierAuthentificationActeurPP</b></p><a name=\"JDV-J21-PalierAuthentificationActeurPP\"> </a><a name=\"hcJDV-J21-PalierAuthentificationActeurPP\"> </a><div style=\"display: inline-block; background-color: #d9e0e7; padding: 6px; margin: 4px; border: 1px solid #8da1b4; border-radius: 5px; line-height: 60%\"><p style=\"margin-bottom: 0px\">version: 3; Dernière mise à jour : 2024-04-27 05:07:19+0000; Langue : fr-FR</p><p style=\"margin-bottom: 0px\">Profil: <a href=\"http://hl7.org/fhir/R4/shareablevalueset.html\">Shareable ValueSet</a></p></div><ul><li>Include les codes sont définis dans <a href=\"CodeSystem-TRE-R231-PalierAuthentification.html\"><code>https://mos.esante.gouv.fr/NOS/TRE_R231-PalierAuthentification/FHIR/TRE-R231-PalierAuthentification</code></a><table class=\"none\"><tr><td style=\"white-space:nowrap\"><b>Code</b></td><td><b>Display</b></td></tr><tr><td><a href=\"CodeSystem-TRE-R231-PalierAuthentification.html#TRE-R231-PalierAuthentification-APPPRIP1\">APPPRIP1</a></td><td>Palier 1 de l'authentification privée des acteurs sanitaires, médico-sociaux et sociaux personnes physiques</td></tr><tr><td><a href=\"CodeSystem-TRE-R231-PalierAuthentification.html#TRE-R231-PalierAuthentification-APPPRIP2\">APPPRIP2</a></td><td>Palier 2 de l'authentification privée des acteurs sanitaires, médico-sociaux et sociaux personnes physiques</td></tr><tr><td><a href=\"CodeSystem-TRE-R231-PalierAuthentification.html#TRE-R231-PalierAuthentification-APPPRIP3\">APPPRIP3</a></td><td>Palier 3 de l'authentification privée des acteurs sanitaires, médico-sociaux et sociaux personnes physiques</td></tr><tr><td><a href=\"CodeSystem-TRE-R231-PalierAuthentification.html#TRE-R231-PalierAuthentification-APPPUBP2\">APPPUBP2</a></td><td>Palier 2 de l'authentification publique des acteurs sanitaires, médico-sociaux et sociaux personnes physiques</td></tr><tr><td><a href=\"CodeSystem-TRE-R231-PalierAuthentification.html#TRE-R231-PalierAuthentification-APPPUBP3\">APPPUBP3</a></td><td>Palier 3 de l'authentification publique des acteurs sanitaires, médico-sociaux et sociaux personnes physiques</td></tr></table></li></ul></div>"
  },
  "extension" : [{
    "url" : "http://hl7.org/fhir/StructureDefinition/resource-effectivePeriod",
    "valuePeriod" : {
      "start" : "2017-07-07T10:00:00+01:00"
    }
  }],
  "url" : "https://mos.esante.gouv.fr/NOS/JDV_J21-PalierAuthentificationActeurPP/FHIR/JDV-J21-PalierAuthentificationActeurPP",
  "identifier" : [{
    "system" : "urn:ietf:rfc:3986",
    "value" : "urn:oid:1.2.250.1.213.1.5.2.1.1"
  }],
  "version" : "20200424120000",
  "name" : "JDV_J21_PalierAuthentificationActeurPP",
  "status" : "active",
  "experimental" : false,
  "date" : "2020-04-24T12:00:00+01:00",
  "publisher" : "Agence du Numérique en Santé (ANS) - 2-10 Rue d'Oradour-sur-Glane, 75015 Paris",
  "description" : "Palier du référentiel PGSSI-S d'authentification des professionnels",
  "jurisdiction" : [{
    "coding" : [{
      "system" : "urn:iso:std:iso:3166",
      "code" : "FRA"
    }]
  }],
  "compose" : {
    "include" : [{
      "system" : "https://mos.esante.gouv.fr/NOS/TRE_R231-PalierAuthentification/FHIR/TRE-R231-PalierAuthentification",
      "concept" : [{
        "code" : "APPPRIP1",
        "display" : "Palier 1 de l'authentification privée des acteurs sanitaires, médico-sociaux et sociaux personnes physiques"
      },
      {
        "code" : "APPPRIP2",
        "display" : "Palier 2 de l'authentification privée des acteurs sanitaires, médico-sociaux et sociaux personnes physiques"
      },
      {
        "code" : "APPPRIP3",
        "display" : "Palier 3 de l'authentification privée des acteurs sanitaires, médico-sociaux et sociaux personnes physiques"
      },
      {
        "code" : "APPPUBP2",
        "display" : "Palier 2 de l'authentification publique des acteurs sanitaires, médico-sociaux et sociaux personnes physiques"
      },
      {
        "code" : "APPPUBP3",
        "display" : "Palier 3 de l'authentification publique des acteurs sanitaires, médico-sociaux et sociaux personnes physiques"
      }]
    }]
  }
}