<?xml version="1.0" encoding="UTF-8"?>

<CodeSystem xmlns="http://hl7.org/fhir">
  <id value="TRE-R11-CiviliteExercice"/>
  <meta>
    <versionId value="4"/>
    <lastUpdated value="2024-08-28T05:11:02.814+00:00"/>
    <profile value="http://hl7.org/fhir/StructureDefinition/shareablecodesystem"/>
  </meta>
  <text>
    <status value="generated"/><div xmlns="http://www.w3.org/1999/xhtml"><p class="res-header-id"><b>Generated Narrative: CodeSystem TRE-R11-CiviliteExercice</b></p><a name="TRE-R11-CiviliteExercice"> </a><a name="hcTRE-R11-CiviliteExercice"> </a><a name="TRE-R11-CiviliteExercice-fr-FR"> </a><div style="display: inline-block; background-color: #d9e0e7; padding: 6px; margin: 4px; border: 1px solid #8da1b4; border-radius: 5px; line-height: 60%"><p style="margin-bottom: 0px">version: 4; Last updated: 2024-08-28 05:11:02+0000</p><p style="margin-bottom: 0px">Profile: <a href="http://hl7.org/fhir/R4/shareablecodesystem.html">Shareable CodeSystem</a></p></div><p><b>Properties</b></p><p><b>This code system defines the following properties for its concepts</b></p><table class="grid"><tr><td><b>Name</b></td><td><b>Code</b></td><td><b>Type</b></td><td><b>Description</b></td></tr><tr><td>dateValid</td><td>dateValid</td><td>dateTime</td><td>date de validité d'un code concept</td></tr><tr><td>dateMaj</td><td>dateMaj</td><td>dateTime</td><td>Date de mise à jour d'un code concept</td></tr><tr><td>dateFin</td><td>dateFin</td><td>dateTime</td><td>Date de fin d'exploitation d'un code concept</td></tr></table><p><b>Concepts</b></p><p>This case-insensitive code system <code>https://mos.esante.gouv.fr/NOS/TRE_R11-CiviliteExercice/FHIR/TRE-R11-CiviliteExercice</code> defines the following codes:</p><table class="codes"><tr><td style="white-space:nowrap"><b>Code</b></td><td><b>Display</b></td><td><b>dateValid</b></td><td><b>dateMaj</b></td></tr><tr><td style="white-space:nowrap">DR<a name="TRE-R11-CiviliteExercice-DR"> </a></td><td>Docteur</td><td>2007-07-25T15:04:35+01:00</td><td>2016-03-29T00:00:00+01:00</td></tr><tr><td style="white-space:nowrap">MC<a name="TRE-R11-CiviliteExercice-MC"> </a></td><td>Médecin chef</td><td>2007-07-25T15:04:35+01:00</td><td>2016-03-29T00:00:00+01:00</td></tr><tr><td style="white-space:nowrap">MG<a name="TRE-R11-CiviliteExercice-MG"> </a></td><td>Médecin général</td><td>2007-07-25T15:04:35+01:00</td><td>2016-03-29T00:00:00+01:00</td></tr><tr><td style="white-space:nowrap">PC<a name="TRE-R11-CiviliteExercice-PC"> </a></td><td>Pharmacien chef</td><td>2007-07-25T15:04:35+01:00</td><td>2016-03-29T00:00:00+01:00</td></tr><tr><td style="white-space:nowrap">PG<a name="TRE-R11-CiviliteExercice-PG"> </a></td><td>Pharmacien général</td><td>2007-07-25T15:04:35+01:00</td><td>2016-03-29T00:00:00+01:00</td></tr><tr><td style="white-space:nowrap">PR<a name="TRE-R11-CiviliteExercice-PR"> </a></td><td>Professeur</td><td>2007-07-25T15:04:35+01:00</td><td>2016-03-29T00:00:00+01:00</td></tr></table></div>
  </text>
  <extension url="http://hl7.org/fhir/StructureDefinition/resource-effectivePeriod">
    <valuePeriod>
      <start value="2013-06-28T00:00:00+01:00"/>
    </valuePeriod>
  </extension>
  <url value="https://mos.esante.gouv.fr/NOS/TRE_R11-CiviliteExercice/FHIR/TRE-R11-CiviliteExercice"/>
  <identifier>
    <system value="urn:ietf:rfc:3986"/>
    <value value="urn:oid:1.2.250.1.213.1.6.1.11"/>
  </identifier>
  <version value="20231215120000"/>
  <name value="TRE_R11_CiviliteExercice"/>
  <status value="active"/>
  <experimental value="false"/>
  <date value="2023-12-15T12:00:00+01:00"/>
  <publisher value="Agence du Numérique en Santé (ANS) - 2-10 Rue d'Oradour-sur-Glane, 75015 Paris"/>
  <description value="Civilité d'exercice"/>
  <caseSensitive value="false"/>
  <content value="complete"/>
  <property>
    <code value="dateValid"/>
    <description value="date de validité d'un code concept"/>
    <type value="dateTime"/>
  </property>
  <property>
    <code value="dateMaj"/>
    <description value="Date de mise à jour d'un code concept"/>
    <type value="dateTime"/>
  </property>
  <property>
    <code value="dateFin"/>
    <description value="Date de fin d'exploitation d'un code concept"/>
    <type value="dateTime"/>
  </property>
  <concept>
    <code value="DR"/>
    <display value="Docteur"/>
    <property>
      <code value="dateValid"/>
      <valueDateTime value="2007-07-25T15:04:35+01:00"/>
    </property>
    <property>
      <code value="dateMaj"/>
      <valueDateTime value="2016-03-29T00:00:00+01:00"/>
    </property>
  </concept>
  <concept>
    <code value="MC"/>
    <display value="Médecin chef"/>
    <property>
      <code value="dateValid"/>
      <valueDateTime value="2007-07-25T15:04:35+01:00"/>
    </property>
    <property>
      <code value="dateMaj"/>
      <valueDateTime value="2016-03-29T00:00:00+01:00"/>
    </property>
  </concept>
  <concept>
    <code value="MG"/>
    <display value="Médecin général"/>
    <property>
      <code value="dateValid"/>
      <valueDateTime value="2007-07-25T15:04:35+01:00"/>
    </property>
    <property>
      <code value="dateMaj"/>
      <valueDateTime value="2016-03-29T00:00:00+01:00"/>
    </property>
  </concept>
  <concept>
    <code value="PC"/>
    <display value="Pharmacien chef"/>
    <property>
      <code value="dateValid"/>
      <valueDateTime value="2007-07-25T15:04:35+01:00"/>
    </property>
    <property>
      <code value="dateMaj"/>
      <valueDateTime value="2016-03-29T00:00:00+01:00"/>
    </property>
  </concept>
  <concept>
    <code value="PG"/>
    <display value="Pharmacien général"/>
    <property>
      <code value="dateValid"/>
      <valueDateTime value="2007-07-25T15:04:35+01:00"/>
    </property>
    <property>
      <code value="dateMaj"/>
      <valueDateTime value="2016-03-29T00:00:00+01:00"/>
    </property>
  </concept>
  <concept>
    <code value="PR"/>
    <display value="Professeur"/>
    <property>
      <code value="dateValid"/>
      <valueDateTime value="2007-07-25T15:04:35+01:00"/>
    </property>
    <property>
      <code value="dateMaj"/>
      <valueDateTime value="2016-03-29T00:00:00+01:00"/>
    </property>
  </concept>
</CodeSystem>