<?xml version="1.0" encoding="UTF-8"?>

<CodeSystem xmlns="http://hl7.org/fhir">
  <id value="TRE-R391-MotifRestrictionDiffusion"/>
  <meta>
    <versionId value="2"/>
    <lastUpdated value="2025-07-02T18:18:04.327+00:00"/>
    <profile value="http://hl7.org/fhir/StructureDefinition/shareablecodesystem"/>
  </meta>
  <text>
    <status value="generated"/><div xmlns="http://www.w3.org/1999/xhtml"><p class="res-header-id"><b>Narratif généré : CodeSystem TRE-R391-MotifRestrictionDiffusion</b></p><a name="TRE-R391-MotifRestrictionDiffusion"> </a><a name="hcTRE-R391-MotifRestrictionDiffusion"> </a><div style="display: inline-block; background-color: #d9e0e7; padding: 6px; margin: 4px; border: 1px solid #8da1b4; border-radius: 5px; line-height: 60%"><p style="margin-bottom: 0px">version: 1; Dernière mise à jour : 2025-04-25 18:12:48+0000</p><p style="margin-bottom: 0px">Profil: <a href="http://hl7.org/fhir/R4/shareablecodesystem.html">Shareable CodeSystem</a></p></div><p><b>Propriétés</b></p><p><b>Cette terminologie de référence (CodeSystem) définit les propriétés suivantes pour ses concepts</b></p><table class="grid"><tr><td><b>Nom</b></td><td><b>Code</b></td><td><b>URI</b></td><td><b>Type</b></td><td><b>Description</b></td></tr><tr><td>dateValid</td><td>dateValid</td><td/><td>dateTime</td><td>date de validité d'un code concept</td></tr><tr><td>dateMaj</td><td>dateMaj</td><td/><td>dateTime</td><td>Date de mise à jour d'un code concept</td></tr><tr><td>dateFin</td><td>dateFin</td><td/><td>dateTime</td><td>Date de fin d'exploitation d'un code concept</td></tr><tr><td>deprecationDate</td><td>deprecationDate</td><td>http://hl7.org/fhir/concept-properties#deprecationDate</td><td>dateTime</td><td>Date Concept was deprecated</td></tr><tr><td>status</td><td>status</td><td>http://hl7.org/fhir/concept-properties#status</td><td>code</td><td>A property that indicates the status of the concept.</td></tr><tr><td>retirementDate</td><td>retirementDate</td><td>http://hl7.org/fhir/concept-properties#retirementDate</td><td>dateTime</td><td>Date Concept was retired</td></tr></table><p><b>Concepts</b></p><p>This case-insensitive code system <code>https://mos.esante.gouv.fr/NOS/TRE_R391-MotifRestrictionDiffusion/FHIR/TRE-R391-MotifRestrictionDiffusion</code> defines the following codes:</p><table class="codes"><tr><td style="white-space:nowrap"><b>Code</b></td><td><b>Display</b></td><td><b>dateValid</b></td><td><b>dateMaj</b></td><td><b>status</b></td></tr><tr><td style="white-space:nowrap">OPP_DIF_PUB<a name="TRE-R391-MotifRestrictionDiffusion-OPP_DIF_PUB"> </a></td><td>Opposition à diffusion publique</td><td>2025-04-25T12:00:00+01:00</td><td>2025-04-25T12:00:00+01:00</td><td>active</td></tr><tr><td style="white-space:nowrap">PS_DANGER<a name="TRE-R391-MotifRestrictionDiffusion-PS_DANGER"> </a></td><td>Professionnel en danger</td><td>2025-04-25T12:00:00+01:00</td><td>2025-04-25T12:00:00+01:00</td><td>active</td></tr></table></div>
  </text>
  <extension url="http://hl7.org/fhir/StructureDefinition/resource-effectivePeriod">
    <valuePeriod>
      <start value="2025-04-25T12:00:00+01:00"/>
    </valuePeriod>
  </extension>
  <url value="https://mos.esante.gouv.fr/NOS/TRE_R391-MotifRestrictionDiffusion/FHIR/TRE-R391-MotifRestrictionDiffusion"/>
  <identifier>
    <system value="urn:ietf:rfc:3986"/>
    <value value="urn:oid:1.2.250.1.213.3.3.259"/>
  </identifier>
  <version value="20250425120000"/>
  <name value="TRE_R391_MotifRestrictionDiffusion"/>
  <status value="active"/>
  <experimental value="false"/>
  <date value="2025-04-25T12:00:00+01:00"/>
  <publisher value="Agence du Numérique en Santé (ANS) - 2-10 Rue d'Oradour-sur-Glane, 75015 Paris"/>
  <description value="Nomenclature contenant les motifs de restriction de diffusion"/>
  <jurisdiction>
    <coding>
      <system value="urn:iso:std:iso:3166"/>
      <code value="FRA"/>
    </coding>
  </jurisdiction>
  <caseSensitive value="false"/>
  <content value="complete"/>
  <property>
    <code value="dateValid"/>
    <description value="date de validité d'un code concept"/>
    <type value="dateTime"/>
  </property>
  <property>
    <code value="dateMaj"/>
    <description value="Date de mise à jour d'un code concept"/>
    <type value="dateTime"/>
  </property>
  <property>
    <code value="dateFin"/>
    <description value="Date de fin d'exploitation d'un code concept"/>
    <type value="dateTime"/>
  </property>
  <property>
    <code value="deprecationDate"/>
    <uri value="http://hl7.org/fhir/concept-properties#deprecationDate"/>
    <description value="Date Concept was deprecated"/>
    <type value="dateTime"/>
  </property>
  <property>
    <code value="status"/>
    <uri value="http://hl7.org/fhir/concept-properties#status"/>
    <description value="A property that indicates the status of the concept."/>
    <type value="code"/>
  </property>
  <property>
    <code value="retirementDate"/>
    <uri value="http://hl7.org/fhir/concept-properties#retirementDate"/>
    <description value="Date Concept was retired"/>
    <type value="dateTime"/>
  </property>
  <concept>
    <code value="OPP_DIF_PUB"/>
    <display value="Opposition à diffusion publique"/>
    <property>
      <code value="dateValid"/>
      <valueDateTime value="2025-04-25T12:00:00+01:00"/>
    </property>
    <property>
      <code value="dateMaj"/>
      <valueDateTime value="2025-04-25T12:00:00+01:00"/>
    </property>
    <property>
      <code value="status"/>
      <valueCode value="active"/>
    </property>
  </concept>
  <concept>
    <code value="PS_DANGER"/>
    <display value="Professionnel en danger"/>
    <property>
      <code value="dateValid"/>
      <valueDateTime value="2025-04-25T12:00:00+01:00"/>
    </property>
    <property>
      <code value="dateMaj"/>
      <valueDateTime value="2025-04-25T12:00:00+01:00"/>
    </property>
    <property>
      <code value="status"/>
      <valueCode value="active"/>
    </property>
  </concept>
</CodeSystem>