<?xml version="1.0" encoding="UTF-8"?>

<CodeSystem xmlns="http://hl7.org/fhir">
  <id value="TRE-R55-CertificatEtudeSpeciale"/>
  <meta>
    <versionId value="5"/>
    <lastUpdated value="2025-07-02T18:18:21.237+00:00"/>
    <profile value="http://hl7.org/fhir/StructureDefinition/shareablecodesystem"/>
  </meta>
  <text>
    <status value="generated"/><div xmlns="http://www.w3.org/1999/xhtml"><p class="res-header-id"><b>Narratif généré : CodeSystem TRE-R55-CertificatEtudeSpeciale</b></p><a name="TRE-R55-CertificatEtudeSpeciale"> </a><a name="hcTRE-R55-CertificatEtudeSpeciale"> </a><div style="display: inline-block; background-color: #d9e0e7; padding: 6px; margin: 4px; border: 1px solid #8da1b4; border-radius: 5px; line-height: 60%"><p style="margin-bottom: 0px">version: 4; Dernière mise à jour : 2024-08-28 05:13:59+0000</p><p style="margin-bottom: 0px">Profil: <a href="http://hl7.org/fhir/R4/shareablecodesystem.html">Shareable CodeSystem</a></p></div><p><b>Propriétés</b></p><p><b>Cette terminologie de référence (CodeSystem) définit les propriétés suivantes pour ses concepts</b></p><table class="grid"><tr><td><b>Nom</b></td><td><b>Code</b></td><td><b>Type</b></td><td><b>Description</b></td></tr><tr><td>dateValid</td><td>dateValid</td><td>dateTime</td><td>date de validité d'un code concept</td></tr><tr><td>dateMaj</td><td>dateMaj</td><td>dateTime</td><td>Date de mise à jour d'un code concept</td></tr><tr><td>dateFin</td><td>dateFin</td><td>dateTime</td><td>Date de fin d'exploitation d'un code concept</td></tr></table><p><b>Concepts</b></p><p>This case-insensitive code system <code>https://mos.esante.gouv.fr/NOS/TRE_R55-CertificatEtudeSpeciale/FHIR/TRE-R55-CertificatEtudeSpeciale</code> defines the following codes:</p><table class="codes"><tr><td style="white-space:nowrap"><b>Code</b></td><td><b>Display</b></td><td><b>dateValid</b></td><td><b>dateMaj</b></td><td><b>French (France) (fr)</b></td></tr><tr><td style="white-space:nowrap">CESC01<a name="TRE-R55-CertificatEtudeSpeciale-CESC01"> </a></td><td>CES Biologie de la bouche, option Histo-embryologique</td><td>2007-07-25T15:04:42+01:00</td><td>2016-09-01T00:00:00+01:00</td><td>CES Bio bouche, opt Histo-embr</td></tr><tr><td style="white-space:nowrap">CESC02<a name="TRE-R55-CertificatEtudeSpeciale-CESC02"> </a></td><td>CES Biologie de la bouche, option Anatomo-physiologue</td><td>2007-07-25T15:04:42+01:00</td><td>2016-09-01T00:00:00+01:00</td><td>CES Bio bouche, opt Ana-physio</td></tr><tr><td style="white-space:nowrap">CESC03<a name="TRE-R55-CertificatEtudeSpeciale-CESC03"> </a></td><td>CES Technologie des matériaux employés art dentaire</td><td>2007-07-25T15:04:42+01:00</td><td>2016-09-01T00:00:00+01:00</td><td>CES Techno matér art dentaire</td></tr><tr><td style="white-space:nowrap">CESC04<a name="TRE-R55-CertificatEtudeSpeciale-CESC04"> </a></td><td>CES Odontologie chirurgicale</td><td>2007-07-25T15:04:42+01:00</td><td>2008-02-28T00:00:00+01:00</td><td/></tr><tr><td style="white-space:nowrap">CESC05<a name="TRE-R55-CertificatEtudeSpeciale-CESC05"> </a></td><td>CES Odontologie conservatrice</td><td>2007-07-25T15:04:42+01:00</td><td>2008-02-28T00:00:00+01:00</td><td/></tr><tr><td style="white-space:nowrap">CESC06<a name="TRE-R55-CertificatEtudeSpeciale-CESC06"> </a></td><td>CES Odontologie légale</td><td>2007-07-25T15:04:42+01:00</td><td>2008-02-28T00:00:00+01:00</td><td/></tr><tr><td style="white-space:nowrap">CESC07<a name="TRE-R55-CertificatEtudeSpeciale-CESC07"> </a></td><td>CES Orthopédie dento-faciale</td><td>2007-07-25T15:04:42+01:00</td><td>2008-02-28T00:00:00+01:00</td><td/></tr><tr><td style="white-space:nowrap">CESC08<a name="TRE-R55-CertificatEtudeSpeciale-CESC08"> </a></td><td>CES Pédodontie-prévention</td><td>2007-07-25T15:04:42+01:00</td><td>2008-02-28T00:00:00+01:00</td><td/></tr><tr><td style="white-space:nowrap">CESC09<a name="TRE-R55-CertificatEtudeSpeciale-CESC09"> </a></td><td>CES Prothèse adjointe partielle</td><td>2007-07-25T15:04:42+01:00</td><td>2016-09-01T00:00:00+01:00</td><td>CES Prothèse adj partielle</td></tr><tr><td style="white-space:nowrap">CESC10<a name="TRE-R55-CertificatEtudeSpeciale-CESC10"> </a></td><td>CES Prothèse adjointe complète</td><td>2007-07-25T15:04:42+01:00</td><td>2016-09-01T00:00:00+01:00</td><td>CES Prothèse adj complète</td></tr><tr><td style="white-space:nowrap">CESC11<a name="TRE-R55-CertificatEtudeSpeciale-CESC11"> </a></td><td>CES Prothèse adjointe maxillo-faciale</td><td>2007-07-25T15:04:42+01:00</td><td>2016-09-01T00:00:00+01:00</td><td>CES Prothèse adj maxillo-fac</td></tr><tr><td style="white-space:nowrap">CESC12<a name="TRE-R55-CertificatEtudeSpeciale-CESC12"> </a></td><td>CES Prothèse scellée</td><td>2007-07-25T15:04:42+01:00</td><td>2008-02-28T00:00:00+01:00</td><td/></tr><tr><td style="white-space:nowrap">CESM01<a name="TRE-R55-CertificatEtudeSpeciale-CESM01"> </a></td><td>CES Médecine aéronautique</td><td>2007-07-25T15:04:42+01:00</td><td>2008-02-28T00:00:00+01:00</td><td/></tr><tr><td style="white-space:nowrap">CESM02<a name="TRE-R55-CertificatEtudeSpeciale-CESM02"> </a></td><td>CES Anatomie et Cytologie pathologiques</td><td>2007-07-25T15:04:42+01:00</td><td>2016-09-01T00:00:00+01:00</td><td>CES Anatomie, Cytologie patho</td></tr><tr><td style="white-space:nowrap">CESM03<a name="TRE-R55-CertificatEtudeSpeciale-CESM03"> </a></td><td>CES Anesthésie-réanimation</td><td>2007-07-25T15:04:42+01:00</td><td>2008-02-28T00:00:00+01:00</td><td/></tr><tr><td style="white-space:nowrap">CESM04<a name="TRE-R55-CertificatEtudeSpeciale-CESM04"> </a></td><td>CES Cardiologie et Maladies vasculaires</td><td>2007-07-25T15:04:42+01:00</td><td>2016-09-01T00:00:00+01:00</td><td>CES Cardiologie, Mal vascul</td></tr><tr><td style="white-space:nowrap">CESM05<a name="TRE-R55-CertificatEtudeSpeciale-CESM05"> </a></td><td>CES Chirurgie générale</td><td>2007-07-25T15:04:42+01:00</td><td>2008-02-28T00:00:00+01:00</td><td/></tr><tr><td style="white-space:nowrap">CESM06<a name="TRE-R55-CertificatEtudeSpeciale-CESM06"> </a></td><td>CES Dermato-vénéréologie</td><td>2007-07-25T15:04:42+01:00</td><td>2008-02-28T00:00:00+01:00</td><td/></tr><tr><td style="white-space:nowrap">CESM07<a name="TRE-R55-CertificatEtudeSpeciale-CESM07"> </a></td><td>CES Electro-radiologie</td><td>2007-07-25T15:04:42+01:00</td><td>2008-02-28T00:00:00+01:00</td><td/></tr><tr><td style="white-space:nowrap">CESM09<a name="TRE-R55-CertificatEtudeSpeciale-CESM09"> </a></td><td>CES Gynécologie médicale</td><td>2007-07-25T15:04:42+01:00</td><td>2008-02-28T00:00:00+01:00</td><td/></tr><tr><td style="white-space:nowrap">CESM10<a name="TRE-R55-CertificatEtudeSpeciale-CESM10"> </a></td><td>CES Maladies de l'appareil digestif</td><td>2007-07-25T15:04:42+01:00</td><td>2016-09-01T00:00:00+01:00</td><td>CES Maladies appareil digestif</td></tr><tr><td style="white-space:nowrap">CESM13<a name="TRE-R55-CertificatEtudeSpeciale-CESM13"> </a></td><td>CES Néphrologie</td><td>2007-07-25T15:04:42+01:00</td><td>2008-02-28T00:00:00+01:00</td><td/></tr><tr><td style="white-space:nowrap">CESM14<a name="TRE-R55-CertificatEtudeSpeciale-CESM14"> </a></td><td>CES Neuro-chirurgie</td><td>2007-07-25T15:04:42+01:00</td><td>2008-02-28T00:00:00+01:00</td><td/></tr><tr><td style="white-space:nowrap">CESM15<a name="TRE-R55-CertificatEtudeSpeciale-CESM15"> </a></td><td>CES Neurologie</td><td>2007-07-25T15:04:42+01:00</td><td>2008-02-28T00:00:00+01:00</td><td/></tr><tr><td style="white-space:nowrap">CESM16<a name="TRE-R55-CertificatEtudeSpeciale-CESM16"> </a></td><td>CES Pédiatrie</td><td>2007-07-25T15:04:42+01:00</td><td>2011-01-17T11:47:08+01:00</td><td/></tr><tr><td style="white-space:nowrap">CESM17<a name="TRE-R55-CertificatEtudeSpeciale-CESM17"> </a></td><td>CES Pneumologie</td><td>2007-07-25T15:04:42+01:00</td><td>2008-02-28T00:00:00+01:00</td><td/></tr><tr><td style="white-space:nowrap">CESM18<a name="TRE-R55-CertificatEtudeSpeciale-CESM18"> </a></td><td>CES Psychiatrie</td><td>2007-07-25T15:04:42+01:00</td><td>2008-02-28T00:00:00+01:00</td><td/></tr><tr><td style="white-space:nowrap">CESM19<a name="TRE-R55-CertificatEtudeSpeciale-CESM19"> </a></td><td>CES Psychiatrie, option enfant et adolescent</td><td>2007-07-25T15:04:42+01:00</td><td>2016-09-01T00:00:00+01:00</td><td>CES Psychiatrie opt enfant ado</td></tr><tr><td style="white-space:nowrap">CESM20<a name="TRE-R55-CertificatEtudeSpeciale-CESM20"> </a></td><td>CES Radio-diagnostic</td><td>2007-07-25T15:04:42+01:00</td><td>2008-02-28T00:00:00+01:00</td><td/></tr><tr><td style="white-space:nowrap">CESM21<a name="TRE-R55-CertificatEtudeSpeciale-CESM21"> </a></td><td>CES Radio-thérapie</td><td>2007-07-25T15:04:42+01:00</td><td>2008-02-28T00:00:00+01:00</td><td/></tr><tr><td style="white-space:nowrap">CESM22<a name="TRE-R55-CertificatEtudeSpeciale-CESM22"> </a></td><td>CES Médecine physique et réadaptation fonctionnelle</td><td>2007-07-25T15:04:42+01:00</td><td>2016-09-01T00:00:00+01:00</td><td>CES Médecine phys, réadap fonc</td></tr><tr><td style="white-space:nowrap">CESM23<a name="TRE-R55-CertificatEtudeSpeciale-CESM23"> </a></td><td>CES Rhumatologie</td><td>2007-07-25T15:04:42+01:00</td><td>2008-02-28T00:00:00+01:00</td><td/></tr><tr><td style="white-space:nowrap">CESM24<a name="TRE-R55-CertificatEtudeSpeciale-CESM24"> </a></td><td>CES Médecine Nucléaire</td><td>2007-07-25T15:04:42+01:00</td><td>2008-02-28T00:00:00+01:00</td><td/></tr><tr><td style="white-space:nowrap">CESM25<a name="TRE-R55-CertificatEtudeSpeciale-CESM25"> </a></td><td>CES Endocrinologie, diabète, Maladies métaboliques</td><td>2007-07-25T15:04:42+01:00</td><td>2016-09-01T00:00:00+01:00</td><td>CES Endocrin, diab, Mal métab</td></tr><tr><td style="white-space:nowrap">CESM26<a name="TRE-R55-CertificatEtudeSpeciale-CESM26"> </a></td><td>CES Gynécologie médicale et Obstétrique</td><td>2007-07-25T15:04:42+01:00</td><td>2016-09-01T00:00:00+01:00</td><td>CES Gynéco-méd, Obstétrique</td></tr><tr><td style="white-space:nowrap">CESM27<a name="TRE-R55-CertificatEtudeSpeciale-CESM27"> </a></td><td>CES Médecine appliquée aux sports</td><td>2007-07-25T15:04:42+01:00</td><td>2016-09-01T00:00:00+01:00</td><td>CES Médecine appliquée sports</td></tr><tr><td style="white-space:nowrap">CESM28<a name="TRE-R55-CertificatEtudeSpeciale-CESM28"> </a></td><td>CES Médecine légale</td><td>2007-07-25T15:04:42+01:00</td><td>2008-02-28T00:00:00+01:00</td><td/></tr><tr><td style="white-space:nowrap">CESM29<a name="TRE-R55-CertificatEtudeSpeciale-CESM29"> </a></td><td>CES Maladies du sang</td><td>2007-07-25T15:04:42+01:00</td><td>2008-02-28T00:00:00+01:00</td><td/></tr><tr><td style="white-space:nowrap">CESM30<a name="TRE-R55-CertificatEtudeSpeciale-CESM30"> </a></td><td>CES Obstétrique</td><td>2007-07-25T15:04:42+01:00</td><td>2008-02-28T00:00:00+01:00</td><td/></tr><tr><td style="white-space:nowrap">CESM31<a name="TRE-R55-CertificatEtudeSpeciale-CESM31"> </a></td><td>CES Ophtalmologie</td><td>2007-07-25T15:04:42+01:00</td><td>2008-02-28T00:00:00+01:00</td><td/></tr><tr><td style="white-space:nowrap">CESM32<a name="TRE-R55-CertificatEtudeSpeciale-CESM32"> </a></td><td>CES Otho-rhino-laryngologie</td><td>2007-07-25T15:04:42+01:00</td><td>2016-09-01T00:00:00+01:00</td><td>CES ORL</td></tr><tr><td style="white-space:nowrap">CESM33<a name="TRE-R55-CertificatEtudeSpeciale-CESM33"> </a></td><td>CES Stomatologie</td><td>2007-07-25T00:00:00+01:00</td><td>2008-02-28T00:00:00+01:00</td><td/></tr><tr><td style="white-space:nowrap">CESM34<a name="TRE-R55-CertificatEtudeSpeciale-CESM34"> </a></td><td>CES Médecine du travail</td><td>2007-07-25T00:00:00+01:00</td><td>2011-01-17T11:47:08+01:00</td><td/></tr><tr><td style="white-space:nowrap">CESM35<a name="TRE-R55-CertificatEtudeSpeciale-CESM35"> </a></td><td>CES Orthopédie dento-maxillo-faciale</td><td>2007-07-25T00:00:00+01:00</td><td>2016-09-01T00:00:00+01:00</td><td>CES Orthopédie dento-maxil-fac</td></tr><tr><td style="white-space:nowrap">CESM36<a name="TRE-R55-CertificatEtudeSpeciale-CESM36"> </a></td><td>CES Neuro psychiatrie</td><td>2007-07-25T00:00:00+01:00</td><td>2008-02-28T00:00:00+01:00</td><td/></tr><tr><td style="white-space:nowrap">CESM37<a name="TRE-R55-CertificatEtudeSpeciale-CESM37"> </a></td><td>CES Radio-diagnostic et thérapie</td><td>2007-07-25T00:00:00+01:00</td><td>2016-09-01T00:00:00+01:00</td><td>CES Radio-diagnosti, thérapie</td></tr><tr><td style="white-space:nowrap">CESP01<a name="TRE-R55-CertificatEtudeSpeciale-CESP01"> </a></td><td>Bactérologie et Virologie clinique</td><td>2007-07-25T15:04:42+01:00</td><td>2016-09-01T00:00:00+01:00</td><td>Bactérologie, Virologie cliniq</td></tr><tr><td style="white-space:nowrap">CESP02<a name="TRE-R55-CertificatEtudeSpeciale-CESP02"> </a></td><td>Biochimie</td><td>2007-07-25T15:04:42+01:00</td><td>2008-02-28T00:00:00+01:00</td><td/></tr><tr><td style="white-space:nowrap">CESP06<a name="TRE-R55-CertificatEtudeSpeciale-CESP06"> </a></td><td>Diagnostic biologiste parasitaire</td><td>2007-07-25T15:04:42+01:00</td><td>2016-09-01T00:00:00+01:00</td><td>Diag biologiste parasitaire</td></tr><tr><td style="white-space:nowrap">CESP07<a name="TRE-R55-CertificatEtudeSpeciale-CESP07"> </a></td><td>Hématologie</td><td>2007-07-25T15:04:42+01:00</td><td>2008-02-28T00:00:00+01:00</td><td/></tr><tr><td style="white-space:nowrap">CESP08<a name="TRE-R55-CertificatEtudeSpeciale-CESP08"> </a></td><td>Immunologie générale et appliquée</td><td>2007-07-25T15:04:42+01:00</td><td>2016-09-01T00:00:00+01:00</td><td>Immunologie géné, appliquée</td></tr></table></div>
  </text>
  <extension url="http://hl7.org/fhir/StructureDefinition/resource-effectivePeriod">
    <valuePeriod>
      <start value="2013-06-28T00:00:00+01:00"/>
    </valuePeriod>
  </extension>
  <url value="https://mos.esante.gouv.fr/NOS/TRE_R55-CertificatEtudeSpeciale/FHIR/TRE-R55-CertificatEtudeSpeciale"/>
  <identifier>
    <system value="urn:ietf:rfc:3986"/>
    <value value="urn:oid:1.2.250.1.213.1.6.1.52"/>
  </identifier>
  <version value="20231215120000"/>
  <name value="TRE_R55_CertificatEtudeSpeciale"/>
  <status value="active"/>
  <experimental value="false"/>
  <date value="2023-12-15T12:00:00+01:00"/>
  <publisher value="Agence du Numérique en Santé (ANS) - 2-10 Rue d'Oradour-sur-Glane, 75015 Paris"/>
  <description value="Certificat d'Etude Spéciale"/>
  <jurisdiction>
    <coding>
      <system value="urn:iso:std:iso:3166"/>
      <code value="FRA"/>
    </coding>
  </jurisdiction>
  <caseSensitive value="false"/>
  <content value="complete"/>
  <property>
    <code value="dateValid"/>
    <description value="date de validité d'un code concept"/>
    <type value="dateTime"/>
  </property>
  <property>
    <code value="dateMaj"/>
    <description value="Date de mise à jour d'un code concept"/>
    <type value="dateTime"/>
  </property>
  <property>
    <code value="dateFin"/>
    <description value="Date de fin d'exploitation d'un code concept"/>
    <type value="dateTime"/>
  </property>
  <property>
    <code value="deprecationDate"/>
    <uri value="http://hl7.org/fhir/concept-properties#deprecationDate"/>
    <description value="Date Concept was deprecated"/>
    <type value="dateTime"/>
  </property>
  <property>
    <code value="status"/>
    <uri value="http://hl7.org/fhir/concept-properties#status"/>
    <description value="A property that indicates the status of the concept."/>
    <type value="code"/>
  </property>
  <property>
    <code value="retirementDate"/>
    <uri value="http://hl7.org/fhir/concept-properties#retirementDate"/>
    <description value="Date Concept was retired"/>
    <type value="dateTime"/>
  </property>
  <concept>
    <code value="CESC01"/>
    <display value="CES Biologie de la bouche, option Histo-embryologique"/>
    <designation>
      <language value="fr-FR"/>
      <use>
        <system value="http://snomed.info/sct"/>
        <code value="900000000000013009"/>
      </use>
      <value value="CES Bio bouche, opt Histo-embr"/>
    </designation>
    <property>
      <code value="dateValid"/>
      <valueDateTime value="2007-07-25T15:04:42+01:00"/>
    </property>
    <property>
      <code value="dateMaj"/>
      <valueDateTime value="2016-09-01T00:00:00+01:00"/>
    </property>
    <property>
      <code value="status"/>
      <valueCode value="active"/>
    </property>
  </concept>
  <concept>
    <code value="CESC02"/>
    <display value="CES Biologie de la bouche, option Anatomo-physiologue"/>
    <designation>
      <language value="fr-FR"/>
      <use>
        <system value="http://snomed.info/sct"/>
        <code value="900000000000013009"/>
      </use>
      <value value="CES Bio bouche, opt Ana-physio"/>
    </designation>
    <property>
      <code value="dateValid"/>
      <valueDateTime value="2007-07-25T15:04:42+01:00"/>
    </property>
    <property>
      <code value="dateMaj"/>
      <valueDateTime value="2016-09-01T00:00:00+01:00"/>
    </property>
    <property>
      <code value="status"/>
      <valueCode value="active"/>
    </property>
  </concept>
  <concept>
    <code value="CESC03"/>
    <display value="CES Technologie des matériaux employés art dentaire"/>
    <designation>
      <language value="fr-FR"/>
      <use>
        <system value="http://snomed.info/sct"/>
        <code value="900000000000013009"/>
      </use>
      <value value="CES Techno matér art dentaire"/>
    </designation>
    <property>
      <code value="dateValid"/>
      <valueDateTime value="2007-07-25T15:04:42+01:00"/>
    </property>
    <property>
      <code value="dateMaj"/>
      <valueDateTime value="2016-09-01T00:00:00+01:00"/>
    </property>
    <property>
      <code value="status"/>
      <valueCode value="active"/>
    </property>
  </concept>
  <concept>
    <code value="CESC04"/>
    <display value="CES Odontologie chirurgicale"/>
    <property>
      <code value="dateValid"/>
      <valueDateTime value="2007-07-25T15:04:42+01:00"/>
    </property>
    <property>
      <code value="dateMaj"/>
      <valueDateTime value="2008-02-28T00:00:00+01:00"/>
    </property>
    <property>
      <code value="status"/>
      <valueCode value="active"/>
    </property>
  </concept>
  <concept>
    <code value="CESC05"/>
    <display value="CES Odontologie conservatrice"/>
    <property>
      <code value="dateValid"/>
      <valueDateTime value="2007-07-25T15:04:42+01:00"/>
    </property>
    <property>
      <code value="dateMaj"/>
      <valueDateTime value="2008-02-28T00:00:00+01:00"/>
    </property>
    <property>
      <code value="status"/>
      <valueCode value="active"/>
    </property>
  </concept>
  <concept>
    <code value="CESC06"/>
    <display value="CES Odontologie légale"/>
    <property>
      <code value="dateValid"/>
      <valueDateTime value="2007-07-25T15:04:42+01:00"/>
    </property>
    <property>
      <code value="dateMaj"/>
      <valueDateTime value="2008-02-28T00:00:00+01:00"/>
    </property>
    <property>
      <code value="status"/>
      <valueCode value="active"/>
    </property>
  </concept>
  <concept>
    <code value="CESC07"/>
    <display value="CES Orthopédie dento-faciale"/>
    <property>
      <code value="dateValid"/>
      <valueDateTime value="2007-07-25T15:04:42+01:00"/>
    </property>
    <property>
      <code value="dateMaj"/>
      <valueDateTime value="2008-02-28T00:00:00+01:00"/>
    </property>
    <property>
      <code value="status"/>
      <valueCode value="active"/>
    </property>
  </concept>
  <concept>
    <code value="CESC08"/>
    <display value="CES Pédodontie-prévention"/>
    <property>
      <code value="dateValid"/>
      <valueDateTime value="2007-07-25T15:04:42+01:00"/>
    </property>
    <property>
      <code value="dateMaj"/>
      <valueDateTime value="2008-02-28T00:00:00+01:00"/>
    </property>
    <property>
      <code value="status"/>
      <valueCode value="active"/>
    </property>
  </concept>
  <concept>
    <code value="CESC09"/>
    <display value="CES Prothèse adjointe partielle"/>
    <designation>
      <language value="fr-FR"/>
      <use>
        <system value="http://snomed.info/sct"/>
        <code value="900000000000013009"/>
      </use>
      <value value="CES Prothèse adj partielle"/>
    </designation>
    <property>
      <code value="dateValid"/>
      <valueDateTime value="2007-07-25T15:04:42+01:00"/>
    </property>
    <property>
      <code value="dateMaj"/>
      <valueDateTime value="2016-09-01T00:00:00+01:00"/>
    </property>
    <property>
      <code value="status"/>
      <valueCode value="active"/>
    </property>
  </concept>
  <concept>
    <code value="CESC10"/>
    <display value="CES Prothèse adjointe complète"/>
    <designation>
      <language value="fr-FR"/>
      <use>
        <system value="http://snomed.info/sct"/>
        <code value="900000000000013009"/>
      </use>
      <value value="CES Prothèse adj complète"/>
    </designation>
    <property>
      <code value="dateValid"/>
      <valueDateTime value="2007-07-25T15:04:42+01:00"/>
    </property>
    <property>
      <code value="dateMaj"/>
      <valueDateTime value="2016-09-01T00:00:00+01:00"/>
    </property>
    <property>
      <code value="status"/>
      <valueCode value="active"/>
    </property>
  </concept>
  <concept>
    <code value="CESC11"/>
    <display value="CES Prothèse adjointe maxillo-faciale"/>
    <designation>
      <language value="fr-FR"/>
      <use>
        <system value="http://snomed.info/sct"/>
        <code value="900000000000013009"/>
      </use>
      <value value="CES Prothèse adj maxillo-fac"/>
    </designation>
    <property>
      <code value="dateValid"/>
      <valueDateTime value="2007-07-25T15:04:42+01:00"/>
    </property>
    <property>
      <code value="dateMaj"/>
      <valueDateTime value="2016-09-01T00:00:00+01:00"/>
    </property>
    <property>
      <code value="status"/>
      <valueCode value="active"/>
    </property>
  </concept>
  <concept>
    <code value="CESC12"/>
    <display value="CES Prothèse scellée"/>
    <property>
      <code value="dateValid"/>
      <valueDateTime value="2007-07-25T15:04:42+01:00"/>
    </property>
    <property>
      <code value="dateMaj"/>
      <valueDateTime value="2008-02-28T00:00:00+01:00"/>
    </property>
    <property>
      <code value="status"/>
      <valueCode value="active"/>
    </property>
  </concept>
  <concept>
    <code value="CESM01"/>
    <display value="CES Médecine aéronautique"/>
    <property>
      <code value="dateValid"/>
      <valueDateTime value="2007-07-25T15:04:42+01:00"/>
    </property>
    <property>
      <code value="dateMaj"/>
      <valueDateTime value="2008-02-28T00:00:00+01:00"/>
    </property>
    <property>
      <code value="status"/>
      <valueCode value="active"/>
    </property>
  </concept>
  <concept>
    <code value="CESM02"/>
    <display value="CES Anatomie et Cytologie pathologiques"/>
    <designation>
      <language value="fr-FR"/>
      <use>
        <system value="http://snomed.info/sct"/>
        <code value="900000000000013009"/>
      </use>
      <value value="CES Anatomie, Cytologie patho"/>
    </designation>
    <property>
      <code value="dateValid"/>
      <valueDateTime value="2007-07-25T15:04:42+01:00"/>
    </property>
    <property>
      <code value="dateMaj"/>
      <valueDateTime value="2016-09-01T00:00:00+01:00"/>
    </property>
    <property>
      <code value="status"/>
      <valueCode value="active"/>
    </property>
  </concept>
  <concept>
    <code value="CESM03"/>
    <display value="CES Anesthésie-réanimation"/>
    <property>
      <code value="dateValid"/>
      <valueDateTime value="2007-07-25T15:04:42+01:00"/>
    </property>
    <property>
      <code value="dateMaj"/>
      <valueDateTime value="2008-02-28T00:00:00+01:00"/>
    </property>
    <property>
      <code value="status"/>
      <valueCode value="active"/>
    </property>
  </concept>
  <concept>
    <code value="CESM04"/>
    <display value="CES Cardiologie et Maladies vasculaires"/>
    <designation>
      <language value="fr-FR"/>
      <use>
        <system value="http://snomed.info/sct"/>
        <code value="900000000000013009"/>
      </use>
      <value value="CES Cardiologie, Mal vascul"/>
    </designation>
    <property>
      <code value="dateValid"/>
      <valueDateTime value="2007-07-25T15:04:42+01:00"/>
    </property>
    <property>
      <code value="dateMaj"/>
      <valueDateTime value="2016-09-01T00:00:00+01:00"/>
    </property>
    <property>
      <code value="status"/>
      <valueCode value="active"/>
    </property>
  </concept>
  <concept>
    <code value="CESM05"/>
    <display value="CES Chirurgie générale"/>
    <property>
      <code value="dateValid"/>
      <valueDateTime value="2007-07-25T15:04:42+01:00"/>
    </property>
    <property>
      <code value="dateMaj"/>
      <valueDateTime value="2008-02-28T00:00:00+01:00"/>
    </property>
    <property>
      <code value="status"/>
      <valueCode value="active"/>
    </property>
  </concept>
  <concept>
    <code value="CESM06"/>
    <display value="CES Dermato-vénéréologie"/>
    <property>
      <code value="dateValid"/>
      <valueDateTime value="2007-07-25T15:04:42+01:00"/>
    </property>
    <property>
      <code value="dateMaj"/>
      <valueDateTime value="2008-02-28T00:00:00+01:00"/>
    </property>
    <property>
      <code value="status"/>
      <valueCode value="active"/>
    </property>
  </concept>
  <concept>
    <code value="CESM07"/>
    <display value="CES Electro-radiologie"/>
    <property>
      <code value="dateValid"/>
      <valueDateTime value="2007-07-25T15:04:42+01:00"/>
    </property>
    <property>
      <code value="dateMaj"/>
      <valueDateTime value="2008-02-28T00:00:00+01:00"/>
    </property>
    <property>
      <code value="status"/>
      <valueCode value="active"/>
    </property>
  </concept>
  <concept>
    <code value="CESM09"/>
    <display value="CES Gynécologie médicale"/>
    <property>
      <code value="dateValid"/>
      <valueDateTime value="2007-07-25T15:04:42+01:00"/>
    </property>
    <property>
      <code value="dateMaj"/>
      <valueDateTime value="2008-02-28T00:00:00+01:00"/>
    </property>
    <property>
      <code value="status"/>
      <valueCode value="active"/>
    </property>
  </concept>
  <concept>
    <code value="CESM10"/>
    <display value="CES Maladies de l'appareil digestif"/>
    <designation>
      <language value="fr-FR"/>
      <use>
        <system value="http://snomed.info/sct"/>
        <code value="900000000000013009"/>
      </use>
      <value value="CES Maladies appareil digestif"/>
    </designation>
    <property>
      <code value="dateValid"/>
      <valueDateTime value="2007-07-25T15:04:42+01:00"/>
    </property>
    <property>
      <code value="dateMaj"/>
      <valueDateTime value="2016-09-01T00:00:00+01:00"/>
    </property>
    <property>
      <code value="status"/>
      <valueCode value="active"/>
    </property>
  </concept>
  <concept>
    <code value="CESM13"/>
    <display value="CES Néphrologie"/>
    <property>
      <code value="dateValid"/>
      <valueDateTime value="2007-07-25T15:04:42+01:00"/>
    </property>
    <property>
      <code value="dateMaj"/>
      <valueDateTime value="2008-02-28T00:00:00+01:00"/>
    </property>
    <property>
      <code value="status"/>
      <valueCode value="active"/>
    </property>
  </concept>
  <concept>
    <code value="CESM14"/>
    <display value="CES Neuro-chirurgie"/>
    <property>
      <code value="dateValid"/>
      <valueDateTime value="2007-07-25T15:04:42+01:00"/>
    </property>
    <property>
      <code value="dateMaj"/>
      <valueDateTime value="2008-02-28T00:00:00+01:00"/>
    </property>
    <property>
      <code value="status"/>
      <valueCode value="active"/>
    </property>
  </concept>
  <concept>
    <code value="CESM15"/>
    <display value="CES Neurologie"/>
    <property>
      <code value="dateValid"/>
      <valueDateTime value="2007-07-25T15:04:42+01:00"/>
    </property>
    <property>
      <code value="dateMaj"/>
      <valueDateTime value="2008-02-28T00:00:00+01:00"/>
    </property>
    <property>
      <code value="status"/>
      <valueCode value="active"/>
    </property>
  </concept>
  <concept>
    <code value="CESM16"/>
    <display value="CES Pédiatrie"/>
    <property>
      <code value="dateValid"/>
      <valueDateTime value="2007-07-25T15:04:42+01:00"/>
    </property>
    <property>
      <code value="dateMaj"/>
      <valueDateTime value="2011-01-17T11:47:08+01:00"/>
    </property>
    <property>
      <code value="status"/>
      <valueCode value="active"/>
    </property>
  </concept>
  <concept>
    <code value="CESM17"/>
    <display value="CES Pneumologie"/>
    <property>
      <code value="dateValid"/>
      <valueDateTime value="2007-07-25T15:04:42+01:00"/>
    </property>
    <property>
      <code value="dateMaj"/>
      <valueDateTime value="2008-02-28T00:00:00+01:00"/>
    </property>
    <property>
      <code value="status"/>
      <valueCode value="active"/>
    </property>
  </concept>
  <concept>
    <code value="CESM18"/>
    <display value="CES Psychiatrie"/>
    <property>
      <code value="dateValid"/>
      <valueDateTime value="2007-07-25T15:04:42+01:00"/>
    </property>
    <property>
      <code value="dateMaj"/>
      <valueDateTime value="2008-02-28T00:00:00+01:00"/>
    </property>
    <property>
      <code value="status"/>
      <valueCode value="active"/>
    </property>
  </concept>
  <concept>
    <code value="CESM19"/>
    <display value="CES Psychiatrie, option enfant et adolescent"/>
    <designation>
      <language value="fr-FR"/>
      <use>
        <system value="http://snomed.info/sct"/>
        <code value="900000000000013009"/>
      </use>
      <value value="CES Psychiatrie opt enfant ado"/>
    </designation>
    <property>
      <code value="dateValid"/>
      <valueDateTime value="2007-07-25T15:04:42+01:00"/>
    </property>
    <property>
      <code value="dateMaj"/>
      <valueDateTime value="2016-09-01T00:00:00+01:00"/>
    </property>
    <property>
      <code value="status"/>
      <valueCode value="active"/>
    </property>
  </concept>
  <concept>
    <code value="CESM20"/>
    <display value="CES Radio-diagnostic"/>
    <property>
      <code value="dateValid"/>
      <valueDateTime value="2007-07-25T15:04:42+01:00"/>
    </property>
    <property>
      <code value="dateMaj"/>
      <valueDateTime value="2008-02-28T00:00:00+01:00"/>
    </property>
    <property>
      <code value="status"/>
      <valueCode value="active"/>
    </property>
  </concept>
  <concept>
    <code value="CESM21"/>
    <display value="CES Radio-thérapie"/>
    <property>
      <code value="dateValid"/>
      <valueDateTime value="2007-07-25T15:04:42+01:00"/>
    </property>
    <property>
      <code value="dateMaj"/>
      <valueDateTime value="2008-02-28T00:00:00+01:00"/>
    </property>
    <property>
      <code value="status"/>
      <valueCode value="active"/>
    </property>
  </concept>
  <concept>
    <code value="CESM22"/>
    <display value="CES Médecine physique et réadaptation fonctionnelle"/>
    <designation>
      <language value="fr-FR"/>
      <use>
        <system value="http://snomed.info/sct"/>
        <code value="900000000000013009"/>
      </use>
      <value value="CES Médecine phys, réadap fonc"/>
    </designation>
    <property>
      <code value="dateValid"/>
      <valueDateTime value="2007-07-25T15:04:42+01:00"/>
    </property>
    <property>
      <code value="dateMaj"/>
      <valueDateTime value="2016-09-01T00:00:00+01:00"/>
    </property>
    <property>
      <code value="status"/>
      <valueCode value="active"/>
    </property>
  </concept>
  <concept>
    <code value="CESM23"/>
    <display value="CES Rhumatologie"/>
    <property>
      <code value="dateValid"/>
      <valueDateTime value="2007-07-25T15:04:42+01:00"/>
    </property>
    <property>
      <code value="dateMaj"/>
      <valueDateTime value="2008-02-28T00:00:00+01:00"/>
    </property>
    <property>
      <code value="status"/>
      <valueCode value="active"/>
    </property>
  </concept>
  <concept>
    <code value="CESM24"/>
    <display value="CES Médecine Nucléaire"/>
    <property>
      <code value="dateValid"/>
      <valueDateTime value="2007-07-25T15:04:42+01:00"/>
    </property>
    <property>
      <code value="dateMaj"/>
      <valueDateTime value="2008-02-28T00:00:00+01:00"/>
    </property>
    <property>
      <code value="status"/>
      <valueCode value="active"/>
    </property>
  </concept>
  <concept>
    <code value="CESM25"/>
    <display value="CES Endocrinologie, diabète, Maladies métaboliques"/>
    <designation>
      <language value="fr-FR"/>
      <use>
        <system value="http://snomed.info/sct"/>
        <code value="900000000000013009"/>
      </use>
      <value value="CES Endocrin, diab, Mal métab"/>
    </designation>
    <property>
      <code value="dateValid"/>
      <valueDateTime value="2007-07-25T15:04:42+01:00"/>
    </property>
    <property>
      <code value="dateMaj"/>
      <valueDateTime value="2016-09-01T00:00:00+01:00"/>
    </property>
    <property>
      <code value="status"/>
      <valueCode value="active"/>
    </property>
  </concept>
  <concept>
    <code value="CESM26"/>
    <display value="CES Gynécologie médicale et Obstétrique"/>
    <designation>
      <language value="fr-FR"/>
      <use>
        <system value="http://snomed.info/sct"/>
        <code value="900000000000013009"/>
      </use>
      <value value="CES Gynéco-méd, Obstétrique"/>
    </designation>
    <property>
      <code value="dateValid"/>
      <valueDateTime value="2007-07-25T15:04:42+01:00"/>
    </property>
    <property>
      <code value="dateMaj"/>
      <valueDateTime value="2016-09-01T00:00:00+01:00"/>
    </property>
    <property>
      <code value="status"/>
      <valueCode value="active"/>
    </property>
  </concept>
  <concept>
    <code value="CESM27"/>
    <display value="CES Médecine appliquée aux sports"/>
    <designation>
      <language value="fr-FR"/>
      <use>
        <system value="http://snomed.info/sct"/>
        <code value="900000000000013009"/>
      </use>
      <value value="CES Médecine appliquée sports"/>
    </designation>
    <property>
      <code value="dateValid"/>
      <valueDateTime value="2007-07-25T15:04:42+01:00"/>
    </property>
    <property>
      <code value="dateMaj"/>
      <valueDateTime value="2016-09-01T00:00:00+01:00"/>
    </property>
    <property>
      <code value="status"/>
      <valueCode value="active"/>
    </property>
  </concept>
  <concept>
    <code value="CESM28"/>
    <display value="CES Médecine légale"/>
    <property>
      <code value="dateValid"/>
      <valueDateTime value="2007-07-25T15:04:42+01:00"/>
    </property>
    <property>
      <code value="dateMaj"/>
      <valueDateTime value="2008-02-28T00:00:00+01:00"/>
    </property>
    <property>
      <code value="status"/>
      <valueCode value="active"/>
    </property>
  </concept>
  <concept>
    <code value="CESM29"/>
    <display value="CES Maladies du sang"/>
    <property>
      <code value="dateValid"/>
      <valueDateTime value="2007-07-25T15:04:42+01:00"/>
    </property>
    <property>
      <code value="dateMaj"/>
      <valueDateTime value="2008-02-28T00:00:00+01:00"/>
    </property>
    <property>
      <code value="status"/>
      <valueCode value="active"/>
    </property>
  </concept>
  <concept>
    <code value="CESM30"/>
    <display value="CES Obstétrique"/>
    <property>
      <code value="dateValid"/>
      <valueDateTime value="2007-07-25T15:04:42+01:00"/>
    </property>
    <property>
      <code value="dateMaj"/>
      <valueDateTime value="2008-02-28T00:00:00+01:00"/>
    </property>
    <property>
      <code value="status"/>
      <valueCode value="active"/>
    </property>
  </concept>
  <concept>
    <code value="CESM31"/>
    <display value="CES Ophtalmologie"/>
    <property>
      <code value="dateValid"/>
      <valueDateTime value="2007-07-25T15:04:42+01:00"/>
    </property>
    <property>
      <code value="dateMaj"/>
      <valueDateTime value="2008-02-28T00:00:00+01:00"/>
    </property>
    <property>
      <code value="status"/>
      <valueCode value="active"/>
    </property>
  </concept>
  <concept>
    <code value="CESM32"/>
    <display value="CES Otho-rhino-laryngologie"/>
    <designation>
      <language value="fr-FR"/>
      <use>
        <system value="http://snomed.info/sct"/>
        <code value="900000000000013009"/>
      </use>
      <value value="CES ORL"/>
    </designation>
    <designation>
      <language value="fr-FR"/>
      <use>
        <system value="http://snomed.info/sct"/>
        <code value="900000000000013009"/>
      </use>
      <value value="CES Otho-rhino-laryngologie (ORL)"/>
    </designation>
    <property>
      <code value="dateValid"/>
      <valueDateTime value="2007-07-25T15:04:42+01:00"/>
    </property>
    <property>
      <code value="dateMaj"/>
      <valueDateTime value="2016-09-01T00:00:00+01:00"/>
    </property>
    <property>
      <code value="status"/>
      <valueCode value="active"/>
    </property>
  </concept>
  <concept>
    <code value="CESM33"/>
    <display value="CES Stomatologie"/>
    <property>
      <code value="dateValid"/>
      <valueDateTime value="2007-07-25T00:00:00+01:00"/>
    </property>
    <property>
      <code value="dateMaj"/>
      <valueDateTime value="2008-02-28T00:00:00+01:00"/>
    </property>
    <property>
      <code value="status"/>
      <valueCode value="active"/>
    </property>
  </concept>
  <concept>
    <code value="CESM34"/>
    <display value="CES Médecine du travail"/>
    <property>
      <code value="dateValid"/>
      <valueDateTime value="2007-07-25T00:00:00+01:00"/>
    </property>
    <property>
      <code value="dateMaj"/>
      <valueDateTime value="2011-01-17T11:47:08+01:00"/>
    </property>
    <property>
      <code value="status"/>
      <valueCode value="active"/>
    </property>
  </concept>
  <concept>
    <code value="CESM35"/>
    <display value="CES Orthopédie dento-maxillo-faciale"/>
    <designation>
      <language value="fr-FR"/>
      <use>
        <system value="http://snomed.info/sct"/>
        <code value="900000000000013009"/>
      </use>
      <value value="CES Orthopédie dento-maxil-fac"/>
    </designation>
    <property>
      <code value="dateValid"/>
      <valueDateTime value="2007-07-25T00:00:00+01:00"/>
    </property>
    <property>
      <code value="dateMaj"/>
      <valueDateTime value="2016-09-01T00:00:00+01:00"/>
    </property>
    <property>
      <code value="status"/>
      <valueCode value="active"/>
    </property>
  </concept>
  <concept>
    <code value="CESM36"/>
    <display value="CES Neuro psychiatrie"/>
    <property>
      <code value="dateValid"/>
      <valueDateTime value="2007-07-25T00:00:00+01:00"/>
    </property>
    <property>
      <code value="dateMaj"/>
      <valueDateTime value="2008-02-28T00:00:00+01:00"/>
    </property>
    <property>
      <code value="status"/>
      <valueCode value="active"/>
    </property>
  </concept>
  <concept>
    <code value="CESM37"/>
    <display value="CES Radio-diagnostic et thérapie"/>
    <designation>
      <language value="fr-FR"/>
      <use>
        <system value="http://snomed.info/sct"/>
        <code value="900000000000013009"/>
      </use>
      <value value="CES Radio-diagnosti, thérapie"/>
    </designation>
    <property>
      <code value="dateValid"/>
      <valueDateTime value="2007-07-25T00:00:00+01:00"/>
    </property>
    <property>
      <code value="dateMaj"/>
      <valueDateTime value="2016-09-01T00:00:00+01:00"/>
    </property>
    <property>
      <code value="status"/>
      <valueCode value="active"/>
    </property>
  </concept>
  <concept>
    <code value="CESP01"/>
    <display value="Bactérologie et Virologie clinique"/>
    <designation>
      <language value="fr-FR"/>
      <use>
        <system value="http://snomed.info/sct"/>
        <code value="900000000000013009"/>
      </use>
      <value value="Bactérologie, Virologie cliniq"/>
    </designation>
    <property>
      <code value="dateValid"/>
      <valueDateTime value="2007-07-25T15:04:42+01:00"/>
    </property>
    <property>
      <code value="dateMaj"/>
      <valueDateTime value="2016-09-01T00:00:00+01:00"/>
    </property>
    <property>
      <code value="status"/>
      <valueCode value="active"/>
    </property>
  </concept>
  <concept>
    <code value="CESP02"/>
    <display value="Biochimie"/>
    <property>
      <code value="dateValid"/>
      <valueDateTime value="2007-07-25T15:04:42+01:00"/>
    </property>
    <property>
      <code value="dateMaj"/>
      <valueDateTime value="2008-02-28T00:00:00+01:00"/>
    </property>
    <property>
      <code value="status"/>
      <valueCode value="active"/>
    </property>
  </concept>
  <concept>
    <code value="CESP06"/>
    <display value="Diagnostic biologiste parasitaire"/>
    <designation>
      <language value="fr-FR"/>
      <use>
        <system value="http://snomed.info/sct"/>
        <code value="900000000000013009"/>
      </use>
      <value value="Diag biologiste parasitaire"/>
    </designation>
    <property>
      <code value="dateValid"/>
      <valueDateTime value="2007-07-25T15:04:42+01:00"/>
    </property>
    <property>
      <code value="dateMaj"/>
      <valueDateTime value="2016-09-01T00:00:00+01:00"/>
    </property>
    <property>
      <code value="status"/>
      <valueCode value="active"/>
    </property>
  </concept>
  <concept>
    <code value="CESP07"/>
    <display value="Hématologie"/>
    <property>
      <code value="dateValid"/>
      <valueDateTime value="2007-07-25T15:04:42+01:00"/>
    </property>
    <property>
      <code value="dateMaj"/>
      <valueDateTime value="2008-02-28T00:00:00+01:00"/>
    </property>
    <property>
      <code value="status"/>
      <valueCode value="active"/>
    </property>
  </concept>
  <concept>
    <code value="CESP08"/>
    <display value="Immunologie générale et appliquée"/>
    <designation>
      <language value="fr-FR"/>
      <use>
        <system value="http://snomed.info/sct"/>
        <code value="900000000000013009"/>
      </use>
      <value value="Immunologie géné, appliquée"/>
    </designation>
    <property>
      <code value="dateValid"/>
      <valueDateTime value="2007-07-25T15:04:42+01:00"/>
    </property>
    <property>
      <code value="dateMaj"/>
      <valueDateTime value="2016-09-01T00:00:00+01:00"/>
    </property>
    <property>
      <code value="status"/>
      <valueCode value="active"/>
    </property>
  </concept>
</CodeSystem>