{
  "resourceType" : "CodeSystem",
  "id" : "TRE-R284-NiveauRecoursORSAN",
  "meta" : {
    "versionId" : "4",
    "lastUpdated" : "2024-08-28T05:13:07.689+00:00",
    "profile" : ["http://hl7.org/fhir/StructureDefinition/shareablecodesystem"]
  },
  "text" : {
    "status" : "generated",
    "div" : "<div xmlns=\"http://www.w3.org/1999/xhtml\"><p class=\"res-header-id\"><b>Generated Narrative: CodeSystem TRE-R284-NiveauRecoursORSAN</b></p><a name=\"TRE-R284-NiveauRecoursORSAN\"> </a><a name=\"hcTRE-R284-NiveauRecoursORSAN\"> </a><a name=\"TRE-R284-NiveauRecoursORSAN-fr-FR\"> </a><div style=\"display: inline-block; background-color: #d9e0e7; padding: 6px; margin: 4px; border: 1px solid #8da1b4; border-radius: 5px; line-height: 60%\"><p style=\"margin-bottom: 0px\">version: 4; Last updated: 2024-08-28 05:13:07+0000</p><p style=\"margin-bottom: 0px\">Profil: <a href=\"http://hl7.org/fhir/R4/shareablecodesystem.html\">Shareable CodeSystem</a></p></div><p><b>Propriétés</b></p><p><b>Cette terminologie de référence (CodeSystem) définit les propriétés suivantes pour ses concepts</b></p><table class=\"grid\"><tr><td><b>Nom</b></td><td><b>Code</b></td><td><b>Type</b></td><td><b>Description</b></td></tr><tr><td>dateValid</td><td>dateValid</td><td>dateTime</td><td>date de validité d'un code concept</td></tr><tr><td>dateMaj</td><td>dateMaj</td><td>dateTime</td><td>Date de mise à jour d'un code concept</td></tr><tr><td>dateFin</td><td>dateFin</td><td>dateTime</td><td>Date de fin d'exploitation d'un code concept</td></tr></table><p><b>Concepts</b></p><p>This case-insensitive code system <code>https://mos.esante.gouv.fr/NOS/TRE_R284-NiveauRecoursORSAN/FHIR/TRE-R284-NiveauRecoursORSAN</code> defines the following codes:</p><table class=\"codes\"><tr><td style=\"white-space:nowrap\"><b>Code</b></td><td><b>Display</b></td><td><b>dateValid</b></td><td><b>dateMaj</b></td><td><b>dateFin</b></td></tr><tr><td style=\"white-space:nowrap\">1<a name=\"TRE-R284-NiveauRecoursORSAN-1\"> </a></td><td>Première ligne</td><td>2018-12-14T12:00:00+01:00</td><td>2018-12-14T12:00:00+01:00</td><td/></tr><tr><td style=\"white-space:nowrap\">2<a name=\"TRE-R284-NiveauRecoursORSAN-2\"> </a></td><td>Recours</td><td>2018-12-14T12:00:00+01:00</td><td>2019-12-13T12:00:00+01:00</td><td>2019-12-13T12:00:00+01:00</td></tr><tr><td style=\"white-space:nowrap\">3<a name=\"TRE-R284-NiveauRecoursORSAN-3\"> </a></td><td>Repli</td><td>2018-12-14T12:00:00+01:00</td><td>2019-12-13T12:00:00+01:00</td><td>2019-12-13T12:00:00+01:00</td></tr><tr><td style=\"white-space:nowrap\">4<a name=\"TRE-R284-NiveauRecoursORSAN-4\"> </a></td><td>Deuxième ligne</td><td>2019-12-13T12:00:00+01:00</td><td>2019-12-13T12:00:00+01:00</td><td/></tr></table></div>"
  },
  "extension" : [{
    "url" : "http://hl7.org/fhir/StructureDefinition/resource-effectivePeriod",
    "valuePeriod" : {
      "start" : "2018-12-14T12:00:00+01:00"
    }
  }],
  "url" : "https://mos.esante.gouv.fr/NOS/TRE_R284-NiveauRecoursORSAN/FHIR/TRE-R284-NiveauRecoursORSAN",
  "identifier" : [{
    "system" : "urn:ietf:rfc:3986",
    "value" : "urn:oid:1.2.250.1.213.1.1.4.345"
  }],
  "version" : "20231215120000",
  "name" : "TRE_R284_NiveauRecoursORSAN",
  "status" : "active",
  "experimental" : false,
  "date" : "2023-12-15T12:00:00+01:00",
  "publisher" : "Agence du Numérique en Santé (ANS) - 2-10 Rue d'Oradour-sur-Glane, 75015 Paris",
  "description" : "Hiérarchisation fonctionnelle des Éts pour accueil patients après le SAMU",
  "jurisdiction" : [{
    "coding" : [{
      "system" : "urn:iso:std:iso:3166",
      "code" : "FR"
    }]
  }],
  "caseSensitive" : false,
  "content" : "complete",
  "property" : [{
    "code" : "dateValid",
    "description" : "date de validité d'un code concept",
    "type" : "dateTime"
  },
  {
    "code" : "dateMaj",
    "description" : "Date de mise à jour d'un code concept",
    "type" : "dateTime"
  },
  {
    "code" : "dateFin",
    "description" : "Date de fin d'exploitation d'un code concept",
    "type" : "dateTime"
  }],
  "concept" : [{
    "code" : "1",
    "display" : "Première ligne",
    "property" : [{
      "code" : "dateValid",
      "valueDateTime" : "2018-12-14T12:00:00+01:00"
    },
    {
      "code" : "dateMaj",
      "valueDateTime" : "2018-12-14T12:00:00+01:00"
    }]
  },
  {
    "code" : "2",
    "display" : "Recours",
    "property" : [{
      "code" : "dateValid",
      "valueDateTime" : "2018-12-14T12:00:00+01:00"
    },
    {
      "code" : "dateFin",
      "valueDateTime" : "2019-12-13T12:00:00+01:00"
    },
    {
      "code" : "dateMaj",
      "valueDateTime" : "2019-12-13T12:00:00+01:00"
    }]
  },
  {
    "code" : "3",
    "display" : "Repli",
    "property" : [{
      "code" : "dateValid",
      "valueDateTime" : "2018-12-14T12:00:00+01:00"
    },
    {
      "code" : "dateFin",
      "valueDateTime" : "2019-12-13T12:00:00+01:00"
    },
    {
      "code" : "dateMaj",
      "valueDateTime" : "2019-12-13T12:00:00+01:00"
    }]
  },
  {
    "code" : "4",
    "display" : "Deuxième ligne",
    "property" : [{
      "code" : "dateValid",
      "valueDateTime" : "2019-12-13T12:00:00+01:00"
    },
    {
      "code" : "dateMaj",
      "valueDateTime" : "2019-12-13T12:00:00+01:00"
    }]
  }]
}