{
  "resourceType" : "CodeSystem",
  "id" : "TRE-R213-ModePriseEnCharge",
  "meta" : {
    "versionId" : "9",
    "lastUpdated" : "2025-10-02T20:13:44.024+02:00",
    "profile" : ["http://hl7.org/fhir/StructureDefinition/shareablecodesystem"]
  },
  "text" : {
    "status" : "generated",
    "div" : "<div xmlns=\"http://www.w3.org/1999/xhtml\"><p class=\"res-header-id\"><b>Generated Narrative: CodeSystem TRE-R213-ModePriseEnCharge</b></p><a name=\"TRE-R213-ModePriseEnCharge\"> </a><a name=\"hcTRE-R213-ModePriseEnCharge\"> </a><a name=\"TRE-R213-ModePriseEnCharge-fr-FR\"> </a><div style=\"display: inline-block; background-color: #d9e0e7; padding: 6px; margin: 4px; border: 1px solid #8da1b4; border-radius: 5px; line-height: 60%\"><p style=\"margin-bottom: 0px\">version: 8; Last updated: 2025-09-29 16:30:11+0200</p><p style=\"margin-bottom: 0px\">Profil: <a href=\"http://hl7.org/fhir/R4/shareablecodesystem.html\">Shareable CodeSystem</a></p></div><p><b>Propriétés</b></p><p><b>Cette terminologie de référence (CodeSystem) définit les propriétés suivantes pour ses concepts</b></p><table class=\"grid\"><tr><td><b>Nom</b></td><td><b>Code</b></td><td><b>URI</b></td><td><b>Type</b></td><td><b>Description</b></td></tr><tr><td>dateValid</td><td>dateValid</td><td/><td>dateTime</td><td>date de validité d'un code concept</td></tr><tr><td>dateMaj</td><td>dateMaj</td><td/><td>dateTime</td><td>Date de mise à jour d'un code concept</td></tr><tr><td>dateFin</td><td>dateFin</td><td/><td>dateTime</td><td>Date de fin d'exploitation d'un code concept</td></tr><tr><td>deprecationDate</td><td>deprecationDate</td><td>http://hl7.org/fhir/concept-properties#deprecationDate</td><td>dateTime</td><td>Date Concept was deprecated</td></tr><tr><td>status</td><td>status</td><td>http://hl7.org/fhir/concept-properties#status</td><td>code</td><td>A property that indicates the status of the concept.</td></tr><tr><td>retirementDate</td><td>retirementDate</td><td>http://hl7.org/fhir/concept-properties#retirementDate</td><td>dateTime</td><td>Date Concept was retired</td></tr></table><p><b>Concepts</b></p><p>This case-insensitive code system <code>https://mos.esante.gouv.fr/NOS/TRE_R213-ModePriseEnCharge/FHIR/TRE-R213-ModePriseEnCharge</code> defines the following codes:</p><table class=\"codes\"><tr><td style=\"white-space:nowrap\"><b>Code</b></td><td><b>Display</b></td><td><b>Définition</b></td><td><b>Déprécié</b></td><td><b>dateValid</b></td><td><b>dateMaj</b></td><td><b>dateFin</b></td><td><b>deprecationDate</b></td><td><b>status</b></td><td><b>French (France) (fr)</b></td></tr><tr><td style=\"white-space:nowrap\">01<a name=\"TRE-R213-ModePriseEnCharge-01\"> </a></td><td>Accueil Permanence des soins en établissement de santé</td><td/><td/><td>2015-05-04T00:00:00+01:00</td><td>2015-05-04T00:00:00+01:00</td><td/><td/><td>active</td><td>Accueil PDSES</td></tr><tr><td style=\"white-space:nowrap\">02<a name=\"TRE-R213-ModePriseEnCharge-02\"> </a></td><td>Accueil spécialisé</td><td/><td/><td>2015-05-04T00:00:00+01:00</td><td>2015-05-04T00:00:00+01:00</td><td/><td/><td>active</td><td/></tr><tr style=\"background-color: #ffeeee\"><td style=\"white-space:nowrap\">03<a name=\"TRE-R213-ModePriseEnCharge-03\"> </a></td><td>Centre autre (médecine du travail,...)</td><td/><td>Déprécié</td><td>2015-05-04T00:00:00+01:00</td><td>2018-03-30T12:00:00+01:00</td><td>2018-03-30T12:00:00+01:00</td><td>2018-03-30T12:00:00+01:00</td><td>deprecated</td><td>Centre autre (méd travail,...)</td></tr><tr style=\"background-color: #ffeeee\"><td style=\"white-space:nowrap\">04<a name=\"TRE-R213-ModePriseEnCharge-04\"> </a></td><td>Centre d'analyse et-ou prélèvement</td><td/><td>Déprécié</td><td>2015-05-04T00:00:00+01:00</td><td>2019-03-29T12:00:00+01:00</td><td>2019-03-29T12:00:00+01:00</td><td>2019-03-29T12:00:00+01:00</td><td>deprecated</td><td>Centre d'analyse, prélèvement</td></tr><tr style=\"background-color: #ffeeee\"><td style=\"white-space:nowrap\">05<a name=\"TRE-R213-ModePriseEnCharge-05\"> </a></td><td>Centre de dépistage</td><td/><td>Déprécié</td><td>2015-05-04T00:00:00+01:00</td><td>2019-03-29T12:00:00+01:00</td><td>2019-03-29T12:00:00+01:00</td><td>2019-03-29T12:00:00+01:00</td><td>deprecated</td><td/></tr><tr style=\"background-color: #ffeeee\"><td style=\"white-space:nowrap\">06<a name=\"TRE-R213-ModePriseEnCharge-06\"> </a></td><td>Centre de référence</td><td/><td>Déprécié</td><td>2015-05-04T00:00:00+01:00</td><td>2021-03-26T12:00:00+01:00</td><td>2021-03-26T12:00:00+01:00</td><td>2021-03-26T12:00:00+01:00</td><td>deprecated</td><td/></tr><tr style=\"background-color: #ffeeee\"><td style=\"white-space:nowrap\">07<a name=\"TRE-R213-ModePriseEnCharge-07\"> </a></td><td>Centre de vaccination</td><td/><td>Déprécié</td><td>2015-05-04T00:00:00+01:00</td><td>2019-03-29T12:00:00+01:00</td><td>2019-03-29T12:00:00+01:00</td><td>2019-03-29T12:00:00+01:00</td><td>deprecated</td><td/></tr><tr style=\"background-color: #ffeeee\"><td style=\"white-space:nowrap\">08<a name=\"TRE-R213-ModePriseEnCharge-08\"> </a></td><td>Centre de vaccination internationale</td><td/><td>Déprécié</td><td>2015-05-04T00:00:00+01:00</td><td>2019-03-29T12:00:00+01:00</td><td>2019-03-29T12:00:00+01:00</td><td>2019-03-29T12:00:00+01:00</td><td>deprecated</td><td>Centre vaccinat internationale</td></tr><tr><td style=\"white-space:nowrap\">09<a name=\"TRE-R213-ModePriseEnCharge-09\"> </a></td><td>Chirurgie ambulatoire</td><td>L’unité hospitalise un patient pour une durée de moins de 12 heures dans le cadre d’une intervention chirurgicale.</td><td/><td>2015-05-04T00:00:00+01:00</td><td>2025-08-28T00:00:00+01:00</td><td/><td/><td>active</td><td/></tr><tr style=\"background-color: #ffeeee\"><td style=\"white-space:nowrap\">10<a name=\"TRE-R213-ModePriseEnCharge-10\"> </a></td><td>Equipe de liaison et de soins</td><td/><td>Déprécié</td><td>2015-05-04T00:00:00+01:00</td><td>2018-01-26T12:00:00+01:00</td><td>2018-01-26T12:00:00+01:00</td><td>2018-01-26T12:00:00+01:00</td><td>deprecated</td><td/></tr><tr><td style=\"white-space:nowrap\">11<a name=\"TRE-R213-ModePriseEnCharge-11\"> </a></td><td>Equipe mobile extra-hospitalière</td><td/><td/><td>2015-05-04T00:00:00+01:00</td><td>2018-10-26T12:00:00+01:00</td><td/><td/><td>active</td><td>Equipe mobile extra-hosp</td></tr><tr style=\"background-color: #ffeeee\"><td style=\"white-space:nowrap\">12<a name=\"TRE-R213-ModePriseEnCharge-12\"> </a></td><td>Exploration fonctionnelle</td><td/><td>Déprécié</td><td>2015-05-04T00:00:00+01:00</td><td>2019-03-29T12:00:00+01:00</td><td>2019-03-29T12:00:00+01:00</td><td>2019-03-29T12:00:00+01:00</td><td>deprecated</td><td/></tr><tr><td style=\"white-space:nowrap\">13<a name=\"TRE-R213-ModePriseEnCharge-13\"> </a></td><td>Hospitalisation courte durée (UHCD)</td><td/><td/><td>2015-05-04T00:00:00+01:00</td><td>2015-05-04T00:00:00+01:00</td><td/><td/><td>active</td><td>Hosp courte durée (UHCD)</td></tr><tr><td style=\"white-space:nowrap\">14<a name=\"TRE-R213-ModePriseEnCharge-14\"> </a></td><td>Hospitalisation kangourou</td><td/><td/><td>2015-05-04T00:00:00+01:00</td><td>2015-05-04T00:00:00+01:00</td><td/><td/><td>active</td><td>Hosp kangourou</td></tr><tr style=\"background-color: #ffeeee\"><td style=\"white-space:nowrap\">15<a name=\"TRE-R213-ModePriseEnCharge-15\"> </a></td><td>Hospitalisation très courte durée (ZHTCD et UHTCD)</td><td/><td>Déprécié</td><td>2015-05-04T00:00:00+01:00</td><td>2018-10-26T12:00:00+01:00</td><td>2018-10-26T12:00:00+01:00</td><td>2018-10-26T12:00:00+01:00</td><td>deprecated</td><td>ZHTCD et UHTCD</td></tr><tr style=\"background-color: #ffeeee\"><td style=\"white-space:nowrap\">16<a name=\"TRE-R213-ModePriseEnCharge-16\"> </a></td><td>Lieu d'écoute</td><td/><td>Déprécié</td><td>2015-05-04T00:00:00+01:00</td><td>2018-10-26T12:00:00+01:00</td><td>2018-10-26T12:00:00+01:00</td><td>2018-10-26T12:00:00+01:00</td><td>deprecated</td><td/></tr><tr><td style=\"white-space:nowrap\">17<a name=\"TRE-R213-ModePriseEnCharge-17\"> </a></td><td>Précarité, permanence d'accès aux soins de santé (PASS)</td><td/><td/><td>2015-05-04T00:00:00+01:00</td><td>2015-05-04T00:00:00+01:00</td><td/><td/><td>active</td><td>Précarité, PASS</td></tr><tr style=\"background-color: #ffeeee\"><td style=\"white-space:nowrap\">18<a name=\"TRE-R213-ModePriseEnCharge-18\"> </a></td><td>Régulation médicale hospitalière</td><td/><td>Déprécié</td><td>2015-05-04T00:00:00+01:00</td><td>2018-01-26T12:00:00+01:00</td><td>2018-01-26T12:00:00+01:00</td><td>2018-01-26T12:00:00+01:00</td><td>deprecated</td><td>Régulation méd hospitalière</td></tr><tr style=\"background-color: #ffeeee\"><td style=\"white-space:nowrap\">19<a name=\"TRE-R213-ModePriseEnCharge-19\"> </a></td><td>Régulation médicale libérale</td><td/><td>Déprécié</td><td>2015-05-04T00:00:00+01:00</td><td>2018-01-26T12:00:00+01:00</td><td>2018-01-26T12:00:00+01:00</td><td>2018-01-26T12:00:00+01:00</td><td>deprecated</td><td>Régulation méd libérale</td></tr><tr><td style=\"white-space:nowrap\">20<a name=\"TRE-R213-ModePriseEnCharge-20\"> </a></td><td>Soins externes et traitements ambulatoires</td><td/><td/><td>2015-05-04T00:00:00+01:00</td><td>2017-07-07T10:00:00+01:00</td><td/><td/><td>active</td><td>Soins externes et ttt ambulat</td></tr><tr style=\"background-color: #ffeeee\"><td style=\"white-space:nowrap\">21<a name=\"TRE-R213-ModePriseEnCharge-21\"> </a></td><td>Surveillance post interventionnelle (réveil)</td><td/><td>Déprécié</td><td>2015-05-04T00:00:00+01:00</td><td>2019-03-29T12:00:00+01:00</td><td>2019-03-29T12:00:00+01:00</td><td>2019-03-29T12:00:00+01:00</td><td>deprecated</td><td>Surveil post interventionnelle</td></tr><tr style=\"background-color: #ffeeee\"><td style=\"white-space:nowrap\">22<a name=\"TRE-R213-ModePriseEnCharge-22\"> </a></td><td>Unité de soins intensifs (USI)</td><td/><td>Déprécié</td><td>2015-05-04T00:00:00+01:00</td><td>2019-03-29T12:00:00+01:00</td><td>2019-03-29T12:00:00+01:00</td><td>2019-03-29T12:00:00+01:00</td><td>deprecated</td><td>USI</td></tr><tr style=\"background-color: #ffeeee\"><td style=\"white-space:nowrap\">23<a name=\"TRE-R213-ModePriseEnCharge-23\"> </a></td><td>Unité de surveillance continue (USC)</td><td/><td>Déprécié</td><td>2015-05-04T00:00:00+01:00</td><td>2019-03-29T12:00:00+01:00</td><td>2019-03-29T12:00:00+01:00</td><td>2019-03-29T12:00:00+01:00</td><td>deprecated</td><td>USC</td></tr><tr style=\"background-color: #ffeeee\"><td style=\"white-space:nowrap\">24<a name=\"TRE-R213-ModePriseEnCharge-24\"> </a></td><td>Unité hospitalière sécurisée interrégionale (UHSI)</td><td/><td>Déprécié</td><td>2015-05-04T00:00:00+01:00</td><td>2018-10-26T12:00:00+01:00</td><td>2018-10-26T12:00:00+01:00</td><td>2018-10-26T12:00:00+01:00</td><td>deprecated</td><td>UHSI</td></tr><tr style=\"background-color: #ffeeee\"><td style=\"white-space:nowrap\">25<a name=\"TRE-R213-ModePriseEnCharge-25\"> </a></td><td>Unité sanitaire (ex UCSA)</td><td/><td>Déprécié</td><td>2015-05-04T00:00:00+01:00</td><td>2018-10-26T12:00:00+01:00</td><td>2018-10-26T12:00:00+01:00</td><td>2018-10-26T12:00:00+01:00</td><td>deprecated</td><td/></tr><tr style=\"background-color: #ffeeee\"><td style=\"white-space:nowrap\">26<a name=\"TRE-R213-ModePriseEnCharge-26\"> </a></td><td>Téléconsultation</td><td/><td>Déprécié</td><td>2015-05-04T00:00:00+01:00</td><td>2021-03-26T12:00:00+01:00</td><td>2021-03-26T12:00:00+01:00</td><td>2021-03-26T12:00:00+01:00</td><td>deprecated</td><td/></tr><tr><td style=\"white-space:nowrap\">27<a name=\"TRE-R213-ModePriseEnCharge-27\"> </a></td><td>Télémédecine</td><td/><td/><td>2015-05-04T00:00:00+01:00</td><td>2015-05-04T00:00:00+01:00</td><td/><td/><td>active</td><td/></tr><tr><td style=\"white-space:nowrap\">28<a name=\"TRE-R213-ModePriseEnCharge-28\"> </a></td><td>Hospitalisation complète (HC)</td><td/><td/><td>2016-09-01T00:00:00+01:00</td><td>2019-03-29T12:00:00+01:00</td><td/><td/><td>active</td><td>HC</td></tr><tr><td style=\"white-space:nowrap\">29<a name=\"TRE-R213-ModePriseEnCharge-29\"> </a></td><td>Hospitalisation de jour (HJ)</td><td/><td/><td>2016-09-01T00:00:00+01:00</td><td>2019-03-29T12:00:00+01:00</td><td/><td/><td>active</td><td>HJ</td></tr><tr><td style=\"white-space:nowrap\">30<a name=\"TRE-R213-ModePriseEnCharge-30\"> </a></td><td>Hospitalisation de nuit (HN)</td><td/><td/><td>2016-09-01T00:00:00+01:00</td><td>2019-03-29T12:00:00+01:00</td><td/><td/><td>active</td><td>HN</td></tr><tr><td style=\"white-space:nowrap\">31<a name=\"TRE-R213-ModePriseEnCharge-31\"> </a></td><td>Hospitalisation à domicile (HAD)</td><td/><td/><td>2016-09-01T00:00:00+01:00</td><td>2016-09-01T00:00:00+01:00</td><td/><td/><td>active</td><td>HAD</td></tr><tr><td style=\"white-space:nowrap\">32<a name=\"TRE-R213-ModePriseEnCharge-32\"> </a></td><td>Consultation (CS) ou Séance</td><td>Rencontre entre un patient non hospitalisé et un praticien qui permet d’initier ou de faire le suivi d’une prise en charge</td><td/><td>2016-09-01T00:00:00+01:00</td><td>2025-08-28T12:00:00+01:00</td><td/><td/><td>active</td><td/></tr><tr><td style=\"white-space:nowrap\">33<a name=\"TRE-R213-ModePriseEnCharge-33\"> </a></td><td>Accueil des urgences</td><td/><td/><td>2016-09-01T00:00:00+01:00</td><td>2016-09-01T00:00:00+01:00</td><td/><td/><td>active</td><td/></tr><tr><td style=\"white-space:nowrap\">34<a name=\"TRE-R213-ModePriseEnCharge-34\"> </a></td><td>Hospitalisation de semaine (HS)</td><td/><td/><td>2016-09-01T00:00:00+01:00</td><td>2019-03-29T12:00:00+01:00</td><td/><td/><td>active</td><td>HS</td></tr><tr><td style=\"white-space:nowrap\">35<a name=\"TRE-R213-ModePriseEnCharge-35\"> </a></td><td>Téléexpertise</td><td/><td/><td>2016-11-02T00:00:00+01:00</td><td>2016-11-02T00:00:00+01:00</td><td/><td/><td>active</td><td/></tr><tr><td style=\"white-space:nowrap\">36<a name=\"TRE-R213-ModePriseEnCharge-36\"> </a></td><td>Téléassistance</td><td/><td/><td>2016-11-02T00:00:00+01:00</td><td>2016-11-02T00:00:00+01:00</td><td/><td/><td>active</td><td/></tr><tr><td style=\"white-space:nowrap\">37<a name=\"TRE-R213-ModePriseEnCharge-37\"> </a></td><td>Télésurveillance médicale</td><td/><td/><td>2016-11-02T00:00:00+01:00</td><td>2016-11-02T00:00:00+01:00</td><td/><td/><td>active</td><td/></tr><tr><td style=\"white-space:nowrap\">38<a name=\"TRE-R213-ModePriseEnCharge-38\"> </a></td><td>Isolement de secteur (unité de cohorting)</td><td/><td/><td>2017-03-22T12:00:00+01:00</td><td>2017-03-22T12:00:00+01:00</td><td/><td/><td>active</td><td>Isolement de secteur</td></tr><tr><td style=\"white-space:nowrap\">39<a name=\"TRE-R213-ModePriseEnCharge-39\"> </a></td><td>Réunion de Concertation Pluridisciplinaire (RCP)</td><td/><td/><td>2017-03-22T12:00:00+01:00</td><td>2017-03-22T12:00:00+01:00</td><td/><td/><td>active</td><td>RCP</td></tr><tr><td style=\"white-space:nowrap\">40<a name=\"TRE-R213-ModePriseEnCharge-40\"> </a></td><td>Réunion de Concertation Pluridisciplinaire (RCP) de recours</td><td/><td/><td>2017-03-22T12:00:00+01:00</td><td>2017-03-22T12:00:00+01:00</td><td/><td/><td>active</td><td>RCP recours</td></tr><tr><td style=\"white-space:nowrap\">41<a name=\"TRE-R213-ModePriseEnCharge-41\"> </a></td><td>Accueil familial thérapeutique</td><td/><td/><td>2017-07-07T10:00:00+01:00</td><td>2017-07-07T10:00:00+01:00</td><td/><td/><td>active</td><td/></tr><tr><td style=\"white-space:nowrap\">42<a name=\"TRE-R213-ModePriseEnCharge-42\"> </a></td><td>Prise en charge de groupe</td><td/><td/><td>2017-07-07T10:00:00+01:00</td><td>2017-07-07T10:00:00+01:00</td><td/><td/><td>active</td><td/></tr><tr style=\"background-color: #ffeeee\"><td style=\"white-space:nowrap\">43<a name=\"TRE-R213-ModePriseEnCharge-43\"> </a></td><td>Equipe de liaison et de soins</td><td/><td>Déprécié</td><td>2017-07-07T10:00:00+01:00</td><td>2018-01-26T12:00:00+01:00</td><td>2018-01-26T12:00:00+01:00</td><td>2018-01-26T12:00:00+01:00</td><td>deprecated</td><td/></tr><tr style=\"background-color: #ffeeee\"><td style=\"white-space:nowrap\">44<a name=\"TRE-R213-ModePriseEnCharge-44\"> </a></td><td>Equipe mobile intra-hospitalière</td><td/><td>Déprécié</td><td>2017-07-07T10:00:00+01:00</td><td>2018-01-26T12:00:00+01:00</td><td>2018-01-26T12:00:00+01:00</td><td>2018-01-26T12:00:00+01:00</td><td>deprecated</td><td>Equipe mobile intra-hosp</td></tr><tr style=\"background-color: #ffeeee\"><td style=\"white-space:nowrap\">45<a name=\"TRE-R213-ModePriseEnCharge-45\"> </a></td><td>Equipe mobile extra-hospitalière</td><td/><td>Déprécié</td><td>2017-07-07T10:00:00+01:00</td><td>2018-01-26T12:00:00+01:00</td><td>2018-01-26T12:00:00+01:00</td><td>2018-01-26T12:00:00+01:00</td><td>deprecated</td><td>Equipe mobile extra-hosp</td></tr><tr><td style=\"white-space:nowrap\">46<a name=\"TRE-R213-ModePriseEnCharge-46\"> </a></td><td>Hébergement (accueil jour et nuit)</td><td>L'hébergement est un mode de prise en charge permettant aux personnes d'y être accueillies et accompagnées le jour et la nuit. Cet accueil peut inclure une offre de restauration, décrite dans le ROR par une activité opérationnelle, et prendre en charge une offre de transport, l'autonomie et les soins.</td><td/><td>2018-01-26T12:00:00+01:00</td><td>2021-06-25T12:00:00+01:00</td><td/><td/><td>active</td><td>Hébergement</td></tr><tr><td style=\"white-space:nowrap\">47<a name=\"TRE-R213-ModePriseEnCharge-47\"> </a></td><td>Accueil de jour</td><td>L'accueil de jour est un mode de prise en charge permettant à des personnes vivant à domicile d'être accueillies et accompagnées en journée sur une courte période (d'une demi-journée à plusieurs jours par semaine). Cet accueil peut inclure une offre de restauration, décrite dans le ROR par une activité opérationnelle, et prendre en charge une offre de transport, l'autonomie et les soins.</td><td/><td>2018-01-26T12:00:00+01:00</td><td>2021-06-25T12:00:00+01:00</td><td/><td/><td>active</td><td/></tr><tr><td style=\"white-space:nowrap\">48<a name=\"TRE-R213-ModePriseEnCharge-48\"> </a></td><td>Accueil de nuit</td><td>L'accueil de nuit est un mode de prise en charge permettant aux personnes d'y être accueillies et accompagnées la nuit. Cet accueil peut inclure une offre de restauration, décrite dans le ROR par une activité opérationnelle, et prendre en charge une offre de transport, l'autonomie et les soins.</td><td/><td>2018-01-26T12:00:00+01:00</td><td>2021-06-25T12:00:00+01:00</td><td/><td/><td>active</td><td/></tr><tr><td style=\"white-space:nowrap\">49<a name=\"TRE-R213-ModePriseEnCharge-49\"> </a></td><td>Sur les lieux de vie</td><td/><td/><td>2018-01-26T12:00:00+01:00</td><td>2018-01-26T12:00:00+01:00</td><td/><td/><td>active</td><td/></tr><tr><td style=\"white-space:nowrap\">50<a name=\"TRE-R213-ModePriseEnCharge-50\"> </a></td><td>Placement famille d'accueil</td><td>Le placement en famille d'accueil est un dispositif permettant à un enfant, une personne âgée et/ou handicapée d'être accueillie au domicile d'un accueillant familial agréé et rémunéré pour cette prestation.</td><td/><td>2018-01-26T12:00:00+01:00</td><td>2023-01-27T12:00:00+01:00</td><td/><td/><td>active</td><td/></tr><tr style=\"background-color: #ffeeee\"><td style=\"white-space:nowrap\">51<a name=\"TRE-R213-ModePriseEnCharge-51\"> </a></td><td>Relayage (type baluchonnage)</td><td/><td>Déprécié</td><td>2018-01-26T12:00:00+01:00</td><td>2019-03-29T12:00:00+01:00</td><td>2019-03-29T12:00:00+01:00</td><td>2019-03-29T12:00:00+01:00</td><td>deprecated</td><td/></tr><tr><td style=\"white-space:nowrap\">52<a name=\"TRE-R213-ModePriseEnCharge-52\"> </a></td><td>Equipe mobile intra-hospitalière</td><td/><td/><td>2018-02-28T12:00:00+01:00</td><td>2018-10-26T12:00:00+01:00</td><td/><td/><td>active</td><td>Equipe mobile intra-hosp</td></tr><tr><td style=\"white-space:nowrap\">53<a name=\"TRE-R213-ModePriseEnCharge-53\"> </a></td><td>Equipe mobile extra et intra-hospitalière</td><td/><td/><td>2018-02-28T12:00:00+01:00</td><td>2018-10-26T12:00:00+01:00</td><td/><td/><td>active</td><td>Equipe mob extra et intra-hosp</td></tr><tr><td style=\"white-space:nowrap\">54<a name=\"TRE-R213-ModePriseEnCharge-54\"> </a></td><td>Accueil individuel ou collectif</td><td/><td/><td>2018-05-31T12:00:00+01:00</td><td>2018-05-31T12:00:00+01:00</td><td/><td/><td>active</td><td>Accueil individuel/collectif</td></tr><tr><td style=\"white-space:nowrap\">55<a name=\"TRE-R213-ModePriseEnCharge-55\"> </a></td><td>Plateau technique</td><td/><td/><td>2018-07-27T12:00:00+01:00</td><td>2018-07-27T12:00:00+01:00</td><td/><td/><td>active</td><td/></tr><tr><td style=\"white-space:nowrap\">56<a name=\"TRE-R213-ModePriseEnCharge-56\"> </a></td><td>Accueil non programmé</td><td/><td/><td>2019-03-29T12:00:00+01:00</td><td>2019-03-29T12:00:00+01:00</td><td/><td/><td>active</td><td/></tr><tr><td style=\"white-space:nowrap\">57<a name=\"TRE-R213-ModePriseEnCharge-57\"> </a></td><td>Centre spécialisé</td><td/><td/><td>2019-03-29T12:00:00+01:00</td><td>2019-03-29T12:00:00+01:00</td><td/><td/><td>active</td><td/></tr><tr><td style=\"white-space:nowrap\">58<a name=\"TRE-R213-ModePriseEnCharge-58\"> </a></td><td>Coordination de parcours</td><td>La coordination de parcours est un mode de prise en charge correspondant à l'appui à l'organisation des parcours complexes ou des parcours spécifiques à certaines pathologies.  Elle a pour objectif d'améliorer la fluidité des échanges entre les différents acteurs.</td><td/><td>2021-03-26T12:00:00+01:00</td><td>2021-06-25T12:00:00+01:00</td><td/><td/><td>active</td><td/></tr><tr><td style=\"white-space:nowrap\">59<a name=\"TRE-R213-ModePriseEnCharge-59\"> </a></td><td>Equipe d'intervention mobile</td><td/><td/><td>2021-03-26T12:00:00+01:00</td><td>2021-03-26T12:00:00+01:00</td><td/><td/><td>active</td><td/></tr></table></div>"
  },
  "extension" : [{
    "url" : "http://hl7.org/fhir/StructureDefinition/resource-effectivePeriod",
    "valuePeriod" : {
      "start" : "2015-04-08T00:00:00+01:00"
    }
  }],
  "url" : "https://mos.esante.gouv.fr/NOS/TRE_R213-ModePriseEnCharge/FHIR/TRE-R213-ModePriseEnCharge",
  "identifier" : [{
    "system" : "urn:ietf:rfc:3986",
    "value" : "urn:oid:1.2.250.1.213.3.3.13"
  }],
  "version" : "20250828120000",
  "name" : "TRE_R213_ModePriseEnCharge",
  "status" : "active",
  "experimental" : false,
  "date" : "2025-08-28T12:00:00+01:00",
  "publisher" : "Agence du Numérique en Santé (ANS) - 2-10 Rue d'Oradour-sur-Glane, 75015 Paris",
  "description" : "Mode de la prise en charge",
  "jurisdiction" : [{
    "coding" : [{
      "system" : "urn:iso:std:iso:3166",
      "code" : "FRA"
    }]
  }],
  "caseSensitive" : false,
  "content" : "complete",
  "count" : 59,
  "property" : [{
    "code" : "dateValid",
    "description" : "date de validité d'un code concept",
    "type" : "dateTime"
  },
  {
    "code" : "dateMaj",
    "description" : "Date de mise à jour d'un code concept",
    "type" : "dateTime"
  },
  {
    "code" : "dateFin",
    "description" : "Date de fin d'exploitation d'un code concept",
    "type" : "dateTime"
  },
  {
    "code" : "deprecationDate",
    "uri" : "http://hl7.org/fhir/concept-properties#deprecationDate",
    "description" : "Date Concept was deprecated",
    "type" : "dateTime"
  },
  {
    "code" : "status",
    "uri" : "http://hl7.org/fhir/concept-properties#status",
    "description" : "A property that indicates the status of the concept.",
    "type" : "code"
  },
  {
    "code" : "retirementDate",
    "uri" : "http://hl7.org/fhir/concept-properties#retirementDate",
    "description" : "Date Concept was retired",
    "type" : "dateTime"
  }],
  "concept" : [{
    "code" : "01",
    "display" : "Accueil Permanence des soins en établissement de santé",
    "designation" : [{
      "language" : "fr-FR",
      "use" : {
        "system" : "http://snomed.info/sct",
        "code" : "900000000000013009"
      },
      "value" : "Accueil PDSES"
    }],
    "property" : [{
      "code" : "dateValid",
      "valueDateTime" : "2015-05-04T00:00:00+01:00"
    },
    {
      "code" : "dateMaj",
      "valueDateTime" : "2015-05-04T00:00:00+01:00"
    },
    {
      "code" : "status",
      "valueCode" : "active"
    }]
  },
  {
    "code" : "02",
    "display" : "Accueil spécialisé",
    "property" : [{
      "code" : "dateValid",
      "valueDateTime" : "2015-05-04T00:00:00+01:00"
    },
    {
      "code" : "dateMaj",
      "valueDateTime" : "2015-05-04T00:00:00+01:00"
    },
    {
      "code" : "status",
      "valueCode" : "active"
    }]
  },
  {
    "code" : "03",
    "display" : "Centre autre (médecine du travail,...)",
    "designation" : [{
      "language" : "fr-FR",
      "use" : {
        "system" : "http://snomed.info/sct",
        "code" : "900000000000013009"
      },
      "value" : "Centre autre (méd travail,...)"
    }],
    "property" : [{
      "code" : "dateValid",
      "valueDateTime" : "2015-05-04T00:00:00+01:00"
    },
    {
      "code" : "dateFin",
      "valueDateTime" : "2018-03-30T12:00:00+01:00"
    },
    {
      "code" : "dateMaj",
      "valueDateTime" : "2018-03-30T12:00:00+01:00"
    },
    {
      "code" : "deprecationDate",
      "valueDateTime" : "2018-03-30T12:00:00+01:00"
    },
    {
      "code" : "status",
      "valueCode" : "deprecated"
    }]
  },
  {
    "code" : "04",
    "display" : "Centre d'analyse et-ou prélèvement",
    "designation" : [{
      "language" : "fr-FR",
      "use" : {
        "system" : "http://snomed.info/sct",
        "code" : "900000000000013009"
      },
      "value" : "Centre d'analyse, prélèvement"
    }],
    "property" : [{
      "code" : "dateValid",
      "valueDateTime" : "2015-05-04T00:00:00+01:00"
    },
    {
      "code" : "dateFin",
      "valueDateTime" : "2019-03-29T12:00:00+01:00"
    },
    {
      "code" : "dateMaj",
      "valueDateTime" : "2019-03-29T12:00:00+01:00"
    },
    {
      "code" : "deprecationDate",
      "valueDateTime" : "2019-03-29T12:00:00+01:00"
    },
    {
      "code" : "status",
      "valueCode" : "deprecated"
    }]
  },
  {
    "code" : "05",
    "display" : "Centre de dépistage",
    "property" : [{
      "code" : "dateValid",
      "valueDateTime" : "2015-05-04T00:00:00+01:00"
    },
    {
      "code" : "dateFin",
      "valueDateTime" : "2019-03-29T12:00:00+01:00"
    },
    {
      "code" : "dateMaj",
      "valueDateTime" : "2019-03-29T12:00:00+01:00"
    },
    {
      "code" : "deprecationDate",
      "valueDateTime" : "2019-03-29T12:00:00+01:00"
    },
    {
      "code" : "status",
      "valueCode" : "deprecated"
    }]
  },
  {
    "code" : "06",
    "display" : "Centre de référence",
    "property" : [{
      "code" : "dateValid",
      "valueDateTime" : "2015-05-04T00:00:00+01:00"
    },
    {
      "code" : "dateFin",
      "valueDateTime" : "2021-03-26T12:00:00+01:00"
    },
    {
      "code" : "dateMaj",
      "valueDateTime" : "2021-03-26T12:00:00+01:00"
    },
    {
      "code" : "deprecationDate",
      "valueDateTime" : "2021-03-26T12:00:00+01:00"
    },
    {
      "code" : "status",
      "valueCode" : "deprecated"
    }]
  },
  {
    "code" : "07",
    "display" : "Centre de vaccination",
    "property" : [{
      "code" : "dateValid",
      "valueDateTime" : "2015-05-04T00:00:00+01:00"
    },
    {
      "code" : "dateFin",
      "valueDateTime" : "2019-03-29T12:00:00+01:00"
    },
    {
      "code" : "dateMaj",
      "valueDateTime" : "2019-03-29T12:00:00+01:00"
    },
    {
      "code" : "deprecationDate",
      "valueDateTime" : "2019-03-29T12:00:00+01:00"
    },
    {
      "code" : "status",
      "valueCode" : "deprecated"
    }]
  },
  {
    "code" : "08",
    "display" : "Centre de vaccination internationale",
    "designation" : [{
      "language" : "fr-FR",
      "use" : {
        "system" : "http://snomed.info/sct",
        "code" : "900000000000013009"
      },
      "value" : "Centre vaccinat internationale"
    }],
    "property" : [{
      "code" : "dateValid",
      "valueDateTime" : "2015-05-04T00:00:00+01:00"
    },
    {
      "code" : "dateFin",
      "valueDateTime" : "2019-03-29T12:00:00+01:00"
    },
    {
      "code" : "dateMaj",
      "valueDateTime" : "2019-03-29T12:00:00+01:00"
    },
    {
      "code" : "deprecationDate",
      "valueDateTime" : "2019-03-29T12:00:00+01:00"
    },
    {
      "code" : "status",
      "valueCode" : "deprecated"
    }]
  },
  {
    "code" : "09",
    "display" : "Chirurgie ambulatoire",
    "definition" : "L’unité hospitalise un patient pour une durée de moins de 12 heures dans le cadre d’une intervention chirurgicale.",
    "property" : [{
      "code" : "dateValid",
      "valueDateTime" : "2015-05-04T00:00:00+01:00"
    },
    {
      "code" : "dateMaj",
      "valueDateTime" : "2025-08-28T00:00:00+01:00"
    },
    {
      "code" : "status",
      "valueCode" : "active"
    }]
  },
  {
    "code" : "10",
    "display" : "Equipe de liaison et de soins",
    "property" : [{
      "code" : "dateValid",
      "valueDateTime" : "2015-05-04T00:00:00+01:00"
    },
    {
      "code" : "dateFin",
      "valueDateTime" : "2018-01-26T12:00:00+01:00"
    },
    {
      "code" : "dateMaj",
      "valueDateTime" : "2018-01-26T12:00:00+01:00"
    },
    {
      "code" : "deprecationDate",
      "valueDateTime" : "2018-01-26T12:00:00+01:00"
    },
    {
      "code" : "status",
      "valueCode" : "deprecated"
    }]
  },
  {
    "code" : "11",
    "display" : "Equipe mobile extra-hospitalière",
    "designation" : [{
      "language" : "fr-FR",
      "use" : {
        "system" : "http://snomed.info/sct",
        "code" : "900000000000013009"
      },
      "value" : "Equipe mobile extra-hosp"
    }],
    "property" : [{
      "code" : "dateValid",
      "valueDateTime" : "2015-05-04T00:00:00+01:00"
    },
    {
      "code" : "dateMaj",
      "valueDateTime" : "2018-10-26T12:00:00+01:00"
    },
    {
      "code" : "status",
      "valueCode" : "active"
    }]
  },
  {
    "code" : "12",
    "display" : "Exploration fonctionnelle",
    "property" : [{
      "code" : "dateValid",
      "valueDateTime" : "2015-05-04T00:00:00+01:00"
    },
    {
      "code" : "dateFin",
      "valueDateTime" : "2019-03-29T12:00:00+01:00"
    },
    {
      "code" : "dateMaj",
      "valueDateTime" : "2019-03-29T12:00:00+01:00"
    },
    {
      "code" : "deprecationDate",
      "valueDateTime" : "2019-03-29T12:00:00+01:00"
    },
    {
      "code" : "status",
      "valueCode" : "deprecated"
    }]
  },
  {
    "code" : "13",
    "display" : "Hospitalisation courte durée (UHCD)",
    "designation" : [{
      "language" : "fr-FR",
      "use" : {
        "system" : "http://snomed.info/sct",
        "code" : "900000000000013009"
      },
      "value" : "Hosp courte durée (UHCD)"
    }],
    "property" : [{
      "code" : "dateValid",
      "valueDateTime" : "2015-05-04T00:00:00+01:00"
    },
    {
      "code" : "dateMaj",
      "valueDateTime" : "2015-05-04T00:00:00+01:00"
    },
    {
      "code" : "status",
      "valueCode" : "active"
    }]
  },
  {
    "code" : "14",
    "display" : "Hospitalisation kangourou",
    "designation" : [{
      "language" : "fr-FR",
      "use" : {
        "system" : "http://snomed.info/sct",
        "code" : "900000000000013009"
      },
      "value" : "Hosp kangourou"
    }],
    "property" : [{
      "code" : "dateValid",
      "valueDateTime" : "2015-05-04T00:00:00+01:00"
    },
    {
      "code" : "dateMaj",
      "valueDateTime" : "2015-05-04T00:00:00+01:00"
    },
    {
      "code" : "status",
      "valueCode" : "active"
    }]
  },
  {
    "code" : "15",
    "display" : "Hospitalisation très courte durée (ZHTCD et UHTCD)",
    "designation" : [{
      "language" : "fr-FR",
      "use" : {
        "system" : "http://snomed.info/sct",
        "code" : "900000000000013009"
      },
      "value" : "ZHTCD et UHTCD"
    }],
    "property" : [{
      "code" : "dateValid",
      "valueDateTime" : "2015-05-04T00:00:00+01:00"
    },
    {
      "code" : "dateFin",
      "valueDateTime" : "2018-10-26T12:00:00+01:00"
    },
    {
      "code" : "dateMaj",
      "valueDateTime" : "2018-10-26T12:00:00+01:00"
    },
    {
      "code" : "deprecationDate",
      "valueDateTime" : "2018-10-26T12:00:00+01:00"
    },
    {
      "code" : "status",
      "valueCode" : "deprecated"
    }]
  },
  {
    "code" : "16",
    "display" : "Lieu d'écoute",
    "property" : [{
      "code" : "dateValid",
      "valueDateTime" : "2015-05-04T00:00:00+01:00"
    },
    {
      "code" : "dateFin",
      "valueDateTime" : "2018-10-26T12:00:00+01:00"
    },
    {
      "code" : "dateMaj",
      "valueDateTime" : "2018-10-26T12:00:00+01:00"
    },
    {
      "code" : "deprecationDate",
      "valueDateTime" : "2018-10-26T12:00:00+01:00"
    },
    {
      "code" : "status",
      "valueCode" : "deprecated"
    }]
  },
  {
    "code" : "17",
    "display" : "Précarité, permanence d'accès aux soins de santé (PASS)",
    "designation" : [{
      "language" : "fr-FR",
      "use" : {
        "system" : "http://snomed.info/sct",
        "code" : "900000000000013009"
      },
      "value" : "Précarité, PASS"
    }],
    "property" : [{
      "code" : "dateValid",
      "valueDateTime" : "2015-05-04T00:00:00+01:00"
    },
    {
      "code" : "dateMaj",
      "valueDateTime" : "2015-05-04T00:00:00+01:00"
    },
    {
      "code" : "status",
      "valueCode" : "active"
    }]
  },
  {
    "code" : "18",
    "display" : "Régulation médicale hospitalière",
    "designation" : [{
      "language" : "fr-FR",
      "use" : {
        "system" : "http://snomed.info/sct",
        "code" : "900000000000013009"
      },
      "value" : "Régulation méd hospitalière"
    }],
    "property" : [{
      "code" : "dateValid",
      "valueDateTime" : "2015-05-04T00:00:00+01:00"
    },
    {
      "code" : "dateFin",
      "valueDateTime" : "2018-01-26T12:00:00+01:00"
    },
    {
      "code" : "dateMaj",
      "valueDateTime" : "2018-01-26T12:00:00+01:00"
    },
    {
      "code" : "deprecationDate",
      "valueDateTime" : "2018-01-26T12:00:00+01:00"
    },
    {
      "code" : "status",
      "valueCode" : "deprecated"
    }]
  },
  {
    "code" : "19",
    "display" : "Régulation médicale libérale",
    "designation" : [{
      "language" : "fr-FR",
      "use" : {
        "system" : "http://snomed.info/sct",
        "code" : "900000000000013009"
      },
      "value" : "Régulation méd libérale"
    }],
    "property" : [{
      "code" : "dateValid",
      "valueDateTime" : "2015-05-04T00:00:00+01:00"
    },
    {
      "code" : "dateFin",
      "valueDateTime" : "2018-01-26T12:00:00+01:00"
    },
    {
      "code" : "dateMaj",
      "valueDateTime" : "2018-01-26T12:00:00+01:00"
    },
    {
      "code" : "deprecationDate",
      "valueDateTime" : "2018-01-26T12:00:00+01:00"
    },
    {
      "code" : "status",
      "valueCode" : "deprecated"
    }]
  },
  {
    "code" : "20",
    "display" : "Soins externes et traitements ambulatoires",
    "designation" : [{
      "language" : "fr-FR",
      "use" : {
        "system" : "http://snomed.info/sct",
        "code" : "900000000000013009"
      },
      "value" : "Soins externes et ttt ambulat"
    }],
    "property" : [{
      "code" : "dateValid",
      "valueDateTime" : "2015-05-04T00:00:00+01:00"
    },
    {
      "code" : "dateMaj",
      "valueDateTime" : "2017-07-07T10:00:00+01:00"
    },
    {
      "code" : "status",
      "valueCode" : "active"
    }]
  },
  {
    "code" : "21",
    "display" : "Surveillance post interventionnelle (réveil)",
    "designation" : [{
      "language" : "fr-FR",
      "use" : {
        "system" : "http://snomed.info/sct",
        "code" : "900000000000013009"
      },
      "value" : "Surveil post interventionnelle"
    }],
    "property" : [{
      "code" : "dateValid",
      "valueDateTime" : "2015-05-04T00:00:00+01:00"
    },
    {
      "code" : "dateFin",
      "valueDateTime" : "2019-03-29T12:00:00+01:00"
    },
    {
      "code" : "dateMaj",
      "valueDateTime" : "2019-03-29T12:00:00+01:00"
    },
    {
      "code" : "deprecationDate",
      "valueDateTime" : "2019-03-29T12:00:00+01:00"
    },
    {
      "code" : "status",
      "valueCode" : "deprecated"
    }]
  },
  {
    "code" : "22",
    "display" : "Unité de soins intensifs (USI)",
    "designation" : [{
      "language" : "fr-FR",
      "use" : {
        "system" : "http://snomed.info/sct",
        "code" : "900000000000013009"
      },
      "value" : "USI"
    }],
    "property" : [{
      "code" : "dateValid",
      "valueDateTime" : "2015-05-04T00:00:00+01:00"
    },
    {
      "code" : "dateFin",
      "valueDateTime" : "2019-03-29T12:00:00+01:00"
    },
    {
      "code" : "dateMaj",
      "valueDateTime" : "2019-03-29T12:00:00+01:00"
    },
    {
      "code" : "deprecationDate",
      "valueDateTime" : "2019-03-29T12:00:00+01:00"
    },
    {
      "code" : "status",
      "valueCode" : "deprecated"
    }]
  },
  {
    "code" : "23",
    "display" : "Unité de surveillance continue (USC)",
    "designation" : [{
      "language" : "fr-FR",
      "use" : {
        "system" : "http://snomed.info/sct",
        "code" : "900000000000013009"
      },
      "value" : "USC"
    }],
    "property" : [{
      "code" : "dateValid",
      "valueDateTime" : "2015-05-04T00:00:00+01:00"
    },
    {
      "code" : "dateFin",
      "valueDateTime" : "2019-03-29T12:00:00+01:00"
    },
    {
      "code" : "dateMaj",
      "valueDateTime" : "2019-03-29T12:00:00+01:00"
    },
    {
      "code" : "deprecationDate",
      "valueDateTime" : "2019-03-29T12:00:00+01:00"
    },
    {
      "code" : "status",
      "valueCode" : "deprecated"
    }]
  },
  {
    "code" : "24",
    "display" : "Unité hospitalière sécurisée interrégionale (UHSI)",
    "designation" : [{
      "language" : "fr-FR",
      "use" : {
        "system" : "http://snomed.info/sct",
        "code" : "900000000000013009"
      },
      "value" : "UHSI"
    }],
    "property" : [{
      "code" : "dateValid",
      "valueDateTime" : "2015-05-04T00:00:00+01:00"
    },
    {
      "code" : "dateFin",
      "valueDateTime" : "2018-10-26T12:00:00+01:00"
    },
    {
      "code" : "dateMaj",
      "valueDateTime" : "2018-10-26T12:00:00+01:00"
    },
    {
      "code" : "deprecationDate",
      "valueDateTime" : "2018-10-26T12:00:00+01:00"
    },
    {
      "code" : "status",
      "valueCode" : "deprecated"
    }]
  },
  {
    "code" : "25",
    "display" : "Unité sanitaire (ex UCSA)",
    "property" : [{
      "code" : "dateValid",
      "valueDateTime" : "2015-05-04T00:00:00+01:00"
    },
    {
      "code" : "dateFin",
      "valueDateTime" : "2018-10-26T12:00:00+01:00"
    },
    {
      "code" : "dateMaj",
      "valueDateTime" : "2018-10-26T12:00:00+01:00"
    },
    {
      "code" : "deprecationDate",
      "valueDateTime" : "2018-10-26T12:00:00+01:00"
    },
    {
      "code" : "status",
      "valueCode" : "deprecated"
    }]
  },
  {
    "code" : "26",
    "display" : "Téléconsultation",
    "property" : [{
      "code" : "dateValid",
      "valueDateTime" : "2015-05-04T00:00:00+01:00"
    },
    {
      "code" : "dateFin",
      "valueDateTime" : "2021-03-26T12:00:00+01:00"
    },
    {
      "code" : "dateMaj",
      "valueDateTime" : "2021-03-26T12:00:00+01:00"
    },
    {
      "code" : "deprecationDate",
      "valueDateTime" : "2021-03-26T12:00:00+01:00"
    },
    {
      "code" : "status",
      "valueCode" : "deprecated"
    }]
  },
  {
    "code" : "27",
    "display" : "Télémédecine",
    "property" : [{
      "code" : "dateValid",
      "valueDateTime" : "2015-05-04T00:00:00+01:00"
    },
    {
      "code" : "dateMaj",
      "valueDateTime" : "2015-05-04T00:00:00+01:00"
    },
    {
      "code" : "status",
      "valueCode" : "active"
    }]
  },
  {
    "code" : "28",
    "display" : "Hospitalisation complète (HC)",
    "designation" : [{
      "language" : "fr-FR",
      "use" : {
        "system" : "http://snomed.info/sct",
        "code" : "900000000000013009"
      },
      "value" : "HC"
    }],
    "property" : [{
      "code" : "dateValid",
      "valueDateTime" : "2016-09-01T00:00:00+01:00"
    },
    {
      "code" : "dateMaj",
      "valueDateTime" : "2019-03-29T12:00:00+01:00"
    },
    {
      "code" : "status",
      "valueCode" : "active"
    }]
  },
  {
    "code" : "29",
    "display" : "Hospitalisation de jour (HJ)",
    "designation" : [{
      "language" : "fr-FR",
      "use" : {
        "system" : "http://snomed.info/sct",
        "code" : "900000000000013009"
      },
      "value" : "HJ"
    }],
    "property" : [{
      "code" : "dateValid",
      "valueDateTime" : "2016-09-01T00:00:00+01:00"
    },
    {
      "code" : "dateMaj",
      "valueDateTime" : "2019-03-29T12:00:00+01:00"
    },
    {
      "code" : "status",
      "valueCode" : "active"
    }]
  },
  {
    "code" : "30",
    "display" : "Hospitalisation de nuit (HN)",
    "designation" : [{
      "language" : "fr-FR",
      "use" : {
        "system" : "http://snomed.info/sct",
        "code" : "900000000000013009"
      },
      "value" : "HN"
    }],
    "property" : [{
      "code" : "dateValid",
      "valueDateTime" : "2016-09-01T00:00:00+01:00"
    },
    {
      "code" : "dateMaj",
      "valueDateTime" : "2019-03-29T12:00:00+01:00"
    },
    {
      "code" : "status",
      "valueCode" : "active"
    }]
  },
  {
    "code" : "31",
    "display" : "Hospitalisation à domicile (HAD)",
    "designation" : [{
      "language" : "fr-FR",
      "use" : {
        "system" : "http://snomed.info/sct",
        "code" : "900000000000013009"
      },
      "value" : "HAD"
    }],
    "property" : [{
      "code" : "dateValid",
      "valueDateTime" : "2016-09-01T00:00:00+01:00"
    },
    {
      "code" : "dateMaj",
      "valueDateTime" : "2016-09-01T00:00:00+01:00"
    },
    {
      "code" : "status",
      "valueCode" : "active"
    }]
  },
  {
    "code" : "32",
    "display" : "Consultation (CS) ou Séance",
    "definition" : "Rencontre entre un patient non hospitalisé et un praticien qui permet d’initier ou de faire le suivi d’une prise en charge",
    "property" : [{
      "code" : "dateValid",
      "valueDateTime" : "2016-09-01T00:00:00+01:00"
    },
    {
      "code" : "dateMaj",
      "valueDateTime" : "2025-08-28T12:00:00+01:00"
    },
    {
      "code" : "status",
      "valueCode" : "active"
    }]
  },
  {
    "code" : "33",
    "display" : "Accueil des urgences",
    "property" : [{
      "code" : "dateValid",
      "valueDateTime" : "2016-09-01T00:00:00+01:00"
    },
    {
      "code" : "dateMaj",
      "valueDateTime" : "2016-09-01T00:00:00+01:00"
    },
    {
      "code" : "status",
      "valueCode" : "active"
    }]
  },
  {
    "code" : "34",
    "display" : "Hospitalisation de semaine (HS)",
    "designation" : [{
      "language" : "fr-FR",
      "use" : {
        "system" : "http://snomed.info/sct",
        "code" : "900000000000013009"
      },
      "value" : "HS"
    }],
    "property" : [{
      "code" : "dateValid",
      "valueDateTime" : "2016-09-01T00:00:00+01:00"
    },
    {
      "code" : "dateMaj",
      "valueDateTime" : "2019-03-29T12:00:00+01:00"
    },
    {
      "code" : "status",
      "valueCode" : "active"
    }]
  },
  {
    "code" : "35",
    "display" : "Téléexpertise",
    "property" : [{
      "code" : "dateValid",
      "valueDateTime" : "2016-11-02T00:00:00+01:00"
    },
    {
      "code" : "dateMaj",
      "valueDateTime" : "2016-11-02T00:00:00+01:00"
    },
    {
      "code" : "status",
      "valueCode" : "active"
    }]
  },
  {
    "code" : "36",
    "display" : "Téléassistance",
    "property" : [{
      "code" : "dateValid",
      "valueDateTime" : "2016-11-02T00:00:00+01:00"
    },
    {
      "code" : "dateMaj",
      "valueDateTime" : "2016-11-02T00:00:00+01:00"
    },
    {
      "code" : "status",
      "valueCode" : "active"
    }]
  },
  {
    "code" : "37",
    "display" : "Télésurveillance médicale",
    "property" : [{
      "code" : "dateValid",
      "valueDateTime" : "2016-11-02T00:00:00+01:00"
    },
    {
      "code" : "dateMaj",
      "valueDateTime" : "2016-11-02T00:00:00+01:00"
    },
    {
      "code" : "status",
      "valueCode" : "active"
    }]
  },
  {
    "code" : "38",
    "display" : "Isolement de secteur (unité de cohorting)",
    "designation" : [{
      "language" : "fr-FR",
      "use" : {
        "system" : "http://snomed.info/sct",
        "code" : "900000000000013009"
      },
      "value" : "Isolement de secteur"
    }],
    "property" : [{
      "code" : "dateValid",
      "valueDateTime" : "2017-03-22T12:00:00+01:00"
    },
    {
      "code" : "dateMaj",
      "valueDateTime" : "2017-03-22T12:00:00+01:00"
    },
    {
      "code" : "status",
      "valueCode" : "active"
    }]
  },
  {
    "code" : "39",
    "display" : "Réunion de Concertation Pluridisciplinaire (RCP)",
    "designation" : [{
      "language" : "fr-FR",
      "use" : {
        "system" : "http://snomed.info/sct",
        "code" : "900000000000013009"
      },
      "value" : "RCP"
    }],
    "property" : [{
      "code" : "dateValid",
      "valueDateTime" : "2017-03-22T12:00:00+01:00"
    },
    {
      "code" : "dateMaj",
      "valueDateTime" : "2017-03-22T12:00:00+01:00"
    },
    {
      "code" : "status",
      "valueCode" : "active"
    }]
  },
  {
    "code" : "40",
    "display" : "Réunion de Concertation Pluridisciplinaire (RCP) de recours",
    "designation" : [{
      "language" : "fr-FR",
      "use" : {
        "system" : "http://snomed.info/sct",
        "code" : "900000000000013009"
      },
      "value" : "RCP recours"
    }],
    "property" : [{
      "code" : "dateValid",
      "valueDateTime" : "2017-03-22T12:00:00+01:00"
    },
    {
      "code" : "dateMaj",
      "valueDateTime" : "2017-03-22T12:00:00+01:00"
    },
    {
      "code" : "status",
      "valueCode" : "active"
    }]
  },
  {
    "code" : "41",
    "display" : "Accueil familial thérapeutique",
    "property" : [{
      "code" : "dateValid",
      "valueDateTime" : "2017-07-07T10:00:00+01:00"
    },
    {
      "code" : "dateMaj",
      "valueDateTime" : "2017-07-07T10:00:00+01:00"
    },
    {
      "code" : "status",
      "valueCode" : "active"
    }]
  },
  {
    "code" : "42",
    "display" : "Prise en charge de groupe",
    "property" : [{
      "code" : "dateValid",
      "valueDateTime" : "2017-07-07T10:00:00+01:00"
    },
    {
      "code" : "dateMaj",
      "valueDateTime" : "2017-07-07T10:00:00+01:00"
    },
    {
      "code" : "status",
      "valueCode" : "active"
    }]
  },
  {
    "code" : "43",
    "display" : "Equipe de liaison et de soins",
    "property" : [{
      "code" : "dateValid",
      "valueDateTime" : "2017-07-07T10:00:00+01:00"
    },
    {
      "code" : "dateFin",
      "valueDateTime" : "2018-01-26T12:00:00+01:00"
    },
    {
      "code" : "dateMaj",
      "valueDateTime" : "2018-01-26T12:00:00+01:00"
    },
    {
      "code" : "deprecationDate",
      "valueDateTime" : "2018-01-26T12:00:00+01:00"
    },
    {
      "code" : "status",
      "valueCode" : "deprecated"
    }]
  },
  {
    "code" : "44",
    "display" : "Equipe mobile intra-hospitalière",
    "designation" : [{
      "language" : "fr-FR",
      "use" : {
        "system" : "http://snomed.info/sct",
        "code" : "900000000000013009"
      },
      "value" : "Equipe mobile intra-hosp"
    }],
    "property" : [{
      "code" : "dateValid",
      "valueDateTime" : "2017-07-07T10:00:00+01:00"
    },
    {
      "code" : "dateFin",
      "valueDateTime" : "2018-01-26T12:00:00+01:00"
    },
    {
      "code" : "dateMaj",
      "valueDateTime" : "2018-01-26T12:00:00+01:00"
    },
    {
      "code" : "deprecationDate",
      "valueDateTime" : "2018-01-26T12:00:00+01:00"
    },
    {
      "code" : "status",
      "valueCode" : "deprecated"
    }]
  },
  {
    "code" : "45",
    "display" : "Equipe mobile extra-hospitalière",
    "designation" : [{
      "language" : "fr-FR",
      "use" : {
        "system" : "http://snomed.info/sct",
        "code" : "900000000000013009"
      },
      "value" : "Equipe mobile extra-hosp"
    }],
    "property" : [{
      "code" : "dateValid",
      "valueDateTime" : "2017-07-07T10:00:00+01:00"
    },
    {
      "code" : "dateFin",
      "valueDateTime" : "2018-01-26T12:00:00+01:00"
    },
    {
      "code" : "dateMaj",
      "valueDateTime" : "2018-01-26T12:00:00+01:00"
    },
    {
      "code" : "deprecationDate",
      "valueDateTime" : "2018-01-26T12:00:00+01:00"
    },
    {
      "code" : "status",
      "valueCode" : "deprecated"
    }]
  },
  {
    "code" : "46",
    "display" : "Hébergement (accueil jour et nuit)",
    "definition" : "L'hébergement est un mode de prise en charge permettant aux personnes d'y être accueillies et accompagnées le jour et la nuit. Cet accueil peut inclure une offre de restauration, décrite dans le ROR par une activité opérationnelle, et prendre en charge une offre de transport, l'autonomie et les soins.",
    "designation" : [{
      "language" : "fr-FR",
      "use" : {
        "system" : "http://snomed.info/sct",
        "code" : "900000000000013009"
      },
      "value" : "Hébergement"
    }],
    "property" : [{
      "code" : "dateValid",
      "valueDateTime" : "2018-01-26T12:00:00+01:00"
    },
    {
      "code" : "dateMaj",
      "valueDateTime" : "2021-06-25T12:00:00+01:00"
    },
    {
      "code" : "status",
      "valueCode" : "active"
    }]
  },
  {
    "code" : "47",
    "display" : "Accueil de jour",
    "definition" : "L'accueil de jour est un mode de prise en charge permettant à des personnes vivant à domicile d'être accueillies et accompagnées en journée sur une courte période (d'une demi-journée à plusieurs jours par semaine). Cet accueil peut inclure une offre de restauration, décrite dans le ROR par une activité opérationnelle, et prendre en charge une offre de transport, l'autonomie et les soins.",
    "property" : [{
      "code" : "dateValid",
      "valueDateTime" : "2018-01-26T12:00:00+01:00"
    },
    {
      "code" : "dateMaj",
      "valueDateTime" : "2021-06-25T12:00:00+01:00"
    },
    {
      "code" : "status",
      "valueCode" : "active"
    }]
  },
  {
    "code" : "48",
    "display" : "Accueil de nuit",
    "definition" : "L'accueil de nuit est un mode de prise en charge permettant aux personnes d'y être accueillies et accompagnées la nuit. Cet accueil peut inclure une offre de restauration, décrite dans le ROR par une activité opérationnelle, et prendre en charge une offre de transport, l'autonomie et les soins.",
    "property" : [{
      "code" : "dateValid",
      "valueDateTime" : "2018-01-26T12:00:00+01:00"
    },
    {
      "code" : "dateMaj",
      "valueDateTime" : "2021-06-25T12:00:00+01:00"
    },
    {
      "code" : "status",
      "valueCode" : "active"
    }]
  },
  {
    "code" : "49",
    "display" : "Sur les lieux de vie",
    "property" : [{
      "code" : "dateValid",
      "valueDateTime" : "2018-01-26T12:00:00+01:00"
    },
    {
      "code" : "dateMaj",
      "valueDateTime" : "2018-01-26T12:00:00+01:00"
    },
    {
      "code" : "status",
      "valueCode" : "active"
    }]
  },
  {
    "code" : "50",
    "display" : "Placement famille d'accueil",
    "definition" : "Le placement en famille d'accueil est un dispositif permettant à un enfant, une personne âgée et/ou handicapée d'être accueillie au domicile d'un accueillant familial agréé et rémunéré pour cette prestation.",
    "property" : [{
      "code" : "dateValid",
      "valueDateTime" : "2018-01-26T12:00:00+01:00"
    },
    {
      "code" : "dateMaj",
      "valueDateTime" : "2023-01-27T12:00:00+01:00"
    },
    {
      "code" : "status",
      "valueCode" : "active"
    }]
  },
  {
    "code" : "51",
    "display" : "Relayage (type baluchonnage)",
    "property" : [{
      "code" : "dateValid",
      "valueDateTime" : "2018-01-26T12:00:00+01:00"
    },
    {
      "code" : "dateFin",
      "valueDateTime" : "2019-03-29T12:00:00+01:00"
    },
    {
      "code" : "dateMaj",
      "valueDateTime" : "2019-03-29T12:00:00+01:00"
    },
    {
      "code" : "deprecationDate",
      "valueDateTime" : "2019-03-29T12:00:00+01:00"
    },
    {
      "code" : "status",
      "valueCode" : "deprecated"
    }]
  },
  {
    "code" : "52",
    "display" : "Equipe mobile intra-hospitalière",
    "designation" : [{
      "language" : "fr-FR",
      "use" : {
        "system" : "http://snomed.info/sct",
        "code" : "900000000000013009"
      },
      "value" : "Equipe mobile intra-hosp"
    }],
    "property" : [{
      "code" : "dateValid",
      "valueDateTime" : "2018-02-28T12:00:00+01:00"
    },
    {
      "code" : "dateMaj",
      "valueDateTime" : "2018-10-26T12:00:00+01:00"
    },
    {
      "code" : "status",
      "valueCode" : "active"
    }]
  },
  {
    "code" : "53",
    "display" : "Equipe mobile extra et intra-hospitalière",
    "designation" : [{
      "language" : "fr-FR",
      "use" : {
        "system" : "http://snomed.info/sct",
        "code" : "900000000000013009"
      },
      "value" : "Equipe mob extra et intra-hosp"
    }],
    "property" : [{
      "code" : "dateValid",
      "valueDateTime" : "2018-02-28T12:00:00+01:00"
    },
    {
      "code" : "dateMaj",
      "valueDateTime" : "2018-10-26T12:00:00+01:00"
    },
    {
      "code" : "status",
      "valueCode" : "active"
    }]
  },
  {
    "code" : "54",
    "display" : "Accueil individuel ou collectif",
    "designation" : [{
      "language" : "fr-FR",
      "use" : {
        "system" : "http://snomed.info/sct",
        "code" : "900000000000013009"
      },
      "value" : "Accueil individuel/collectif"
    }],
    "property" : [{
      "code" : "dateValid",
      "valueDateTime" : "2018-05-31T12:00:00+01:00"
    },
    {
      "code" : "dateMaj",
      "valueDateTime" : "2018-05-31T12:00:00+01:00"
    },
    {
      "code" : "status",
      "valueCode" : "active"
    }]
  },
  {
    "code" : "55",
    "display" : "Plateau technique",
    "property" : [{
      "code" : "dateValid",
      "valueDateTime" : "2018-07-27T12:00:00+01:00"
    },
    {
      "code" : "dateMaj",
      "valueDateTime" : "2018-07-27T12:00:00+01:00"
    },
    {
      "code" : "status",
      "valueCode" : "active"
    }]
  },
  {
    "code" : "56",
    "display" : "Accueil non programmé",
    "property" : [{
      "code" : "dateValid",
      "valueDateTime" : "2019-03-29T12:00:00+01:00"
    },
    {
      "code" : "dateMaj",
      "valueDateTime" : "2019-03-29T12:00:00+01:00"
    },
    {
      "code" : "status",
      "valueCode" : "active"
    }]
  },
  {
    "code" : "57",
    "display" : "Centre spécialisé",
    "property" : [{
      "code" : "dateValid",
      "valueDateTime" : "2019-03-29T12:00:00+01:00"
    },
    {
      "code" : "dateMaj",
      "valueDateTime" : "2019-03-29T12:00:00+01:00"
    },
    {
      "code" : "status",
      "valueCode" : "active"
    }]
  },
  {
    "code" : "58",
    "display" : "Coordination de parcours",
    "definition" : "La coordination de parcours est un mode de prise en charge correspondant à l'appui à l'organisation des parcours complexes ou des parcours spécifiques à certaines pathologies.  Elle a pour objectif d'améliorer la fluidité des échanges entre les différents acteurs.",
    "property" : [{
      "code" : "dateValid",
      "valueDateTime" : "2021-03-26T12:00:00+01:00"
    },
    {
      "code" : "dateMaj",
      "valueDateTime" : "2021-06-25T12:00:00+01:00"
    },
    {
      "code" : "status",
      "valueCode" : "active"
    }]
  },
  {
    "code" : "59",
    "display" : "Equipe d'intervention mobile",
    "property" : [{
      "code" : "dateValid",
      "valueDateTime" : "2021-03-26T12:00:00+01:00"
    },
    {
      "code" : "dateMaj",
      "valueDateTime" : "2021-03-26T12:00:00+01:00"
    },
    {
      "code" : "status",
      "valueCode" : "active"
    }]
  }]
}