{
  "resourceType" : "CodeSystem",
  "id" : "TRE-G19-SecteurActiviteADELI",
  "meta" : {
    "versionId" : "10",
    "lastUpdated" : "2025-07-02T18:11:51.547+00:00",
    "profile" : ["http://hl7.org/fhir/StructureDefinition/shareablecodesystem"]
  },
  "text" : {
    "status" : "generated",
    "div" : "<div xmlns=\"http://www.w3.org/1999/xhtml\"><p class=\"res-header-id\"><b>Narratif généré : CodeSystem TRE-G19-SecteurActiviteADELI</b></p><a name=\"TRE-G19-SecteurActiviteADELI\"> </a><a name=\"hcTRE-G19-SecteurActiviteADELI\"> </a><div style=\"display: inline-block; background-color: #d9e0e7; padding: 6px; margin: 4px; border: 1px solid #8da1b4; border-radius: 5px; line-height: 60%\"><p style=\"margin-bottom: 0px\">version: 9; Dernière mise à jour : 2025-05-26 18:11:12+0000</p><p style=\"margin-bottom: 0px\">Profil: <a href=\"http://hl7.org/fhir/R4/shareablecodesystem.html\">Shareable CodeSystem</a></p></div><p><b>Propriétés</b></p><p><b>Cette terminologie de référence (CodeSystem) définit les propriétés suivantes pour ses concepts</b></p><table class=\"grid\"><tr><td><b>Nom</b></td><td><b>Code</b></td><td><b>URI</b></td><td><b>Type</b></td><td><b>Description</b></td></tr><tr><td>dateValid</td><td>dateValid</td><td/><td>dateTime</td><td>date de validité d'un code concept</td></tr><tr><td>dateMaj</td><td>dateMaj</td><td/><td>dateTime</td><td>Date de mise à jour d'un code concept</td></tr><tr><td>dateFin</td><td>dateFin</td><td/><td>dateTime</td><td>Date de fin d'exploitation d'un code concept</td></tr><tr><td>deprecationDate</td><td>deprecationDate</td><td>http://hl7.org/fhir/concept-properties#deprecationDate</td><td>dateTime</td><td>Date Concept was deprecated</td></tr><tr><td>status</td><td>status</td><td>http://hl7.org/fhir/concept-properties#status</td><td>code</td><td>A property that indicates the status of the concept.</td></tr><tr><td>retirementDate</td><td>retirementDate</td><td>http://hl7.org/fhir/concept-properties#retirementDate</td><td>dateTime</td><td>Date Concept was retired</td></tr></table><p><b>Concepts</b></p><p>This case-insensitive code system <code>https://mos.esante.gouv.fr/NOS/TRE_G19-SecteurActiviteADELI/FHIR/TRE-G19-SecteurActiviteADELI</code> defines the following codes:</p><table class=\"codes\"><tr><td style=\"white-space:nowrap\"><b>Code</b></td><td><b>Display</b></td><td><b>Définition</b></td><td><b>Déprécié</b></td><td><b>dateValid</b></td><td><b>dateMaj</b></td><td><b>dateFin</b></td><td><b>deprecationDate</b></td><td><b>status</b></td><td><b>French (France) (fr)</b></td></tr><tr><td style=\"white-space:nowrap\">10<a name=\"TRE-G19-SecteurActiviteADELI-10\"> </a></td><td>Etablissement public de santé</td><td/><td/><td>2007-07-25T15:04:44+01:00</td><td>2016-09-01T00:00:00+01:00</td><td/><td/><td>active</td><td/></tr><tr><td style=\"white-space:nowrap\">11<a name=\"TRE-G19-SecteurActiviteADELI-11\"> </a></td><td>Hôpital militaire du Service de santé des armées</td><td/><td/><td>2007-07-25T15:04:44+01:00</td><td>2016-09-01T00:00:00+01:00</td><td/><td/><td>active</td><td>Hôpital militaire SSA</td></tr><tr><td style=\"white-space:nowrap\">16<a name=\"TRE-G19-SecteurActiviteADELI-16\"> </a></td><td>Etablissement privé PSPH</td><td/><td/><td>2007-07-25T15:04:44+01:00</td><td>2016-09-01T00:00:00+01:00</td><td/><td/><td>active</td><td>Etab privé PSPH</td></tr><tr><td style=\"white-space:nowrap\">17<a name=\"TRE-G19-SecteurActiviteADELI-17\"> </a></td><td>Etablissement privé non PSPH</td><td/><td/><td>2007-07-25T15:04:44+01:00</td><td>2016-09-01T00:00:00+01:00</td><td/><td/><td>active</td><td>Etab privé non PSPH</td></tr><tr><td style=\"white-space:nowrap\">25<a name=\"TRE-G19-SecteurActiviteADELI-25\"> </a></td><td>Centre de santé</td><td/><td/><td>2007-07-25T15:04:44+01:00</td><td>2008-02-28T00:00:00+01:00</td><td/><td/><td>active</td><td/></tr><tr><td style=\"white-space:nowrap\">26<a name=\"TRE-G19-SecteurActiviteADELI-26\"> </a></td><td>Autre structure du Service de santé des armées</td><td/><td/><td>2007-07-25T15:04:44+01:00</td><td>2016-09-01T00:00:00+01:00</td><td/><td/><td>active</td><td>Autre structure SSA</td></tr><tr><td style=\"white-space:nowrap\">31<a name=\"TRE-G19-SecteurActiviteADELI-31\"> </a></td><td>Cabinet individuel</td><td/><td/><td>2007-07-25T15:04:44+01:00</td><td>2008-02-28T00:00:00+01:00</td><td/><td/><td>active</td><td/></tr><tr><td style=\"white-space:nowrap\">32<a name=\"TRE-G19-SecteurActiviteADELI-32\"> </a></td><td>Cabinet de groupe</td><td/><td/><td>2007-07-25T15:04:44+01:00</td><td>2008-02-28T00:00:00+01:00</td><td/><td/><td>active</td><td/></tr><tr><td style=\"white-space:nowrap\">33<a name=\"TRE-G19-SecteurActiviteADELI-33\"> </a></td><td>Exercice en société</td><td/><td/><td>2007-07-25T15:04:44+01:00</td><td>2016-09-01T00:00:00+01:00</td><td/><td/><td>active</td><td/></tr><tr><td style=\"white-space:nowrap\">34<a name=\"TRE-G19-SecteurActiviteADELI-34\"> </a></td><td>Secteur privé, praticien hospitalier temps plein</td><td/><td/><td>2007-07-25T15:04:44+01:00</td><td>2016-09-01T00:00:00+01:00</td><td/><td/><td>active</td><td>Secteur privé, PH TP</td></tr><tr><td style=\"white-space:nowrap\">35<a name=\"TRE-G19-SecteurActiviteADELI-35\"> </a></td><td>Transporteur sanitaire</td><td/><td/><td>2007-07-25T15:04:44+01:00</td><td>2016-09-01T00:00:00+01:00</td><td/><td/><td>active</td><td>Transport sanitaire</td></tr><tr style=\"background-color: #ffeeee\"><td style=\"white-space:nowrap\">37<a name=\"TRE-G19-SecteurActiviteADELI-37\"> </a></td><td>Entreprise d'intérim</td><td/><td>Déprécié</td><td>2007-07-25T15:04:44+01:00</td><td>2020-06-26T12:00:00+01:00</td><td>2020-06-26T12:00:00+01:00</td><td>2020-06-26T12:00:00+01:00</td><td>deprecated</td><td/></tr><tr><td style=\"white-space:nowrap\">41<a name=\"TRE-G19-SecteurActiviteADELI-41\"> </a></td><td>Etablissement de soins et prévention</td><td/><td/><td>2007-07-25T15:04:44+01:00</td><td>2016-09-01T00:00:00+01:00</td><td/><td/><td>active</td><td>Etab de soins et prévention</td></tr><tr><td style=\"white-space:nowrap\">42<a name=\"TRE-G19-SecteurActiviteADELI-42\"> </a></td><td>Prévention et soins en entreprise</td><td/><td/><td>2007-07-25T15:04:44+01:00</td><td>2016-09-01T00:00:00+01:00</td><td/><td/><td>active</td><td>Prévent, soins en entreprise</td></tr><tr><td style=\"white-space:nowrap\">43<a name=\"TRE-G19-SecteurActiviteADELI-43\"> </a></td><td>Etablissement scolaire ou universitaire</td><td/><td/><td>2007-07-25T15:04:44+01:00</td><td>2016-09-01T00:00:00+01:00</td><td/><td/><td>active</td><td>Etab scolaire ou universitaire</td></tr><tr><td style=\"white-space:nowrap\">44<a name=\"TRE-G19-SecteurActiviteADELI-44\"> </a></td><td>Recrutement ou Gestion RH</td><td/><td/><td>2007-07-25T15:04:44+01:00</td><td>2016-09-01T00:00:00+01:00</td><td/><td/><td>active</td><td>Recrutement, Gestion RH</td></tr><tr><td style=\"white-space:nowrap\">45<a name=\"TRE-G19-SecteurActiviteADELI-45\"> </a></td><td>PMI et Planification familiale</td><td/><td/><td>2007-07-25T15:04:44+01:00</td><td>2016-09-01T00:00:00+01:00</td><td/><td/><td>active</td><td>PMI, Planification familiale</td></tr><tr><td style=\"white-space:nowrap\">51<a name=\"TRE-G19-SecteurActiviteADELI-51\"> </a></td><td>Etablissement pour personnes handicapées</td><td/><td/><td>2007-07-25T15:04:44+01:00</td><td>2016-09-01T00:00:00+01:00</td><td/><td/><td>active</td><td>Etab pour handicapés</td></tr><tr><td style=\"white-space:nowrap\">52<a name=\"TRE-G19-SecteurActiviteADELI-52\"> </a></td><td>Communication, Marketing, Consulting, Média</td><td/><td/><td>2007-07-25T15:04:44+01:00</td><td>2016-09-01T00:00:00+01:00</td><td/><td/><td>active</td><td>Commun, Mark, Consult, Média</td></tr><tr><td style=\"white-space:nowrap\">53<a name=\"TRE-G19-SecteurActiviteADELI-53\"> </a></td><td>Etablissement pour personnes âgées</td><td/><td/><td>2007-07-25T15:04:44+01:00</td><td>2016-09-01T00:00:00+01:00</td><td/><td/><td>active</td><td>Etab pour personnes âgées</td></tr><tr><td style=\"white-space:nowrap\">54<a name=\"TRE-G19-SecteurActiviteADELI-54\"> </a></td><td>Etablissement aide à la famille</td><td/><td/><td>2007-07-25T15:04:44+01:00</td><td>2016-09-01T00:00:00+01:00</td><td/><td/><td>active</td><td>Etab aide à la famille</td></tr><tr><td style=\"white-space:nowrap\">55<a name=\"TRE-G19-SecteurActiviteADELI-55\"> </a></td><td>Etablissement d'enseignement</td><td/><td/><td>2007-07-25T15:04:44+01:00</td><td>2016-09-01T00:00:00+01:00</td><td/><td/><td>active</td><td>Etab d'enseignement</td></tr><tr><td style=\"white-space:nowrap\">56<a name=\"TRE-G19-SecteurActiviteADELI-56\"> </a></td><td>Etablissement pour la protection de l'enfance</td><td/><td/><td>2007-07-25T15:04:44+01:00</td><td>2016-09-01T00:00:00+01:00</td><td/><td/><td>active</td><td>Etab pour protection enfance</td></tr><tr><td style=\"white-space:nowrap\">57<a name=\"TRE-G19-SecteurActiviteADELI-57\"> </a></td><td>Etablissement d'hébergement et de réadaptation</td><td/><td/><td>2007-07-25T15:04:44+01:00</td><td>2016-09-01T00:00:00+01:00</td><td/><td/><td>active</td><td>Etab hébergement, réadaptation</td></tr><tr><td style=\"white-space:nowrap\">58<a name=\"TRE-G19-SecteurActiviteADELI-58\"> </a></td><td>Recherche</td><td/><td/><td>2007-07-25T15:04:44+01:00</td><td>2010-11-18T00:00:00+01:00</td><td/><td/><td>active</td><td/></tr><tr><td style=\"white-space:nowrap\">61<a name=\"TRE-G19-SecteurActiviteADELI-61\"> </a></td><td>Assurance privée</td><td/><td/><td>2007-07-25T15:04:44+01:00</td><td>2016-09-01T00:00:00+01:00</td><td/><td/><td>active</td><td/></tr><tr><td style=\"white-space:nowrap\">62<a name=\"TRE-G19-SecteurActiviteADELI-62\"> </a></td><td>Organisme de sécurité sociale</td><td/><td/><td>2007-07-25T15:04:44+01:00</td><td>2016-09-01T00:00:00+01:00</td><td/><td/><td>active</td><td/></tr><tr><td style=\"white-space:nowrap\">65<a name=\"TRE-G19-SecteurActiviteADELI-65\"> </a></td><td>Ministère ou Service déconcentré</td><td/><td/><td>2007-07-27T16:46:43+01:00</td><td>2016-09-01T00:00:00+01:00</td><td/><td/><td>active</td><td>Ministère, Service déconcentré</td></tr><tr><td style=\"white-space:nowrap\">66<a name=\"TRE-G19-SecteurActiviteADELI-66\"> </a></td><td>Collectivité territoriale</td><td/><td/><td>2007-07-25T15:04:44+01:00</td><td>2016-09-01T00:00:00+01:00</td><td/><td/><td>active</td><td/></tr><tr><td style=\"white-space:nowrap\">68<a name=\"TRE-G19-SecteurActiviteADELI-68\"> </a></td><td>Association ou organisme humanitaire</td><td/><td/><td>2007-07-25T15:04:44+01:00</td><td>2016-09-01T00:00:00+01:00</td><td/><td/><td>active</td><td>Asso ou organisme humanitaire</td></tr><tr><td style=\"white-space:nowrap\">71<a name=\"TRE-G19-SecteurActiviteADELI-71\"> </a></td><td>Laboratoire (d'analyse et) de biologie médicale</td><td/><td/><td>2007-07-25T15:04:44+01:00</td><td>2016-09-01T00:00:00+01:00</td><td/><td/><td>active</td><td>LBM ou LABM</td></tr><tr><td style=\"white-space:nowrap\">75<a name=\"TRE-G19-SecteurActiviteADELI-75\"> </a></td><td>Autre établissement sanitaire</td><td/><td/><td>2007-07-25T15:04:44+01:00</td><td>2016-09-01T00:00:00+01:00</td><td/><td/><td>active</td><td/></tr><tr><td style=\"white-space:nowrap\">81<a name=\"TRE-G19-SecteurActiviteADELI-81\"> </a></td><td>Répartition et Distribution de médicaments et dispositifs médicaux</td><td/><td/><td>2007-07-25T00:00:00+01:00</td><td>2016-09-01T00:00:00+01:00</td><td/><td/><td>active</td><td>Répart, Distrib médic et DM</td></tr><tr><td style=\"white-space:nowrap\">85<a name=\"TRE-G19-SecteurActiviteADELI-85\"> </a></td><td>Appareillage médical</td><td/><td/><td>2007-07-25T15:04:44+01:00</td><td>2008-02-28T00:00:00+01:00</td><td/><td/><td>active</td><td/></tr><tr><td style=\"white-space:nowrap\">86<a name=\"TRE-G19-SecteurActiviteADELI-86\"> </a></td><td>Pharmacie d'officine</td><td/><td/><td>2007-07-25T15:04:44+01:00</td><td>2016-09-01T00:00:00+01:00</td><td/><td/><td>active</td><td/></tr><tr><td style=\"white-space:nowrap\">87<a name=\"TRE-G19-SecteurActiviteADELI-87\"> </a></td><td>Centre de dialyse</td><td/><td/><td>2007-07-25T15:04:44+01:00</td><td>2008-02-28T00:00:00+01:00</td><td/><td/><td>active</td><td/></tr><tr><td style=\"white-space:nowrap\">88<a name=\"TRE-G19-SecteurActiviteADELI-88\"> </a></td><td>Para-pharmacie</td><td/><td/><td>2007-07-25T15:04:44+01:00</td><td>2008-02-28T00:00:00+01:00</td><td/><td/><td>active</td><td/></tr><tr><td style=\"white-space:nowrap\">91<a name=\"TRE-G19-SecteurActiviteADELI-91\"> </a></td><td>Autre établissement du domaine social ou médico-social</td><td/><td/><td>2007-07-25T15:04:44+01:00</td><td>2016-12-22T12:00:00+01:00</td><td/><td/><td>active</td><td>Autre étab dom (médico-)social</td></tr><tr><td style=\"white-space:nowrap\">92<a name=\"TRE-G19-SecteurActiviteADELI-92\"> </a></td><td>Secteur non défini</td><td/><td/><td>2007-07-25T00:00:00+01:00</td><td>2008-02-28T00:00:00+01:00</td><td/><td/><td>active</td><td/></tr><tr><td style=\"white-space:nowrap\">93<a name=\"TRE-G19-SecteurActiviteADELI-93\"> </a></td><td>Centre anti-cancer</td><td/><td/><td>2007-07-25T00:00:00+01:00</td><td>2009-08-24T00:00:00+01:00</td><td/><td/><td>active</td><td/></tr><tr><td style=\"white-space:nowrap\">94<a name=\"TRE-G19-SecteurActiviteADELI-94\"> </a></td><td>Centre de transfusion sanguine</td><td/><td/><td>2007-07-25T15:04:44+01:00</td><td>2008-02-28T00:00:00+01:00</td><td/><td/><td>active</td><td>Centre transfusion sanguine</td></tr><tr><td style=\"white-space:nowrap\">95<a name=\"TRE-G19-SecteurActiviteADELI-95\"> </a></td><td>Fab, Exploit, Import, Répart, Distrib médicaments et dispo médicaux</td><td/><td/><td>2007-07-25T15:04:44+01:00</td><td>2016-09-01T00:00:00+01:00</td><td/><td/><td>active</td><td>Fab,Expl,Imp,Rép,Dis méd et DM</td></tr><tr><td style=\"white-space:nowrap\">96<a name=\"TRE-G19-SecteurActiviteADELI-96\"> </a></td><td>Incendie et secours</td><td/><td/><td>2007-07-25T15:04:44+01:00</td><td>2016-09-01T00:00:00+01:00</td><td/><td/><td>active</td><td/></tr><tr><td style=\"white-space:nowrap\">97<a name=\"TRE-G19-SecteurActiviteADELI-97\"> </a></td><td>Entreprise indus et tertiaire hors pharmaceutique</td><td/><td/><td>2007-07-25T15:04:44+01:00</td><td>2016-09-01T00:00:00+01:00</td><td/><td/><td>active</td><td>Ent industrielle et tertiaire</td></tr><tr><td style=\"white-space:nowrap\">98<a name=\"TRE-G19-SecteurActiviteADELI-98\"> </a></td><td>Entité Outre-Mer</td><td/><td/><td>2007-07-25T15:04:44+01:00</td><td>2016-09-01T00:00:00+01:00</td><td/><td/><td>active</td><td/></tr><tr><td style=\"white-space:nowrap\">99<a name=\"TRE-G19-SecteurActiviteADELI-99\"> </a></td><td>Fabrication, Exploitation et Importation de médicaments et dispositifs médicaux</td><td/><td/><td>2007-07-25T15:04:44+01:00</td><td>2016-09-01T00:00:00+01:00</td><td/><td/><td>active</td><td>Fab, Expl, Import médic et DM</td></tr><tr><td style=\"white-space:nowrap\">100<a name=\"TRE-G19-SecteurActiviteADELI-100\"> </a></td><td>Structure d'urgence hors établissement hospitalier</td><td/><td/><td>2007-07-25T00:00:00+01:00</td><td>2016-09-01T00:00:00+01:00</td><td/><td/><td>active</td><td>Structure d'urgence hors hôp</td></tr><tr><td style=\"white-space:nowrap\">101<a name=\"TRE-G19-SecteurActiviteADELI-101\"> </a></td><td>Structure de coop avec autorisation de soins</td><td/><td/><td>2007-07-25T00:00:00+01:00</td><td>2016-09-01T00:00:00+01:00</td><td/><td/><td>active</td><td>Struct coop avec auto soins</td></tr><tr><td style=\"white-space:nowrap\">102<a name=\"TRE-G19-SecteurActiviteADELI-102\"> </a></td><td>Maison de santé ou Pôle de santé</td><td/><td/><td>2007-07-25T00:00:00+01:00</td><td>2016-09-01T00:00:00+01:00</td><td/><td/><td>active</td><td>Maison de santé, Pôle de santé</td></tr><tr><td style=\"white-space:nowrap\">103<a name=\"TRE-G19-SecteurActiviteADELI-103\"> </a></td><td>Siège administratif d'un établissement de santé</td><td/><td/><td>2007-07-25T00:00:00+01:00</td><td>2016-09-01T00:00:00+01:00</td><td/><td/><td>active</td><td>Siège administratif étab santé</td></tr><tr><td style=\"white-space:nowrap\">104<a name=\"TRE-G19-SecteurActiviteADELI-104\"> </a></td><td>Centre de dépistage et de prévention</td><td/><td/><td>2014-09-30T00:00:00+01:00</td><td>2016-09-01T00:00:00+01:00</td><td/><td/><td>active</td><td>Centre dépistage et prévention</td></tr><tr><td style=\"white-space:nowrap\">105<a name=\"TRE-G19-SecteurActiviteADELI-105\"> </a></td><td>Laboratoire pharmaceutique préparant délivrant allergènes</td><td/><td/><td>2007-07-25T00:00:00+01:00</td><td>2016-12-22T12:00:00+01:00</td><td/><td/><td>active</td><td>Labo pharmaceutique allergènes</td></tr><tr><td style=\"white-space:nowrap\">106<a name=\"TRE-G19-SecteurActiviteADELI-106\"> </a></td><td>Propharmacie</td><td/><td/><td>2007-07-25T00:00:00+01:00</td><td>2013-01-23T00:00:00+01:00</td><td/><td/><td>active</td><td/></tr><tr><td style=\"white-space:nowrap\">107<a name=\"TRE-G19-SecteurActiviteADELI-107\"> </a></td><td>Structure de coop avec mission coordination soins</td><td/><td/><td>2007-07-25T00:00:00+01:00</td><td>2016-09-01T00:00:00+01:00</td><td/><td/><td>active</td><td>Struct coop mission coor soins</td></tr><tr><td style=\"white-space:nowrap\">108<a name=\"TRE-G19-SecteurActiviteADELI-108\"> </a></td><td>Entreprise de taxis</td><td/><td/><td>2014-05-28T00:00:00+01:00</td><td>2014-05-28T00:00:00+01:00</td><td/><td/><td>active</td><td/></tr><tr><td style=\"white-space:nowrap\">109<a name=\"TRE-G19-SecteurActiviteADELI-109\"> </a></td><td>Labo de biologie médicale hors catégorie standard</td><td/><td/><td>2015-12-21T00:00:00+01:00</td><td>2016-09-01T00:00:00+01:00</td><td/><td/><td>active</td><td>LBM hors catégorie stand</td></tr><tr><td style=\"white-space:nowrap\">110<a name=\"TRE-G19-SecteurActiviteADELI-110\"> </a></td><td>Centres médicaux SNCF</td><td/><td/><td>2016-12-22T12:00:00+01:00</td><td>2016-12-22T12:00:00+01:00</td><td/><td/><td>active</td><td/></tr><tr><td style=\"white-space:nowrap\">111<a name=\"TRE-G19-SecteurActiviteADELI-111\"> </a></td><td>Structure Dispensatrice à domicile d'Oxygène à usage médical</td><td/><td/><td>2017-10-13T12:00:00+01:00</td><td>2017-10-13T12:00:00+01:00</td><td/><td/><td>active</td><td>Struct dispen oxygène domicile</td></tr><tr><td style=\"white-space:nowrap\">112<a name=\"TRE-G19-SecteurActiviteADELI-112\"> </a></td><td>Ordre professionnel de santé</td><td/><td/><td>2019-12-13T12:00:00+01:00</td><td>2019-12-13T12:00:00+01:00</td><td/><td/><td>active</td><td/></tr><tr><td style=\"white-space:nowrap\">113<a name=\"TRE-G19-SecteurActiviteADELI-113\"> </a></td><td>Structures de coordination et d'orientation</td><td>Structures non effectrices de soins permettant la coordination entre professionnels de santé et/ou l'orientation des personnes dans leur parcours de soins</td><td/><td>2020-02-28T12:00:00+01:00</td><td>2025-05-23T12:00:00+01:00</td><td/><td/><td>active</td><td>Coordination et orientation</td></tr><tr><td style=\"white-space:nowrap\">114<a name=\"TRE-G19-SecteurActiviteADELI-114\"> </a></td><td>Société de téléconsultation</td><td/><td/><td>2024-06-28T12:00:00+01:00</td><td>2024-06-28T12:00:00+01:00</td><td/><td/><td>active</td><td/></tr><tr><td style=\"white-space:nowrap\">115<a name=\"TRE-G19-SecteurActiviteADELI-115\"> </a></td><td>Antenne de pharmacie</td><td/><td/><td>2024-06-28T12:00:00+01:00</td><td>2024-06-28T12:00:00+01:00</td><td/><td/><td>active</td><td/></tr><tr><td style=\"white-space:nowrap\">116<a name=\"TRE-G19-SecteurActiviteADELI-116\"> </a></td><td>Services de Prévention et de Santé au Travail (SPST)</td><td/><td/><td>2024-05-31T12:00:00+01:00</td><td>2024-05-31T12:00:00+01:00</td><td/><td/><td>active</td><td>SPST</td></tr><tr><td style=\"white-space:nowrap\">117<a name=\"TRE-G19-SecteurActiviteADELI-117\"> </a></td><td>Maisons médicales de garde (MMG)</td><td/><td/><td>2024-05-31T12:00:00+01:00</td><td>2024-05-31T12:00:00+01:00</td><td/><td/><td>active</td><td>MMG</td></tr><tr><td style=\"white-space:nowrap\">118<a name=\"TRE-G19-SecteurActiviteADELI-118\"> </a></td><td>Services départementaux d'incendie et de secours (SDIS)</td><td/><td/><td>2024-07-26T12:00:00+01:00</td><td>2024-07-26T12:00:00+01:00</td><td/><td/><td>active</td><td>SDIS</td></tr><tr><td style=\"white-space:nowrap\">119<a name=\"TRE-G19-SecteurActiviteADELI-119\"> </a></td><td>Maisons de naissance</td><td/><td/><td>2024-07-26T12:00:00+01:00</td><td>2024-07-26T12:00:00+01:00</td><td/><td/><td>active</td><td/></tr></table></div>"
  },
  "extension" : [{
    "url" : "http://hl7.org/fhir/StructureDefinition/resource-effectivePeriod",
    "valuePeriod" : {
      "start" : "2007-07-25T15:04:44+01:00"
    }
  }],
  "url" : "https://mos.esante.gouv.fr/NOS/TRE_G19-SecteurActiviteADELI/FHIR/TRE-G19-SecteurActiviteADELI",
  "identifier" : [{
    "system" : "urn:ietf:rfc:3986",
    "value" : "urn:oid:1.2.250.1.71.1.2.23"
  }],
  "version" : "20250523120000",
  "name" : "TRE_G19_SecteurActiviteADELI",
  "status" : "active",
  "experimental" : false,
  "date" : "2025-05-23T12:00:00+01:00",
  "publisher" : "Agence du Numérique en Santé (ANS) - 2-10 Rue d'Oradour-sur-Glane, 75015 Paris",
  "description" : "Secteur d'activité ADELI",
  "jurisdiction" : [{
    "coding" : [{
      "system" : "urn:iso:std:iso:3166",
      "code" : "FR"
    }]
  }],
  "caseSensitive" : false,
  "content" : "complete",
  "property" : [{
    "code" : "dateValid",
    "description" : "date de validité d'un code concept",
    "type" : "dateTime"
  },
  {
    "code" : "dateMaj",
    "description" : "Date de mise à jour d'un code concept",
    "type" : "dateTime"
  },
  {
    "code" : "dateFin",
    "description" : "Date de fin d'exploitation d'un code concept",
    "type" : "dateTime"
  },
  {
    "code" : "deprecationDate",
    "uri" : "http://hl7.org/fhir/concept-properties#deprecationDate",
    "description" : "Date Concept was deprecated",
    "type" : "dateTime"
  },
  {
    "code" : "status",
    "uri" : "http://hl7.org/fhir/concept-properties#status",
    "description" : "A property that indicates the status of the concept.",
    "type" : "code"
  },
  {
    "code" : "retirementDate",
    "uri" : "http://hl7.org/fhir/concept-properties#retirementDate",
    "description" : "Date Concept was retired",
    "type" : "dateTime"
  }],
  "concept" : [{
    "code" : "10",
    "display" : "Etablissement public de santé",
    "property" : [{
      "code" : "dateValid",
      "valueDateTime" : "2007-07-25T15:04:44+01:00"
    },
    {
      "code" : "dateMaj",
      "valueDateTime" : "2016-09-01T00:00:00+01:00"
    },
    {
      "code" : "status",
      "valueCode" : "active"
    }]
  },
  {
    "code" : "11",
    "display" : "Hôpital militaire du Service de santé des armées",
    "designation" : [{
      "language" : "fr-FR",
      "use" : {
        "system" : "http://snomed.info/sct",
        "code" : "900000000000013009"
      },
      "value" : "Hôpital militaire SSA"
    }],
    "property" : [{
      "code" : "dateValid",
      "valueDateTime" : "2007-07-25T15:04:44+01:00"
    },
    {
      "code" : "dateMaj",
      "valueDateTime" : "2016-09-01T00:00:00+01:00"
    },
    {
      "code" : "status",
      "valueCode" : "active"
    }]
  },
  {
    "code" : "16",
    "display" : "Etablissement privé PSPH",
    "designation" : [{
      "language" : "fr-FR",
      "use" : {
        "system" : "http://snomed.info/sct",
        "code" : "900000000000013009"
      },
      "value" : "Etab privé PSPH"
    }],
    "property" : [{
      "code" : "dateValid",
      "valueDateTime" : "2007-07-25T15:04:44+01:00"
    },
    {
      "code" : "dateMaj",
      "valueDateTime" : "2016-09-01T00:00:00+01:00"
    },
    {
      "code" : "status",
      "valueCode" : "active"
    }]
  },
  {
    "code" : "17",
    "display" : "Etablissement privé non PSPH",
    "designation" : [{
      "language" : "fr-FR",
      "use" : {
        "system" : "http://snomed.info/sct",
        "code" : "900000000000013009"
      },
      "value" : "Etab privé non PSPH"
    }],
    "property" : [{
      "code" : "dateValid",
      "valueDateTime" : "2007-07-25T15:04:44+01:00"
    },
    {
      "code" : "dateMaj",
      "valueDateTime" : "2016-09-01T00:00:00+01:00"
    },
    {
      "code" : "status",
      "valueCode" : "active"
    }]
  },
  {
    "code" : "25",
    "display" : "Centre de santé",
    "property" : [{
      "code" : "dateValid",
      "valueDateTime" : "2007-07-25T15:04:44+01:00"
    },
    {
      "code" : "dateMaj",
      "valueDateTime" : "2008-02-28T00:00:00+01:00"
    },
    {
      "code" : "status",
      "valueCode" : "active"
    }]
  },
  {
    "code" : "26",
    "display" : "Autre structure du Service de santé des armées",
    "designation" : [{
      "language" : "fr-FR",
      "use" : {
        "system" : "http://snomed.info/sct",
        "code" : "900000000000013009"
      },
      "value" : "Autre structure SSA"
    }],
    "property" : [{
      "code" : "dateValid",
      "valueDateTime" : "2007-07-25T15:04:44+01:00"
    },
    {
      "code" : "dateMaj",
      "valueDateTime" : "2016-09-01T00:00:00+01:00"
    },
    {
      "code" : "status",
      "valueCode" : "active"
    }]
  },
  {
    "code" : "31",
    "display" : "Cabinet individuel",
    "property" : [{
      "code" : "dateValid",
      "valueDateTime" : "2007-07-25T15:04:44+01:00"
    },
    {
      "code" : "dateMaj",
      "valueDateTime" : "2008-02-28T00:00:00+01:00"
    },
    {
      "code" : "status",
      "valueCode" : "active"
    }]
  },
  {
    "code" : "32",
    "display" : "Cabinet de groupe",
    "property" : [{
      "code" : "dateValid",
      "valueDateTime" : "2007-07-25T15:04:44+01:00"
    },
    {
      "code" : "dateMaj",
      "valueDateTime" : "2008-02-28T00:00:00+01:00"
    },
    {
      "code" : "status",
      "valueCode" : "active"
    }]
  },
  {
    "code" : "33",
    "display" : "Exercice en société",
    "property" : [{
      "code" : "dateValid",
      "valueDateTime" : "2007-07-25T15:04:44+01:00"
    },
    {
      "code" : "dateMaj",
      "valueDateTime" : "2016-09-01T00:00:00+01:00"
    },
    {
      "code" : "status",
      "valueCode" : "active"
    }]
  },
  {
    "code" : "34",
    "display" : "Secteur privé, praticien hospitalier temps plein",
    "designation" : [{
      "language" : "fr-FR",
      "use" : {
        "system" : "http://snomed.info/sct",
        "code" : "900000000000013009"
      },
      "value" : "Secteur privé, PH TP"
    }],
    "property" : [{
      "code" : "dateValid",
      "valueDateTime" : "2007-07-25T15:04:44+01:00"
    },
    {
      "code" : "dateMaj",
      "valueDateTime" : "2016-09-01T00:00:00+01:00"
    },
    {
      "code" : "status",
      "valueCode" : "active"
    }]
  },
  {
    "code" : "35",
    "display" : "Transporteur sanitaire",
    "designation" : [{
      "language" : "fr-FR",
      "use" : {
        "system" : "http://snomed.info/sct",
        "code" : "900000000000013009"
      },
      "value" : "Transport sanitaire"
    }],
    "property" : [{
      "code" : "dateValid",
      "valueDateTime" : "2007-07-25T15:04:44+01:00"
    },
    {
      "code" : "dateMaj",
      "valueDateTime" : "2016-09-01T00:00:00+01:00"
    },
    {
      "code" : "status",
      "valueCode" : "active"
    }]
  },
  {
    "code" : "37",
    "display" : "Entreprise d'intérim",
    "property" : [{
      "code" : "dateValid",
      "valueDateTime" : "2007-07-25T15:04:44+01:00"
    },
    {
      "code" : "dateFin",
      "valueDateTime" : "2020-06-26T12:00:00+01:00"
    },
    {
      "code" : "dateMaj",
      "valueDateTime" : "2020-06-26T12:00:00+01:00"
    },
    {
      "code" : "deprecationDate",
      "valueDateTime" : "2020-06-26T12:00:00+01:00"
    },
    {
      "code" : "status",
      "valueCode" : "deprecated"
    }]
  },
  {
    "code" : "41",
    "display" : "Etablissement de soins et prévention",
    "designation" : [{
      "language" : "fr-FR",
      "use" : {
        "system" : "http://snomed.info/sct",
        "code" : "900000000000013009"
      },
      "value" : "Etab de soins et prévention"
    }],
    "property" : [{
      "code" : "dateValid",
      "valueDateTime" : "2007-07-25T15:04:44+01:00"
    },
    {
      "code" : "dateMaj",
      "valueDateTime" : "2016-09-01T00:00:00+01:00"
    },
    {
      "code" : "status",
      "valueCode" : "active"
    }]
  },
  {
    "code" : "42",
    "display" : "Prévention et soins en entreprise",
    "designation" : [{
      "language" : "fr-FR",
      "use" : {
        "system" : "http://snomed.info/sct",
        "code" : "900000000000013009"
      },
      "value" : "Prévent, soins en entreprise"
    }],
    "property" : [{
      "code" : "dateValid",
      "valueDateTime" : "2007-07-25T15:04:44+01:00"
    },
    {
      "code" : "dateMaj",
      "valueDateTime" : "2016-09-01T00:00:00+01:00"
    },
    {
      "code" : "status",
      "valueCode" : "active"
    }]
  },
  {
    "code" : "43",
    "display" : "Etablissement scolaire ou universitaire",
    "designation" : [{
      "language" : "fr-FR",
      "use" : {
        "system" : "http://snomed.info/sct",
        "code" : "900000000000013009"
      },
      "value" : "Etab scolaire ou universitaire"
    }],
    "property" : [{
      "code" : "dateValid",
      "valueDateTime" : "2007-07-25T15:04:44+01:00"
    },
    {
      "code" : "dateMaj",
      "valueDateTime" : "2016-09-01T00:00:00+01:00"
    },
    {
      "code" : "status",
      "valueCode" : "active"
    }]
  },
  {
    "code" : "44",
    "display" : "Recrutement ou Gestion RH",
    "designation" : [{
      "language" : "fr-FR",
      "use" : {
        "system" : "http://snomed.info/sct",
        "code" : "900000000000013009"
      },
      "value" : "Recrutement, Gestion RH"
    }],
    "property" : [{
      "code" : "dateValid",
      "valueDateTime" : "2007-07-25T15:04:44+01:00"
    },
    {
      "code" : "dateMaj",
      "valueDateTime" : "2016-09-01T00:00:00+01:00"
    },
    {
      "code" : "status",
      "valueCode" : "active"
    }]
  },
  {
    "code" : "45",
    "display" : "PMI et Planification familiale",
    "designation" : [{
      "language" : "fr-FR",
      "use" : {
        "system" : "http://snomed.info/sct",
        "code" : "900000000000013009"
      },
      "value" : "PMI, Planification familiale"
    }],
    "property" : [{
      "code" : "dateValid",
      "valueDateTime" : "2007-07-25T15:04:44+01:00"
    },
    {
      "code" : "dateMaj",
      "valueDateTime" : "2016-09-01T00:00:00+01:00"
    },
    {
      "code" : "status",
      "valueCode" : "active"
    }]
  },
  {
    "code" : "51",
    "display" : "Etablissement pour personnes handicapées",
    "designation" : [{
      "language" : "fr-FR",
      "use" : {
        "system" : "http://snomed.info/sct",
        "code" : "900000000000013009"
      },
      "value" : "Etab pour handicapés"
    }],
    "property" : [{
      "code" : "dateValid",
      "valueDateTime" : "2007-07-25T15:04:44+01:00"
    },
    {
      "code" : "dateMaj",
      "valueDateTime" : "2016-09-01T00:00:00+01:00"
    },
    {
      "code" : "status",
      "valueCode" : "active"
    }]
  },
  {
    "code" : "52",
    "display" : "Communication, Marketing, Consulting, Média",
    "designation" : [{
      "language" : "fr-FR",
      "use" : {
        "system" : "http://snomed.info/sct",
        "code" : "900000000000013009"
      },
      "value" : "Commun, Mark, Consult, Média"
    }],
    "property" : [{
      "code" : "dateValid",
      "valueDateTime" : "2007-07-25T15:04:44+01:00"
    },
    {
      "code" : "dateMaj",
      "valueDateTime" : "2016-09-01T00:00:00+01:00"
    },
    {
      "code" : "status",
      "valueCode" : "active"
    }]
  },
  {
    "code" : "53",
    "display" : "Etablissement pour personnes âgées",
    "designation" : [{
      "language" : "fr-FR",
      "use" : {
        "system" : "http://snomed.info/sct",
        "code" : "900000000000013009"
      },
      "value" : "Etab pour personnes âgées"
    }],
    "property" : [{
      "code" : "dateValid",
      "valueDateTime" : "2007-07-25T15:04:44+01:00"
    },
    {
      "code" : "dateMaj",
      "valueDateTime" : "2016-09-01T00:00:00+01:00"
    },
    {
      "code" : "status",
      "valueCode" : "active"
    }]
  },
  {
    "code" : "54",
    "display" : "Etablissement aide à la famille",
    "designation" : [{
      "language" : "fr-FR",
      "use" : {
        "system" : "http://snomed.info/sct",
        "code" : "900000000000013009"
      },
      "value" : "Etab aide à la famille"
    }],
    "property" : [{
      "code" : "dateValid",
      "valueDateTime" : "2007-07-25T15:04:44+01:00"
    },
    {
      "code" : "dateMaj",
      "valueDateTime" : "2016-09-01T00:00:00+01:00"
    },
    {
      "code" : "status",
      "valueCode" : "active"
    }]
  },
  {
    "code" : "55",
    "display" : "Etablissement d'enseignement",
    "designation" : [{
      "language" : "fr-FR",
      "use" : {
        "system" : "http://snomed.info/sct",
        "code" : "900000000000013009"
      },
      "value" : "Etab d'enseignement"
    }],
    "property" : [{
      "code" : "dateValid",
      "valueDateTime" : "2007-07-25T15:04:44+01:00"
    },
    {
      "code" : "dateMaj",
      "valueDateTime" : "2016-09-01T00:00:00+01:00"
    },
    {
      "code" : "status",
      "valueCode" : "active"
    }]
  },
  {
    "code" : "56",
    "display" : "Etablissement pour la protection de l'enfance",
    "designation" : [{
      "language" : "fr-FR",
      "use" : {
        "system" : "http://snomed.info/sct",
        "code" : "900000000000013009"
      },
      "value" : "Etab pour protection enfance"
    }],
    "property" : [{
      "code" : "dateValid",
      "valueDateTime" : "2007-07-25T15:04:44+01:00"
    },
    {
      "code" : "dateMaj",
      "valueDateTime" : "2016-09-01T00:00:00+01:00"
    },
    {
      "code" : "status",
      "valueCode" : "active"
    }]
  },
  {
    "code" : "57",
    "display" : "Etablissement d'hébergement et de réadaptation",
    "designation" : [{
      "language" : "fr-FR",
      "use" : {
        "system" : "http://snomed.info/sct",
        "code" : "900000000000013009"
      },
      "value" : "Etab hébergement, réadaptation"
    }],
    "property" : [{
      "code" : "dateValid",
      "valueDateTime" : "2007-07-25T15:04:44+01:00"
    },
    {
      "code" : "dateMaj",
      "valueDateTime" : "2016-09-01T00:00:00+01:00"
    },
    {
      "code" : "status",
      "valueCode" : "active"
    }]
  },
  {
    "code" : "58",
    "display" : "Recherche",
    "property" : [{
      "code" : "dateValid",
      "valueDateTime" : "2007-07-25T15:04:44+01:00"
    },
    {
      "code" : "dateMaj",
      "valueDateTime" : "2010-11-18T00:00:00+01:00"
    },
    {
      "code" : "status",
      "valueCode" : "active"
    }]
  },
  {
    "code" : "61",
    "display" : "Assurance privée",
    "property" : [{
      "code" : "dateValid",
      "valueDateTime" : "2007-07-25T15:04:44+01:00"
    },
    {
      "code" : "dateMaj",
      "valueDateTime" : "2016-09-01T00:00:00+01:00"
    },
    {
      "code" : "status",
      "valueCode" : "active"
    }]
  },
  {
    "code" : "62",
    "display" : "Organisme de sécurité sociale",
    "property" : [{
      "code" : "dateValid",
      "valueDateTime" : "2007-07-25T15:04:44+01:00"
    },
    {
      "code" : "dateMaj",
      "valueDateTime" : "2016-09-01T00:00:00+01:00"
    },
    {
      "code" : "status",
      "valueCode" : "active"
    }]
  },
  {
    "code" : "65",
    "display" : "Ministère ou Service déconcentré",
    "designation" : [{
      "language" : "fr-FR",
      "use" : {
        "system" : "http://snomed.info/sct",
        "code" : "900000000000013009"
      },
      "value" : "Ministère, Service déconcentré"
    }],
    "property" : [{
      "code" : "dateValid",
      "valueDateTime" : "2007-07-27T16:46:43+01:00"
    },
    {
      "code" : "dateMaj",
      "valueDateTime" : "2016-09-01T00:00:00+01:00"
    },
    {
      "code" : "status",
      "valueCode" : "active"
    }]
  },
  {
    "code" : "66",
    "display" : "Collectivité territoriale",
    "property" : [{
      "code" : "dateValid",
      "valueDateTime" : "2007-07-25T15:04:44+01:00"
    },
    {
      "code" : "dateMaj",
      "valueDateTime" : "2016-09-01T00:00:00+01:00"
    },
    {
      "code" : "status",
      "valueCode" : "active"
    }]
  },
  {
    "code" : "68",
    "display" : "Association ou organisme humanitaire",
    "designation" : [{
      "language" : "fr-FR",
      "use" : {
        "system" : "http://snomed.info/sct",
        "code" : "900000000000013009"
      },
      "value" : "Asso ou organisme humanitaire"
    }],
    "property" : [{
      "code" : "dateValid",
      "valueDateTime" : "2007-07-25T15:04:44+01:00"
    },
    {
      "code" : "dateMaj",
      "valueDateTime" : "2016-09-01T00:00:00+01:00"
    },
    {
      "code" : "status",
      "valueCode" : "active"
    }]
  },
  {
    "code" : "71",
    "display" : "Laboratoire (d'analyse et) de biologie médicale",
    "designation" : [{
      "language" : "fr-FR",
      "use" : {
        "system" : "http://snomed.info/sct",
        "code" : "900000000000013009"
      },
      "value" : "LBM ou LABM"
    },
    {
      "language" : "fr-FR",
      "use" : {
        "system" : "http://snomed.info/sct",
        "code" : "900000000000013009"
      },
      "value" : "Laboratoire (d'analyse et) de biologie médicale (LBM ou LABM)"
    }],
    "property" : [{
      "code" : "dateValid",
      "valueDateTime" : "2007-07-25T15:04:44+01:00"
    },
    {
      "code" : "dateMaj",
      "valueDateTime" : "2016-09-01T00:00:00+01:00"
    },
    {
      "code" : "status",
      "valueCode" : "active"
    }]
  },
  {
    "code" : "75",
    "display" : "Autre établissement sanitaire",
    "property" : [{
      "code" : "dateValid",
      "valueDateTime" : "2007-07-25T15:04:44+01:00"
    },
    {
      "code" : "dateMaj",
      "valueDateTime" : "2016-09-01T00:00:00+01:00"
    },
    {
      "code" : "status",
      "valueCode" : "active"
    }]
  },
  {
    "code" : "81",
    "display" : "Répartition et Distribution de médicaments et dispositifs médicaux",
    "designation" : [{
      "language" : "fr-FR",
      "use" : {
        "system" : "http://snomed.info/sct",
        "code" : "900000000000013009"
      },
      "value" : "Répart, Distrib médic et DM"
    }],
    "property" : [{
      "code" : "dateValid",
      "valueDateTime" : "2007-07-25T00:00:00+01:00"
    },
    {
      "code" : "dateMaj",
      "valueDateTime" : "2016-09-01T00:00:00+01:00"
    },
    {
      "code" : "status",
      "valueCode" : "active"
    }]
  },
  {
    "code" : "85",
    "display" : "Appareillage médical",
    "property" : [{
      "code" : "dateValid",
      "valueDateTime" : "2007-07-25T15:04:44+01:00"
    },
    {
      "code" : "dateMaj",
      "valueDateTime" : "2008-02-28T00:00:00+01:00"
    },
    {
      "code" : "status",
      "valueCode" : "active"
    }]
  },
  {
    "code" : "86",
    "display" : "Pharmacie d'officine",
    "property" : [{
      "code" : "dateValid",
      "valueDateTime" : "2007-07-25T15:04:44+01:00"
    },
    {
      "code" : "dateMaj",
      "valueDateTime" : "2016-09-01T00:00:00+01:00"
    },
    {
      "code" : "status",
      "valueCode" : "active"
    }]
  },
  {
    "code" : "87",
    "display" : "Centre de dialyse",
    "property" : [{
      "code" : "dateValid",
      "valueDateTime" : "2007-07-25T15:04:44+01:00"
    },
    {
      "code" : "dateMaj",
      "valueDateTime" : "2008-02-28T00:00:00+01:00"
    },
    {
      "code" : "status",
      "valueCode" : "active"
    }]
  },
  {
    "code" : "88",
    "display" : "Para-pharmacie",
    "property" : [{
      "code" : "dateValid",
      "valueDateTime" : "2007-07-25T15:04:44+01:00"
    },
    {
      "code" : "dateMaj",
      "valueDateTime" : "2008-02-28T00:00:00+01:00"
    },
    {
      "code" : "status",
      "valueCode" : "active"
    }]
  },
  {
    "code" : "91",
    "display" : "Autre établissement du domaine social ou médico-social",
    "designation" : [{
      "language" : "fr-FR",
      "use" : {
        "system" : "http://snomed.info/sct",
        "code" : "900000000000013009"
      },
      "value" : "Autre étab dom (médico-)social"
    }],
    "property" : [{
      "code" : "dateValid",
      "valueDateTime" : "2007-07-25T15:04:44+01:00"
    },
    {
      "code" : "dateMaj",
      "valueDateTime" : "2016-12-22T12:00:00+01:00"
    },
    {
      "code" : "status",
      "valueCode" : "active"
    }]
  },
  {
    "code" : "92",
    "display" : "Secteur non défini",
    "property" : [{
      "code" : "dateValid",
      "valueDateTime" : "2007-07-25T00:00:00+01:00"
    },
    {
      "code" : "dateMaj",
      "valueDateTime" : "2008-02-28T00:00:00+01:00"
    },
    {
      "code" : "status",
      "valueCode" : "active"
    }]
  },
  {
    "code" : "93",
    "display" : "Centre anti-cancer",
    "property" : [{
      "code" : "dateValid",
      "valueDateTime" : "2007-07-25T00:00:00+01:00"
    },
    {
      "code" : "dateMaj",
      "valueDateTime" : "2009-08-24T00:00:00+01:00"
    },
    {
      "code" : "status",
      "valueCode" : "active"
    }]
  },
  {
    "code" : "94",
    "display" : "Centre de transfusion sanguine",
    "designation" : [{
      "language" : "fr-FR",
      "use" : {
        "system" : "http://snomed.info/sct",
        "code" : "900000000000013009"
      },
      "value" : "Centre transfusion sanguine"
    }],
    "property" : [{
      "code" : "dateValid",
      "valueDateTime" : "2007-07-25T15:04:44+01:00"
    },
    {
      "code" : "dateMaj",
      "valueDateTime" : "2008-02-28T00:00:00+01:00"
    },
    {
      "code" : "status",
      "valueCode" : "active"
    }]
  },
  {
    "code" : "95",
    "display" : "Fab, Exploit, Import, Répart, Distrib médicaments et dispo médicaux",
    "designation" : [{
      "language" : "fr-FR",
      "use" : {
        "system" : "http://snomed.info/sct",
        "code" : "900000000000013009"
      },
      "value" : "Fab,Expl,Imp,Rép,Dis méd et DM"
    },
    {
      "language" : "fr-FR",
      "use" : {
        "system" : "http://snomed.info/sct",
        "code" : "900000000000013009"
      },
      "value" : "Fabrication, Exploitation, Importation, Répartition, Distribution médicaments et dispositifs médicaux"
    }],
    "property" : [{
      "code" : "dateValid",
      "valueDateTime" : "2007-07-25T15:04:44+01:00"
    },
    {
      "code" : "dateMaj",
      "valueDateTime" : "2016-09-01T00:00:00+01:00"
    },
    {
      "code" : "status",
      "valueCode" : "active"
    }]
  },
  {
    "code" : "96",
    "display" : "Incendie et secours",
    "property" : [{
      "code" : "dateValid",
      "valueDateTime" : "2007-07-25T15:04:44+01:00"
    },
    {
      "code" : "dateMaj",
      "valueDateTime" : "2016-09-01T00:00:00+01:00"
    },
    {
      "code" : "status",
      "valueCode" : "active"
    }]
  },
  {
    "code" : "97",
    "display" : "Entreprise indus et tertiaire hors pharmaceutique",
    "designation" : [{
      "language" : "fr-FR",
      "use" : {
        "system" : "http://snomed.info/sct",
        "code" : "900000000000013009"
      },
      "value" : "Ent industrielle et tertiaire"
    },
    {
      "language" : "fr-FR",
      "use" : {
        "system" : "http://snomed.info/sct",
        "code" : "900000000000013009"
      },
      "value" : "Entreprise industrielle et tertiaire hors industrie pharmaceutique"
    }],
    "property" : [{
      "code" : "dateValid",
      "valueDateTime" : "2007-07-25T15:04:44+01:00"
    },
    {
      "code" : "dateMaj",
      "valueDateTime" : "2016-09-01T00:00:00+01:00"
    },
    {
      "code" : "status",
      "valueCode" : "active"
    }]
  },
  {
    "code" : "98",
    "display" : "Entité Outre-Mer",
    "property" : [{
      "code" : "dateValid",
      "valueDateTime" : "2007-07-25T15:04:44+01:00"
    },
    {
      "code" : "dateMaj",
      "valueDateTime" : "2016-09-01T00:00:00+01:00"
    },
    {
      "code" : "status",
      "valueCode" : "active"
    }]
  },
  {
    "code" : "99",
    "display" : "Fabrication, Exploitation et Importation de médicaments et dispositifs médicaux",
    "designation" : [{
      "language" : "fr-FR",
      "use" : {
        "system" : "http://snomed.info/sct",
        "code" : "900000000000013009"
      },
      "value" : "Fab, Expl, Import médic et DM"
    }],
    "property" : [{
      "code" : "dateValid",
      "valueDateTime" : "2007-07-25T15:04:44+01:00"
    },
    {
      "code" : "dateMaj",
      "valueDateTime" : "2016-09-01T00:00:00+01:00"
    },
    {
      "code" : "status",
      "valueCode" : "active"
    }]
  },
  {
    "code" : "100",
    "display" : "Structure d'urgence hors établissement hospitalier",
    "designation" : [{
      "language" : "fr-FR",
      "use" : {
        "system" : "http://snomed.info/sct",
        "code" : "900000000000013009"
      },
      "value" : "Structure d'urgence hors hôp"
    }],
    "property" : [{
      "code" : "dateValid",
      "valueDateTime" : "2007-07-25T00:00:00+01:00"
    },
    {
      "code" : "dateMaj",
      "valueDateTime" : "2016-09-01T00:00:00+01:00"
    },
    {
      "code" : "status",
      "valueCode" : "active"
    }]
  },
  {
    "code" : "101",
    "display" : "Structure de coop avec autorisation de soins",
    "designation" : [{
      "language" : "fr-FR",
      "use" : {
        "system" : "http://snomed.info/sct",
        "code" : "900000000000013009"
      },
      "value" : "Struct coop avec auto soins"
    },
    {
      "language" : "fr-FR",
      "use" : {
        "system" : "http://snomed.info/sct",
        "code" : "900000000000013009"
      },
      "value" : "Structure de coopération avec autorisation de soins"
    }],
    "property" : [{
      "code" : "dateValid",
      "valueDateTime" : "2007-07-25T00:00:00+01:00"
    },
    {
      "code" : "dateMaj",
      "valueDateTime" : "2016-09-01T00:00:00+01:00"
    },
    {
      "code" : "status",
      "valueCode" : "active"
    }]
  },
  {
    "code" : "102",
    "display" : "Maison de santé ou Pôle de santé",
    "designation" : [{
      "language" : "fr-FR",
      "use" : {
        "system" : "http://snomed.info/sct",
        "code" : "900000000000013009"
      },
      "value" : "Maison de santé, Pôle de santé"
    }],
    "property" : [{
      "code" : "dateValid",
      "valueDateTime" : "2007-07-25T00:00:00+01:00"
    },
    {
      "code" : "dateMaj",
      "valueDateTime" : "2016-09-01T00:00:00+01:00"
    },
    {
      "code" : "status",
      "valueCode" : "active"
    }]
  },
  {
    "code" : "103",
    "display" : "Siège administratif d'un établissement de santé",
    "designation" : [{
      "language" : "fr-FR",
      "use" : {
        "system" : "http://snomed.info/sct",
        "code" : "900000000000013009"
      },
      "value" : "Siège administratif étab santé"
    }],
    "property" : [{
      "code" : "dateValid",
      "valueDateTime" : "2007-07-25T00:00:00+01:00"
    },
    {
      "code" : "dateMaj",
      "valueDateTime" : "2016-09-01T00:00:00+01:00"
    },
    {
      "code" : "status",
      "valueCode" : "active"
    }]
  },
  {
    "code" : "104",
    "display" : "Centre de dépistage et de prévention",
    "designation" : [{
      "language" : "fr-FR",
      "use" : {
        "system" : "http://snomed.info/sct",
        "code" : "900000000000013009"
      },
      "value" : "Centre dépistage et prévention"
    }],
    "property" : [{
      "code" : "dateValid",
      "valueDateTime" : "2014-09-30T00:00:00+01:00"
    },
    {
      "code" : "dateMaj",
      "valueDateTime" : "2016-09-01T00:00:00+01:00"
    },
    {
      "code" : "status",
      "valueCode" : "active"
    }]
  },
  {
    "code" : "105",
    "display" : "Laboratoire pharmaceutique préparant délivrant allergènes",
    "designation" : [{
      "language" : "fr-FR",
      "use" : {
        "system" : "http://snomed.info/sct",
        "code" : "900000000000013009"
      },
      "value" : "Labo pharmaceutique allergènes"
    },
    {
      "language" : "fr-FR",
      "use" : {
        "system" : "http://snomed.info/sct",
        "code" : "900000000000013009"
      },
      "value" : "Laboratoire pharmaceutique préparant et délivrant des allergènes"
    }],
    "property" : [{
      "code" : "dateValid",
      "valueDateTime" : "2007-07-25T00:00:00+01:00"
    },
    {
      "code" : "dateMaj",
      "valueDateTime" : "2016-12-22T12:00:00+01:00"
    },
    {
      "code" : "status",
      "valueCode" : "active"
    }]
  },
  {
    "code" : "106",
    "display" : "Propharmacie",
    "property" : [{
      "code" : "dateValid",
      "valueDateTime" : "2007-07-25T00:00:00+01:00"
    },
    {
      "code" : "dateMaj",
      "valueDateTime" : "2013-01-23T00:00:00+01:00"
    },
    {
      "code" : "status",
      "valueCode" : "active"
    }]
  },
  {
    "code" : "107",
    "display" : "Structure de coop avec mission coordination soins",
    "designation" : [{
      "language" : "fr-FR",
      "use" : {
        "system" : "http://snomed.info/sct",
        "code" : "900000000000013009"
      },
      "value" : "Struct coop mission coor soins"
    },
    {
      "language" : "fr-FR",
      "use" : {
        "system" : "http://snomed.info/sct",
        "code" : "900000000000013009"
      },
      "value" : "Structure de coopération avec mission de coordination de soins"
    }],
    "property" : [{
      "code" : "dateValid",
      "valueDateTime" : "2007-07-25T00:00:00+01:00"
    },
    {
      "code" : "dateMaj",
      "valueDateTime" : "2016-09-01T00:00:00+01:00"
    },
    {
      "code" : "status",
      "valueCode" : "active"
    }]
  },
  {
    "code" : "108",
    "display" : "Entreprise de taxis",
    "property" : [{
      "code" : "dateValid",
      "valueDateTime" : "2014-05-28T00:00:00+01:00"
    },
    {
      "code" : "dateMaj",
      "valueDateTime" : "2014-05-28T00:00:00+01:00"
    },
    {
      "code" : "status",
      "valueCode" : "active"
    }]
  },
  {
    "code" : "109",
    "display" : "Labo de biologie médicale hors catégorie standard",
    "designation" : [{
      "language" : "fr-FR",
      "use" : {
        "system" : "http://snomed.info/sct",
        "code" : "900000000000013009"
      },
      "value" : "LBM hors catégorie stand"
    },
    {
      "language" : "fr-FR",
      "use" : {
        "system" : "http://snomed.info/sct",
        "code" : "900000000000013009"
      },
      "value" : "Laboratoire de biologie médicale hors catégorie standard"
    }],
    "property" : [{
      "code" : "dateValid",
      "valueDateTime" : "2015-12-21T00:00:00+01:00"
    },
    {
      "code" : "dateMaj",
      "valueDateTime" : "2016-09-01T00:00:00+01:00"
    },
    {
      "code" : "status",
      "valueCode" : "active"
    }]
  },
  {
    "code" : "110",
    "display" : "Centres médicaux SNCF",
    "property" : [{
      "code" : "dateValid",
      "valueDateTime" : "2016-12-22T12:00:00+01:00"
    },
    {
      "code" : "dateMaj",
      "valueDateTime" : "2016-12-22T12:00:00+01:00"
    },
    {
      "code" : "status",
      "valueCode" : "active"
    }]
  },
  {
    "code" : "111",
    "display" : "Structure Dispensatrice à domicile d'Oxygène à usage médical",
    "designation" : [{
      "language" : "fr-FR",
      "use" : {
        "system" : "http://snomed.info/sct",
        "code" : "900000000000013009"
      },
      "value" : "Struct dispen oxygène domicile"
    }],
    "property" : [{
      "code" : "dateValid",
      "valueDateTime" : "2017-10-13T12:00:00+01:00"
    },
    {
      "code" : "dateMaj",
      "valueDateTime" : "2017-10-13T12:00:00+01:00"
    },
    {
      "code" : "status",
      "valueCode" : "active"
    }]
  },
  {
    "code" : "112",
    "display" : "Ordre professionnel de santé",
    "property" : [{
      "code" : "dateValid",
      "valueDateTime" : "2019-12-13T12:00:00+01:00"
    },
    {
      "code" : "dateMaj",
      "valueDateTime" : "2019-12-13T12:00:00+01:00"
    },
    {
      "code" : "status",
      "valueCode" : "active"
    }]
  },
  {
    "code" : "113",
    "display" : "Structures de coordination et d'orientation",
    "definition" : "Structures non effectrices de soins permettant la coordination entre professionnels de santé et/ou l'orientation des personnes dans leur parcours de soins",
    "designation" : [{
      "language" : "fr-FR",
      "use" : {
        "system" : "http://snomed.info/sct",
        "code" : "900000000000013009"
      },
      "value" : "Coordination et orientation"
    }],
    "property" : [{
      "code" : "dateValid",
      "valueDateTime" : "2020-02-28T12:00:00+01:00"
    },
    {
      "code" : "dateMaj",
      "valueDateTime" : "2025-05-23T12:00:00+01:00"
    },
    {
      "code" : "status",
      "valueCode" : "active"
    }]
  },
  {
    "code" : "114",
    "display" : "Société de téléconsultation",
    "property" : [{
      "code" : "dateValid",
      "valueDateTime" : "2024-06-28T12:00:00+01:00"
    },
    {
      "code" : "dateMaj",
      "valueDateTime" : "2024-06-28T12:00:00+01:00"
    },
    {
      "code" : "status",
      "valueCode" : "active"
    }]
  },
  {
    "code" : "115",
    "display" : "Antenne de pharmacie",
    "property" : [{
      "code" : "dateValid",
      "valueDateTime" : "2024-06-28T12:00:00+01:00"
    },
    {
      "code" : "dateMaj",
      "valueDateTime" : "2024-06-28T12:00:00+01:00"
    },
    {
      "code" : "status",
      "valueCode" : "active"
    }]
  },
  {
    "code" : "116",
    "display" : "Services de Prévention et de Santé au Travail (SPST)",
    "designation" : [{
      "language" : "fr-FR",
      "use" : {
        "system" : "http://snomed.info/sct",
        "code" : "900000000000013009"
      },
      "value" : "SPST"
    }],
    "property" : [{
      "code" : "dateValid",
      "valueDateTime" : "2024-05-31T12:00:00+01:00"
    },
    {
      "code" : "dateMaj",
      "valueDateTime" : "2024-05-31T12:00:00+01:00"
    },
    {
      "code" : "status",
      "valueCode" : "active"
    }]
  },
  {
    "code" : "117",
    "display" : "Maisons médicales de garde (MMG)",
    "designation" : [{
      "language" : "fr-FR",
      "use" : {
        "system" : "http://snomed.info/sct",
        "code" : "900000000000013009"
      },
      "value" : "MMG"
    }],
    "property" : [{
      "code" : "dateValid",
      "valueDateTime" : "2024-05-31T12:00:00+01:00"
    },
    {
      "code" : "dateMaj",
      "valueDateTime" : "2024-05-31T12:00:00+01:00"
    },
    {
      "code" : "status",
      "valueCode" : "active"
    }]
  },
  {
    "code" : "118",
    "display" : "Services départementaux d'incendie et de secours (SDIS)",
    "designation" : [{
      "language" : "fr-FR",
      "use" : {
        "system" : "http://snomed.info/sct",
        "code" : "900000000000013009"
      },
      "value" : "SDIS"
    },
    {
      "language" : "fr-FR",
      "use" : {
        "system" : "http://snomed.info/sct",
        "code" : "900000000000013009"
      },
      "value" : "Services départementaux d'incendie et de secours"
    }],
    "property" : [{
      "code" : "dateValid",
      "valueDateTime" : "2024-07-26T12:00:00+01:00"
    },
    {
      "code" : "dateMaj",
      "valueDateTime" : "2024-07-26T12:00:00+01:00"
    },
    {
      "code" : "status",
      "valueCode" : "active"
    }]
  },
  {
    "code" : "119",
    "display" : "Maisons de naissance",
    "property" : [{
      "code" : "dateValid",
      "valueDateTime" : "2024-07-26T12:00:00+01:00"
    },
    {
      "code" : "dateMaj",
      "valueDateTime" : "2024-07-26T12:00:00+01:00"
    },
    {
      "code" : "status",
      "valueCode" : "active"
    }]
  }]
}