{
  "resourceType" : "CodeSystem",
  "id" : "TRE-R42-DESCnonQualifiant",
  "meta" : {
    "versionId" : "5",
    "lastUpdated" : "2024-08-28T05:13:51.202+00:00",
    "profile" : ["http://hl7.org/fhir/StructureDefinition/shareablecodesystem"]
  },
  "text" : {
    "status" : "generated",
    "div" : "<div xmlns=\"http://www.w3.org/1999/xhtml\"><p class=\"res-header-id\"><b>Generated Narrative: CodeSystem TRE-R42-DESCnonQualifiant</b></p><a name=\"TRE-R42-DESCnonQualifiant\"> </a><a name=\"hcTRE-R42-DESCnonQualifiant\"> </a><a name=\"TRE-R42-DESCnonQualifiant-fr-FR\"> </a><div style=\"display: inline-block; background-color: #d9e0e7; padding: 6px; margin: 4px; border: 1px solid #8da1b4; border-radius: 5px; line-height: 60%\"><p style=\"margin-bottom: 0px\">version: 5; Last updated: 2024-08-28 05:13:51+0000</p><p style=\"margin-bottom: 0px\">Profile: <a href=\"http://hl7.org/fhir/R4/shareablecodesystem.html\">Shareable CodeSystem</a></p></div><p><b>Properties</b></p><p><b>This code system defines the following properties for its concepts</b></p><table class=\"grid\"><tr><td><b>Name</b></td><td><b>Code</b></td><td><b>Type</b></td><td><b>Description</b></td></tr><tr><td>dateValid</td><td>dateValid</td><td>dateTime</td><td>date de validité d'un code concept</td></tr><tr><td>dateMaj</td><td>dateMaj</td><td>dateTime</td><td>Date de mise à jour d'un code concept</td></tr><tr><td>dateFin</td><td>dateFin</td><td>dateTime</td><td>Date de fin d'exploitation d'un code concept</td></tr></table><p><b>Concepts</b></p><p>This case-insensitive code system <code>https://mos.esante.gouv.fr/NOS/TRE_R42-DESCnonQualifiant/FHIR/TRE-R42-DESCnonQualifiant</code> defines the following codes:</p><table class=\"codes\"><tr><td style=\"white-space:nowrap\"><b>Code</b></td><td><b>Display</b></td><td><b>dateValid</b></td><td><b>dateMaj</b></td><td><b>French (France) (fr)</b></td></tr><tr><td style=\"white-space:nowrap\">DSM200<a name=\"TRE-R42-DESCnonQualifiant-DSM200\"> </a></td><td>Addictologie (DNQ)</td><td>2007-07-26T00:00:00+01:00</td><td>2009-02-12T00:00:00+01:00</td><td>Addictologie</td></tr><tr><td style=\"white-space:nowrap\">DSM201<a name=\"TRE-R42-DESCnonQualifiant-DSM201\"> </a></td><td>Allergologie et Immunologie clinique (DNQ)</td><td>2007-07-26T00:00:00+01:00</td><td>2016-09-01T00:00:00+01:00</td><td>Allergo, Immunologie clinique</td></tr><tr><td style=\"white-space:nowrap\">DSM202<a name=\"TRE-R42-DESCnonQualifiant-DSM202\"> </a></td><td>Andrologie (DNQ)</td><td>2007-07-26T00:00:00+01:00</td><td>2009-02-12T00:00:00+01:00</td><td>Andrologie</td></tr><tr><td style=\"white-space:nowrap\">DSM203<a name=\"TRE-R42-DESCnonQualifiant-DSM203\"> </a></td><td>Biochimie hormonale et métabolique (DNQ)</td><td>2007-07-26T00:00:00+01:00</td><td>2016-09-01T00:00:00+01:00</td><td>Biochimie hormon, métabolique</td></tr><tr><td style=\"white-space:nowrap\">DSM204<a name=\"TRE-R42-DESCnonQualifiant-DSM204\"> </a></td><td>Biologie des agents infectieux (DNQ)</td><td>2007-07-26T00:00:00+01:00</td><td>2016-09-01T00:00:00+01:00</td><td>Biologie des agents infectieux</td></tr><tr><td style=\"white-space:nowrap\">DSM205<a name=\"TRE-R42-DESCnonQualifiant-DSM205\"> </a></td><td>Biologie moléculaire (DNQ)</td><td>2007-07-26T00:00:00+01:00</td><td>2009-02-12T00:00:00+01:00</td><td>Biologie moléculaire</td></tr><tr><td style=\"white-space:nowrap\">DSM206<a name=\"TRE-R42-DESCnonQualifiant-DSM206\"> </a></td><td>Cancérologie (DNQ)</td><td>2007-07-26T00:00:00+01:00</td><td>2009-02-12T00:00:00+01:00</td><td>Cancérologie</td></tr><tr><td style=\"white-space:nowrap\">DSM207<a name=\"TRE-R42-DESCnonQualifiant-DSM207\"> </a></td><td>Chirurgie de la face et du cou (DNQ)</td><td>2007-07-26T00:00:00+01:00</td><td>2016-09-01T00:00:00+01:00</td><td>Chirurgie face et cou</td></tr><tr><td style=\"white-space:nowrap\">DSM208<a name=\"TRE-R42-DESCnonQualifiant-DSM208\"> </a></td><td>Chirurgie plastique et reconstructrice (DNQ)</td><td>2007-07-26T00:00:00+01:00</td><td>2016-09-01T00:00:00+01:00</td><td>Chirurgie plastique et recon</td></tr><tr><td style=\"white-space:nowrap\">DSM209<a name=\"TRE-R42-DESCnonQualifiant-DSM209\"> </a></td><td>Chirurgie vasculaire (DNQ)</td><td>2007-07-26T00:00:00+01:00</td><td>2009-02-12T00:00:00+01:00</td><td>Chirurgie vasculaire</td></tr><tr><td style=\"white-space:nowrap\">DSM210<a name=\"TRE-R42-DESCnonQualifiant-DSM210\"> </a></td><td>Cytogénétique humaine (DNQ)</td><td>2007-07-26T00:00:00+01:00</td><td>2016-09-01T00:00:00+01:00</td><td>Cytogénétique humaine</td></tr><tr><td style=\"white-space:nowrap\">DSM211<a name=\"TRE-R42-DESCnonQualifiant-DSM211\"> </a></td><td>Dermatopathologie (DNQ)</td><td>2007-07-26T00:00:00+01:00</td><td>2009-02-12T00:00:00+01:00</td><td>Dermatopathologie</td></tr><tr><td style=\"white-space:nowrap\">DSM212<a name=\"TRE-R42-DESCnonQualifiant-DSM212\"> </a></td><td>Foetopathologie (DNQ)</td><td>2007-07-26T00:00:00+01:00</td><td>2009-02-12T00:00:00+01:00</td><td>Foetopathologie</td></tr><tr><td style=\"white-space:nowrap\">DSM213<a name=\"TRE-R42-DESCnonQualifiant-DSM213\"> </a></td><td>Gériatrie (DNQ)</td><td>2007-07-26T00:00:00+01:00</td><td>2009-02-12T00:00:00+01:00</td><td>Gériatrie</td></tr><tr><td style=\"white-space:nowrap\">DSM214<a name=\"TRE-R42-DESCnonQualifiant-DSM214\"> </a></td><td>Hématologie biologique (DNQ)</td><td>2007-07-26T00:00:00+01:00</td><td>2016-09-01T00:00:00+01:00</td><td>Hématologie biologique</td></tr><tr><td style=\"white-space:nowrap\">DSM215<a name=\"TRE-R42-DESCnonQualifiant-DSM215\"> </a></td><td>Hématologie maladies du sang (DNQ)</td><td>2007-07-26T00:00:00+01:00</td><td>2016-09-01T00:00:00+01:00</td><td>Hématologie maladies du sang</td></tr><tr><td style=\"white-space:nowrap\">DSM216<a name=\"TRE-R42-DESCnonQualifiant-DSM216\"> </a></td><td>Hémobiologie-transfusion (DNQ)</td><td>2007-07-26T00:00:00+01:00</td><td>2016-09-01T00:00:00+01:00</td><td>Hémobiologie-transfusion</td></tr><tr><td style=\"white-space:nowrap\">DSM217<a name=\"TRE-R42-DESCnonQualifiant-DSM217\"> </a></td><td>Immunologie et Immunopathologie (DNQ)</td><td>2007-07-26T00:00:00+01:00</td><td>2016-09-01T00:00:00+01:00</td><td>Immunol, Immunopatho</td></tr><tr><td style=\"white-space:nowrap\">DSM218<a name=\"TRE-R42-DESCnonQualifiant-DSM218\"> </a></td><td>Médecine de la reproduction (DNQ)</td><td>2007-07-26T00:00:00+01:00</td><td>2016-09-01T00:00:00+01:00</td><td>Médecine de la reproduction</td></tr><tr><td style=\"white-space:nowrap\">DSM219<a name=\"TRE-R42-DESCnonQualifiant-DSM219\"> </a></td><td>Médecine du sport (DNQ)</td><td>2007-07-26T00:00:00+01:00</td><td>2009-02-12T00:00:00+01:00</td><td>Médecine du sport</td></tr><tr><td style=\"white-space:nowrap\">DSM220<a name=\"TRE-R42-DESCnonQualifiant-DSM220\"> </a></td><td>Médecine d'urgence (DNQ)</td><td>2007-07-26T00:00:00+01:00</td><td>2009-02-12T00:00:00+01:00</td><td>Médecine d'urgence</td></tr><tr><td style=\"white-space:nowrap\">DSM221<a name=\"TRE-R42-DESCnonQualifiant-DSM221\"> </a></td><td>Médecine légale et Expertises médicales (DNQ)</td><td>2007-07-26T00:00:00+01:00</td><td>2016-09-01T00:00:00+01:00</td><td>Médecine légale, Expertise méd</td></tr><tr><td style=\"white-space:nowrap\">DSM222<a name=\"TRE-R42-DESCnonQualifiant-DSM222\"> </a></td><td>Médecine nucléaire (DNQ)</td><td>2007-07-26T00:00:00+01:00</td><td>2009-02-12T00:00:00+01:00</td><td>Médecine nucléaire</td></tr><tr><td style=\"white-space:nowrap\">DSM223<a name=\"TRE-R42-DESCnonQualifiant-DSM223\"> </a></td><td>Médecine vasculaire (DNQ)</td><td>2007-07-26T00:00:00+01:00</td><td>2009-02-12T00:00:00+01:00</td><td>Médecine vasculaire</td></tr><tr><td style=\"white-space:nowrap\">DSM224<a name=\"TRE-R42-DESCnonQualifiant-DSM224\"> </a></td><td>Néonatalogie (DNQ)</td><td>2007-07-26T00:00:00+01:00</td><td>2009-02-12T00:00:00+01:00</td><td>Néonatalogie</td></tr><tr><td style=\"white-space:nowrap\">DSM225<a name=\"TRE-R42-DESCnonQualifiant-DSM225\"> </a></td><td>Neuropathologie (DNQ)</td><td>2007-07-26T00:00:00+01:00</td><td>2009-02-12T00:00:00+01:00</td><td>Neuropathologie</td></tr><tr><td style=\"white-space:nowrap\">DSM226<a name=\"TRE-R42-DESCnonQualifiant-DSM226\"> </a></td><td>Nutrition (DNQ)</td><td>2007-07-26T00:00:00+01:00</td><td>2009-02-12T00:00:00+01:00</td><td>Nutrition</td></tr><tr><td style=\"white-space:nowrap\">DSM227<a name=\"TRE-R42-DESCnonQualifiant-DSM227\"> </a></td><td>Orthopédie dento-maxillo-faciale (DNQ)</td><td>2007-07-26T00:00:00+01:00</td><td>2016-09-01T00:00:00+01:00</td><td>Orthopédie dento-maxilo-fac</td></tr><tr><td style=\"white-space:nowrap\">DSM228<a name=\"TRE-R42-DESCnonQualifiant-DSM228\"> </a></td><td>Pathologie infectieuse et tropicale, clinique et biologique (DNQ)</td><td>2007-07-26T00:00:00+01:00</td><td>2016-09-01T00:00:00+01:00</td><td>Patho infect, trop, clin, bio</td></tr><tr><td style=\"white-space:nowrap\">DSM229<a name=\"TRE-R42-DESCnonQualifiant-DSM229\"> </a></td><td>Pharmacocinétique et Métabolisme des médicaments (DNQ)</td><td>2007-07-26T00:00:00+01:00</td><td>2016-09-01T00:00:00+01:00</td><td>Pharmacocin, Métabolisme médic</td></tr><tr><td style=\"white-space:nowrap\">DSM230<a name=\"TRE-R42-DESCnonQualifiant-DSM230\"> </a></td><td>Pharmacologie clinique et Evaluation des thérapeutiques (DNQ)</td><td>2007-07-26T00:00:00+01:00</td><td>2016-09-01T00:00:00+01:00</td><td>Pharmacol cliniq, Eval thérap</td></tr><tr><td style=\"white-space:nowrap\">DSM231<a name=\"TRE-R42-DESCnonQualifiant-DSM231\"> </a></td><td>Psychiatrie de l'enfant et de l'adolescent (DNQ)</td><td>2007-07-26T00:00:00+01:00</td><td>2016-09-01T00:00:00+01:00</td><td>Psychiatrie enfant et ado</td></tr><tr><td style=\"white-space:nowrap\">DSM232<a name=\"TRE-R42-DESCnonQualifiant-DSM232\"> </a></td><td>Radiopharmacie et Radiobiologie (DNQ)</td><td>2007-07-26T00:00:00+01:00</td><td>2016-09-01T00:00:00+01:00</td><td>Radiopharm, Radiobiologie</td></tr><tr><td style=\"white-space:nowrap\">DSM233<a name=\"TRE-R42-DESCnonQualifiant-DSM233\"> </a></td><td>Réanimation médicale (DNQ)</td><td>2007-07-26T00:00:00+01:00</td><td>2009-02-12T00:00:00+01:00</td><td>Réanimation médicale</td></tr><tr><td style=\"white-space:nowrap\">DSM234<a name=\"TRE-R42-DESCnonQualifiant-DSM234\"> </a></td><td>Toxicologie biologique (DNQ)</td><td>2007-07-26T00:00:00+01:00</td><td>2016-09-01T00:00:00+01:00</td><td>Toxicologie biologique</td></tr><tr><td style=\"white-space:nowrap\">DSM235<a name=\"TRE-R42-DESCnonQualifiant-DSM235\"> </a></td><td>Médecine de la douleur et Médecine palliative (DNQ)</td><td>2007-07-26T00:00:00+01:00</td><td>2016-09-01T00:00:00+01:00</td><td>Médecine douleur, palliative</td></tr><tr><td style=\"white-space:nowrap\">DSM236<a name=\"TRE-R42-DESCnonQualifiant-DSM236\"> </a></td><td>Cancérologie, option Traitements médicaux des cancers (DNQ)</td><td>2015-07-06T14:59:38+01:00</td><td>2016-09-01T00:00:00+01:00</td><td>Cancéro, opt Trait méd cancers</td></tr><tr><td style=\"white-space:nowrap\">DSM237<a name=\"TRE-R42-DESCnonQualifiant-DSM237\"> </a></td><td>Cancérologie, option Chirurgie cancérologique (DNQ)</td><td>2015-07-06T14:59:38+01:00</td><td>2016-09-01T00:00:00+01:00</td><td>Cancéro, opt Chirurgie cancéro</td></tr><tr><td style=\"white-space:nowrap\">DSM238<a name=\"TRE-R42-DESCnonQualifiant-DSM238\"> </a></td><td>Cancérologie, option Réseaux de cancérologie (DNQ)</td><td>2015-07-06T14:59:38+01:00</td><td>2016-09-01T00:00:00+01:00</td><td>Cancéro, opt Réseaux cancéro</td></tr><tr><td style=\"white-space:nowrap\">DSM239<a name=\"TRE-R42-DESCnonQualifiant-DSM239\"> </a></td><td>Cancérologie, option Biologie cancérologie (DNQ)</td><td>2015-07-06T14:59:38+01:00</td><td>2016-09-01T00:00:00+01:00</td><td>Cancéro, opt Biologie cancéro</td></tr><tr><td style=\"white-space:nowrap\">DSM240<a name=\"TRE-R42-DESCnonQualifiant-DSM240\"> </a></td><td>Cancérologie, option Imagerie cancérologie (DNQ)</td><td>2015-07-06T14:59:38+01:00</td><td>2016-09-01T00:00:00+01:00</td><td>Cancéro, opt Imagerie cancéro</td></tr></table></div>"
  },
  "extension" : [{
    "url" : "http://hl7.org/fhir/StructureDefinition/resource-effectivePeriod",
    "valuePeriod" : {
      "start" : "2015-12-28T00:00:00+01:00"
    }
  }],
  "url" : "https://mos.esante.gouv.fr/NOS/TRE_R42-DESCnonQualifiant/FHIR/TRE-R42-DESCnonQualifiant",
  "identifier" : [{
    "system" : "urn:ietf:rfc:3986",
    "value" : "urn:oid:1.2.250.1.213.2.32"
  }],
  "version" : "20240628120000",
  "name" : "TRE_R42_DESCnonQualifiant",
  "status" : "active",
  "experimental" : false,
  "date" : "2024-06-28T12:00:00+01:00",
  "publisher" : "Agence du Numérique en Santé (ANS) - 2-10 Rue d'Oradour-sur-Glane, 75015 Paris",
  "description" : "Savoir-faire liés aux DESC du groupe 1 non qualifiants",
  "caseSensitive" : false,
  "content" : "complete",
  "property" : [{
    "code" : "dateValid",
    "description" : "date de validité d'un code concept",
    "type" : "dateTime"
  },
  {
    "code" : "dateMaj",
    "description" : "Date de mise à jour d'un code concept",
    "type" : "dateTime"
  },
  {
    "code" : "dateFin",
    "description" : "Date de fin d'exploitation d'un code concept",
    "type" : "dateTime"
  }],
  "concept" : [{
    "code" : "DSM200",
    "display" : "Addictologie (DNQ)",
    "designation" : [{
      "language" : "fr-FR",
      "use" : {
        "system" : "http://snomed.info/sct",
        "code" : "900000000000013009"
      },
      "value" : "Addictologie"
    }],
    "property" : [{
      "code" : "dateValid",
      "valueDateTime" : "2007-07-26T00:00:00+01:00"
    },
    {
      "code" : "dateMaj",
      "valueDateTime" : "2009-02-12T00:00:00+01:00"
    }]
  },
  {
    "code" : "DSM201",
    "display" : "Allergologie et Immunologie clinique (DNQ)",
    "designation" : [{
      "language" : "fr-FR",
      "use" : {
        "system" : "http://snomed.info/sct",
        "code" : "900000000000013009"
      },
      "value" : "Allergo, Immunologie clinique"
    }],
    "property" : [{
      "code" : "dateValid",
      "valueDateTime" : "2007-07-26T00:00:00+01:00"
    },
    {
      "code" : "dateMaj",
      "valueDateTime" : "2016-09-01T00:00:00+01:00"
    }]
  },
  {
    "code" : "DSM202",
    "display" : "Andrologie (DNQ)",
    "designation" : [{
      "language" : "fr-FR",
      "use" : {
        "system" : "http://snomed.info/sct",
        "code" : "900000000000013009"
      },
      "value" : "Andrologie"
    }],
    "property" : [{
      "code" : "dateValid",
      "valueDateTime" : "2007-07-26T00:00:00+01:00"
    },
    {
      "code" : "dateMaj",
      "valueDateTime" : "2009-02-12T00:00:00+01:00"
    }]
  },
  {
    "code" : "DSM203",
    "display" : "Biochimie hormonale et métabolique (DNQ)",
    "designation" : [{
      "language" : "fr-FR",
      "use" : {
        "system" : "http://snomed.info/sct",
        "code" : "900000000000013009"
      },
      "value" : "Biochimie hormon, métabolique"
    }],
    "property" : [{
      "code" : "dateValid",
      "valueDateTime" : "2007-07-26T00:00:00+01:00"
    },
    {
      "code" : "dateMaj",
      "valueDateTime" : "2016-09-01T00:00:00+01:00"
    }]
  },
  {
    "code" : "DSM204",
    "display" : "Biologie des agents infectieux (DNQ)",
    "designation" : [{
      "language" : "fr-FR",
      "use" : {
        "system" : "http://snomed.info/sct",
        "code" : "900000000000013009"
      },
      "value" : "Biologie des agents infectieux"
    }],
    "property" : [{
      "code" : "dateValid",
      "valueDateTime" : "2007-07-26T00:00:00+01:00"
    },
    {
      "code" : "dateMaj",
      "valueDateTime" : "2016-09-01T00:00:00+01:00"
    }]
  },
  {
    "code" : "DSM205",
    "display" : "Biologie moléculaire (DNQ)",
    "designation" : [{
      "language" : "fr-FR",
      "use" : {
        "system" : "http://snomed.info/sct",
        "code" : "900000000000013009"
      },
      "value" : "Biologie moléculaire"
    }],
    "property" : [{
      "code" : "dateValid",
      "valueDateTime" : "2007-07-26T00:00:00+01:00"
    },
    {
      "code" : "dateMaj",
      "valueDateTime" : "2009-02-12T00:00:00+01:00"
    }]
  },
  {
    "code" : "DSM206",
    "display" : "Cancérologie (DNQ)",
    "designation" : [{
      "language" : "fr-FR",
      "use" : {
        "system" : "http://snomed.info/sct",
        "code" : "900000000000013009"
      },
      "value" : "Cancérologie"
    }],
    "property" : [{
      "code" : "dateValid",
      "valueDateTime" : "2007-07-26T00:00:00+01:00"
    },
    {
      "code" : "dateMaj",
      "valueDateTime" : "2009-02-12T00:00:00+01:00"
    }]
  },
  {
    "code" : "DSM207",
    "display" : "Chirurgie de la face et du cou (DNQ)",
    "designation" : [{
      "language" : "fr-FR",
      "use" : {
        "system" : "http://snomed.info/sct",
        "code" : "900000000000013009"
      },
      "value" : "Chirurgie face et cou"
    }],
    "property" : [{
      "code" : "dateValid",
      "valueDateTime" : "2007-07-26T00:00:00+01:00"
    },
    {
      "code" : "dateMaj",
      "valueDateTime" : "2016-09-01T00:00:00+01:00"
    }]
  },
  {
    "code" : "DSM208",
    "display" : "Chirurgie plastique et reconstructrice (DNQ)",
    "designation" : [{
      "language" : "fr-FR",
      "use" : {
        "system" : "http://snomed.info/sct",
        "code" : "900000000000013009"
      },
      "value" : "Chirurgie plastique et recon"
    }],
    "property" : [{
      "code" : "dateValid",
      "valueDateTime" : "2007-07-26T00:00:00+01:00"
    },
    {
      "code" : "dateMaj",
      "valueDateTime" : "2016-09-01T00:00:00+01:00"
    }]
  },
  {
    "code" : "DSM209",
    "display" : "Chirurgie vasculaire (DNQ)",
    "designation" : [{
      "language" : "fr-FR",
      "use" : {
        "system" : "http://snomed.info/sct",
        "code" : "900000000000013009"
      },
      "value" : "Chirurgie vasculaire"
    }],
    "property" : [{
      "code" : "dateValid",
      "valueDateTime" : "2007-07-26T00:00:00+01:00"
    },
    {
      "code" : "dateMaj",
      "valueDateTime" : "2009-02-12T00:00:00+01:00"
    }]
  },
  {
    "code" : "DSM210",
    "display" : "Cytogénétique humaine (DNQ)",
    "designation" : [{
      "language" : "fr-FR",
      "use" : {
        "system" : "http://snomed.info/sct",
        "code" : "900000000000013009"
      },
      "value" : "Cytogénétique humaine"
    }],
    "property" : [{
      "code" : "dateValid",
      "valueDateTime" : "2007-07-26T00:00:00+01:00"
    },
    {
      "code" : "dateMaj",
      "valueDateTime" : "2016-09-01T00:00:00+01:00"
    }]
  },
  {
    "code" : "DSM211",
    "display" : "Dermatopathologie (DNQ)",
    "designation" : [{
      "language" : "fr-FR",
      "use" : {
        "system" : "http://snomed.info/sct",
        "code" : "900000000000013009"
      },
      "value" : "Dermatopathologie"
    }],
    "property" : [{
      "code" : "dateValid",
      "valueDateTime" : "2007-07-26T00:00:00+01:00"
    },
    {
      "code" : "dateMaj",
      "valueDateTime" : "2009-02-12T00:00:00+01:00"
    }]
  },
  {
    "code" : "DSM212",
    "display" : "Foetopathologie (DNQ)",
    "designation" : [{
      "language" : "fr-FR",
      "use" : {
        "system" : "http://snomed.info/sct",
        "code" : "900000000000013009"
      },
      "value" : "Foetopathologie"
    }],
    "property" : [{
      "code" : "dateValid",
      "valueDateTime" : "2007-07-26T00:00:00+01:00"
    },
    {
      "code" : "dateMaj",
      "valueDateTime" : "2009-02-12T00:00:00+01:00"
    }]
  },
  {
    "code" : "DSM213",
    "display" : "Gériatrie (DNQ)",
    "designation" : [{
      "language" : "fr-FR",
      "use" : {
        "system" : "http://snomed.info/sct",
        "code" : "900000000000013009"
      },
      "value" : "Gériatrie"
    }],
    "property" : [{
      "code" : "dateValid",
      "valueDateTime" : "2007-07-26T00:00:00+01:00"
    },
    {
      "code" : "dateMaj",
      "valueDateTime" : "2009-02-12T00:00:00+01:00"
    }]
  },
  {
    "code" : "DSM214",
    "display" : "Hématologie biologique (DNQ)",
    "designation" : [{
      "language" : "fr-FR",
      "use" : {
        "system" : "http://snomed.info/sct",
        "code" : "900000000000013009"
      },
      "value" : "Hématologie biologique"
    }],
    "property" : [{
      "code" : "dateValid",
      "valueDateTime" : "2007-07-26T00:00:00+01:00"
    },
    {
      "code" : "dateMaj",
      "valueDateTime" : "2016-09-01T00:00:00+01:00"
    }]
  },
  {
    "code" : "DSM215",
    "display" : "Hématologie maladies du sang (DNQ)",
    "designation" : [{
      "language" : "fr-FR",
      "use" : {
        "system" : "http://snomed.info/sct",
        "code" : "900000000000013009"
      },
      "value" : "Hématologie maladies du sang"
    }],
    "property" : [{
      "code" : "dateValid",
      "valueDateTime" : "2007-07-26T00:00:00+01:00"
    },
    {
      "code" : "dateMaj",
      "valueDateTime" : "2016-09-01T00:00:00+01:00"
    }]
  },
  {
    "code" : "DSM216",
    "display" : "Hémobiologie-transfusion (DNQ)",
    "designation" : [{
      "language" : "fr-FR",
      "use" : {
        "system" : "http://snomed.info/sct",
        "code" : "900000000000013009"
      },
      "value" : "Hémobiologie-transfusion"
    }],
    "property" : [{
      "code" : "dateValid",
      "valueDateTime" : "2007-07-26T00:00:00+01:00"
    },
    {
      "code" : "dateMaj",
      "valueDateTime" : "2016-09-01T00:00:00+01:00"
    }]
  },
  {
    "code" : "DSM217",
    "display" : "Immunologie et Immunopathologie (DNQ)",
    "designation" : [{
      "language" : "fr-FR",
      "use" : {
        "system" : "http://snomed.info/sct",
        "code" : "900000000000013009"
      },
      "value" : "Immunol, Immunopatho"
    }],
    "property" : [{
      "code" : "dateValid",
      "valueDateTime" : "2007-07-26T00:00:00+01:00"
    },
    {
      "code" : "dateMaj",
      "valueDateTime" : "2016-09-01T00:00:00+01:00"
    }]
  },
  {
    "code" : "DSM218",
    "display" : "Médecine de la reproduction (DNQ)",
    "designation" : [{
      "language" : "fr-FR",
      "use" : {
        "system" : "http://snomed.info/sct",
        "code" : "900000000000013009"
      },
      "value" : "Médecine de la reproduction"
    }],
    "property" : [{
      "code" : "dateValid",
      "valueDateTime" : "2007-07-26T00:00:00+01:00"
    },
    {
      "code" : "dateMaj",
      "valueDateTime" : "2016-09-01T00:00:00+01:00"
    }]
  },
  {
    "code" : "DSM219",
    "display" : "Médecine du sport (DNQ)",
    "designation" : [{
      "language" : "fr-FR",
      "use" : {
        "system" : "http://snomed.info/sct",
        "code" : "900000000000013009"
      },
      "value" : "Médecine du sport"
    }],
    "property" : [{
      "code" : "dateValid",
      "valueDateTime" : "2007-07-26T00:00:00+01:00"
    },
    {
      "code" : "dateMaj",
      "valueDateTime" : "2009-02-12T00:00:00+01:00"
    }]
  },
  {
    "code" : "DSM220",
    "display" : "Médecine d'urgence (DNQ)",
    "designation" : [{
      "language" : "fr-FR",
      "use" : {
        "system" : "http://snomed.info/sct",
        "code" : "900000000000013009"
      },
      "value" : "Médecine d'urgence"
    }],
    "property" : [{
      "code" : "dateValid",
      "valueDateTime" : "2007-07-26T00:00:00+01:00"
    },
    {
      "code" : "dateMaj",
      "valueDateTime" : "2009-02-12T00:00:00+01:00"
    }]
  },
  {
    "code" : "DSM221",
    "display" : "Médecine légale et Expertises médicales (DNQ)",
    "designation" : [{
      "language" : "fr-FR",
      "use" : {
        "system" : "http://snomed.info/sct",
        "code" : "900000000000013009"
      },
      "value" : "Médecine légale, Expertise méd"
    }],
    "property" : [{
      "code" : "dateValid",
      "valueDateTime" : "2007-07-26T00:00:00+01:00"
    },
    {
      "code" : "dateMaj",
      "valueDateTime" : "2016-09-01T00:00:00+01:00"
    }]
  },
  {
    "code" : "DSM222",
    "display" : "Médecine nucléaire (DNQ)",
    "designation" : [{
      "language" : "fr-FR",
      "use" : {
        "system" : "http://snomed.info/sct",
        "code" : "900000000000013009"
      },
      "value" : "Médecine nucléaire"
    }],
    "property" : [{
      "code" : "dateValid",
      "valueDateTime" : "2007-07-26T00:00:00+01:00"
    },
    {
      "code" : "dateMaj",
      "valueDateTime" : "2009-02-12T00:00:00+01:00"
    }]
  },
  {
    "code" : "DSM223",
    "display" : "Médecine vasculaire (DNQ)",
    "designation" : [{
      "language" : "fr-FR",
      "use" : {
        "system" : "http://snomed.info/sct",
        "code" : "900000000000013009"
      },
      "value" : "Médecine vasculaire"
    }],
    "property" : [{
      "code" : "dateValid",
      "valueDateTime" : "2007-07-26T00:00:00+01:00"
    },
    {
      "code" : "dateMaj",
      "valueDateTime" : "2009-02-12T00:00:00+01:00"
    }]
  },
  {
    "code" : "DSM224",
    "display" : "Néonatalogie (DNQ)",
    "designation" : [{
      "language" : "fr-FR",
      "use" : {
        "system" : "http://snomed.info/sct",
        "code" : "900000000000013009"
      },
      "value" : "Néonatalogie"
    }],
    "property" : [{
      "code" : "dateValid",
      "valueDateTime" : "2007-07-26T00:00:00+01:00"
    },
    {
      "code" : "dateMaj",
      "valueDateTime" : "2009-02-12T00:00:00+01:00"
    }]
  },
  {
    "code" : "DSM225",
    "display" : "Neuropathologie (DNQ)",
    "designation" : [{
      "language" : "fr-FR",
      "use" : {
        "system" : "http://snomed.info/sct",
        "code" : "900000000000013009"
      },
      "value" : "Neuropathologie"
    }],
    "property" : [{
      "code" : "dateValid",
      "valueDateTime" : "2007-07-26T00:00:00+01:00"
    },
    {
      "code" : "dateMaj",
      "valueDateTime" : "2009-02-12T00:00:00+01:00"
    }]
  },
  {
    "code" : "DSM226",
    "display" : "Nutrition (DNQ)",
    "designation" : [{
      "language" : "fr-FR",
      "use" : {
        "system" : "http://snomed.info/sct",
        "code" : "900000000000013009"
      },
      "value" : "Nutrition"
    }],
    "property" : [{
      "code" : "dateValid",
      "valueDateTime" : "2007-07-26T00:00:00+01:00"
    },
    {
      "code" : "dateMaj",
      "valueDateTime" : "2009-02-12T00:00:00+01:00"
    }]
  },
  {
    "code" : "DSM227",
    "display" : "Orthopédie dento-maxillo-faciale (DNQ)",
    "designation" : [{
      "language" : "fr-FR",
      "use" : {
        "system" : "http://snomed.info/sct",
        "code" : "900000000000013009"
      },
      "value" : "Orthopédie dento-maxilo-fac"
    }],
    "property" : [{
      "code" : "dateValid",
      "valueDateTime" : "2007-07-26T00:00:00+01:00"
    },
    {
      "code" : "dateMaj",
      "valueDateTime" : "2016-09-01T00:00:00+01:00"
    }]
  },
  {
    "code" : "DSM228",
    "display" : "Pathologie infectieuse et tropicale, clinique et biologique (DNQ)",
    "designation" : [{
      "language" : "fr-FR",
      "use" : {
        "system" : "http://snomed.info/sct",
        "code" : "900000000000013009"
      },
      "value" : "Patho infect, trop, clin, bio"
    }],
    "property" : [{
      "code" : "dateValid",
      "valueDateTime" : "2007-07-26T00:00:00+01:00"
    },
    {
      "code" : "dateMaj",
      "valueDateTime" : "2016-09-01T00:00:00+01:00"
    }]
  },
  {
    "code" : "DSM229",
    "display" : "Pharmacocinétique et Métabolisme des médicaments (DNQ)",
    "designation" : [{
      "language" : "fr-FR",
      "use" : {
        "system" : "http://snomed.info/sct",
        "code" : "900000000000013009"
      },
      "value" : "Pharmacocin, Métabolisme médic"
    }],
    "property" : [{
      "code" : "dateValid",
      "valueDateTime" : "2007-07-26T00:00:00+01:00"
    },
    {
      "code" : "dateMaj",
      "valueDateTime" : "2016-09-01T00:00:00+01:00"
    }]
  },
  {
    "code" : "DSM230",
    "display" : "Pharmacologie clinique et Evaluation des thérapeutiques (DNQ)",
    "designation" : [{
      "language" : "fr-FR",
      "use" : {
        "system" : "http://snomed.info/sct",
        "code" : "900000000000013009"
      },
      "value" : "Pharmacol cliniq, Eval thérap"
    }],
    "property" : [{
      "code" : "dateValid",
      "valueDateTime" : "2007-07-26T00:00:00+01:00"
    },
    {
      "code" : "dateMaj",
      "valueDateTime" : "2016-09-01T00:00:00+01:00"
    }]
  },
  {
    "code" : "DSM231",
    "display" : "Psychiatrie de l'enfant et de l'adolescent (DNQ)",
    "designation" : [{
      "language" : "fr-FR",
      "use" : {
        "system" : "http://snomed.info/sct",
        "code" : "900000000000013009"
      },
      "value" : "Psychiatrie enfant et ado"
    }],
    "property" : [{
      "code" : "dateValid",
      "valueDateTime" : "2007-07-26T00:00:00+01:00"
    },
    {
      "code" : "dateMaj",
      "valueDateTime" : "2016-09-01T00:00:00+01:00"
    }]
  },
  {
    "code" : "DSM232",
    "display" : "Radiopharmacie et Radiobiologie (DNQ)",
    "designation" : [{
      "language" : "fr-FR",
      "use" : {
        "system" : "http://snomed.info/sct",
        "code" : "900000000000013009"
      },
      "value" : "Radiopharm, Radiobiologie"
    }],
    "property" : [{
      "code" : "dateValid",
      "valueDateTime" : "2007-07-26T00:00:00+01:00"
    },
    {
      "code" : "dateMaj",
      "valueDateTime" : "2016-09-01T00:00:00+01:00"
    }]
  },
  {
    "code" : "DSM233",
    "display" : "Réanimation médicale (DNQ)",
    "designation" : [{
      "language" : "fr-FR",
      "use" : {
        "system" : "http://snomed.info/sct",
        "code" : "900000000000013009"
      },
      "value" : "Réanimation médicale"
    }],
    "property" : [{
      "code" : "dateValid",
      "valueDateTime" : "2007-07-26T00:00:00+01:00"
    },
    {
      "code" : "dateMaj",
      "valueDateTime" : "2009-02-12T00:00:00+01:00"
    }]
  },
  {
    "code" : "DSM234",
    "display" : "Toxicologie biologique (DNQ)",
    "designation" : [{
      "language" : "fr-FR",
      "use" : {
        "system" : "http://snomed.info/sct",
        "code" : "900000000000013009"
      },
      "value" : "Toxicologie biologique"
    }],
    "property" : [{
      "code" : "dateValid",
      "valueDateTime" : "2007-07-26T00:00:00+01:00"
    },
    {
      "code" : "dateMaj",
      "valueDateTime" : "2016-09-01T00:00:00+01:00"
    }]
  },
  {
    "code" : "DSM235",
    "display" : "Médecine de la douleur et Médecine palliative (DNQ)",
    "designation" : [{
      "language" : "fr-FR",
      "use" : {
        "system" : "http://snomed.info/sct",
        "code" : "900000000000013009"
      },
      "value" : "Médecine douleur, palliative"
    }],
    "property" : [{
      "code" : "dateValid",
      "valueDateTime" : "2007-07-26T00:00:00+01:00"
    },
    {
      "code" : "dateMaj",
      "valueDateTime" : "2016-09-01T00:00:00+01:00"
    }]
  },
  {
    "code" : "DSM236",
    "display" : "Cancérologie, option Traitements médicaux des cancers (DNQ)",
    "designation" : [{
      "language" : "fr-FR",
      "use" : {
        "system" : "http://snomed.info/sct",
        "code" : "900000000000013009"
      },
      "value" : "Cancéro, opt Trait méd cancers"
    }],
    "property" : [{
      "code" : "dateValid",
      "valueDateTime" : "2015-07-06T14:59:38+01:00"
    },
    {
      "code" : "dateMaj",
      "valueDateTime" : "2016-09-01T00:00:00+01:00"
    }]
  },
  {
    "code" : "DSM237",
    "display" : "Cancérologie, option Chirurgie cancérologique (DNQ)",
    "designation" : [{
      "language" : "fr-FR",
      "use" : {
        "system" : "http://snomed.info/sct",
        "code" : "900000000000013009"
      },
      "value" : "Cancéro, opt Chirurgie cancéro"
    }],
    "property" : [{
      "code" : "dateValid",
      "valueDateTime" : "2015-07-06T14:59:38+01:00"
    },
    {
      "code" : "dateMaj",
      "valueDateTime" : "2016-09-01T00:00:00+01:00"
    }]
  },
  {
    "code" : "DSM238",
    "display" : "Cancérologie, option Réseaux de cancérologie (DNQ)",
    "designation" : [{
      "language" : "fr-FR",
      "use" : {
        "system" : "http://snomed.info/sct",
        "code" : "900000000000013009"
      },
      "value" : "Cancéro, opt Réseaux cancéro"
    }],
    "property" : [{
      "code" : "dateValid",
      "valueDateTime" : "2015-07-06T14:59:38+01:00"
    },
    {
      "code" : "dateMaj",
      "valueDateTime" : "2016-09-01T00:00:00+01:00"
    }]
  },
  {
    "code" : "DSM239",
    "display" : "Cancérologie, option Biologie cancérologie (DNQ)",
    "designation" : [{
      "language" : "fr-FR",
      "use" : {
        "system" : "http://snomed.info/sct",
        "code" : "900000000000013009"
      },
      "value" : "Cancéro, opt Biologie cancéro"
    }],
    "property" : [{
      "code" : "dateValid",
      "valueDateTime" : "2015-07-06T14:59:38+01:00"
    },
    {
      "code" : "dateMaj",
      "valueDateTime" : "2016-09-01T00:00:00+01:00"
    }]
  },
  {
    "code" : "DSM240",
    "display" : "Cancérologie, option Imagerie cancérologie (DNQ)",
    "designation" : [{
      "language" : "fr-FR",
      "use" : {
        "system" : "http://snomed.info/sct",
        "code" : "900000000000013009"
      },
      "value" : "Cancéro, opt Imagerie cancéro"
    }],
    "property" : [{
      "code" : "dateValid",
      "valueDateTime" : "2015-07-06T14:59:38+01:00"
    },
    {
      "code" : "dateMaj",
      "valueDateTime" : "2016-09-01T00:00:00+01:00"
    }]
  }]
}