<?xml version="1.0" encoding="UTF-8"?><CodeSystem xmlns="http://hl7.org/fhir"><id value="TRE-R304-HL7v3ActCode"/><meta><versionId value="4"/><lastUpdated value="2024-08-28T05:13:19.467+00:00"/><profile value="http://hl7.org/fhir/StructureDefinition/shareablecodesystem"/></meta><text><status value="generated"/><div xmlns="http://www.w3.org/1999/xhtml"><p class="res-header-id"><b>Generated Narrative: CodeSystem TRE-R304-HL7v3ActCode</b></p><a name="TRE-R304-HL7v3ActCode"> </a><a name="hcTRE-R304-HL7v3ActCode"> </a><a name="TRE-R304-HL7v3ActCode-fr-FR"> </a><div style="display: inline-block; background-color: #d9e0e7; padding: 6px; margin: 4px; border: 1px solid #8da1b4; border-radius: 5px; line-height: 60%"><p style="margin-bottom: 0px">version: 4; Last updated: 2024-08-28 05:13:19+0000</p><p style="margin-bottom: 0px">Profil: <a href="http://hl7.org/fhir/R4/shareablecodesystem.html">Shareable CodeSystem</a></p></div><p><b>Propriétés</b></p><p><b>Cette terminologie de référence (CodeSystem) définit les propriétés suivantes pour ses concepts</b></p><table class="grid"><tr><td><b>Nom</b></td><td><b>Code</b></td><td><b>Type</b></td><td><b>Description</b></td></tr><tr><td>dateValid</td><td>dateValid</td><td>dateTime</td><td>date de validité d'un code concept</td></tr><tr><td>dateMaj</td><td>dateMaj</td><td>dateTime</td><td>Date de mise à jour d'un code concept</td></tr><tr><td>dateFin</td><td>dateFin</td><td>dateTime</td><td>Date de fin d'exploitation d'un code concept</td></tr></table><p><b>Concepts</b></p><p>This case-insensitive code system <code>https://mos.esante.gouv.fr/NOS/TRE_R304-HL7v3ActCode/FHIR/TRE-R304-HL7v3ActCode</code> defines the following codes:</p><table class="codes"><tr><td style="white-space:nowrap"><b>Code</b></td><td><b>Display</b></td><td><b>dateValid</b></td><td><b>dateMaj</b></td></tr><tr><td style="white-space:nowrap">IMP<a name="TRE-R304-HL7v3ActCode-IMP"> </a></td><td>Hospitalisation (établissement, y compris HAD)</td><td>2021-03-26T12:00:00+01:00</td><td>2021-03-26T12:00:00+01:00</td></tr><tr><td style="white-space:nowrap">EMER<a name="TRE-R304-HL7v3ActCode-EMER"> </a></td><td>Passage aux urgences (établissement)</td><td>2021-03-26T12:00:00+01:00</td><td>2021-03-26T12:00:00+01:00</td></tr><tr><td style="white-space:nowrap">AMB<a name="TRE-R304-HL7v3ActCode-AMB"> </a></td><td>Ambulatoire (hors établissement)</td><td>2021-03-26T12:00:00+01:00</td><td>2021-03-26T12:00:00+01:00</td></tr><tr><td style="white-space:nowrap">FLD<a name="TRE-R304-HL7v3ActCode-FLD"> </a></td><td>Terrain (voie publique, hélicoptère, ambulance, etc.)</td><td>2021-03-26T12:00:00+01:00</td><td>2021-03-26T12:00:00+01:00</td></tr><tr><td style="white-space:nowrap">HH<a name="TRE-R304-HL7v3ActCode-HH"> </a></td><td>Soins à domicile (hors établissement)</td><td>2021-03-26T12:00:00+01:00</td><td>2021-03-26T12:00:00+01:00</td></tr><tr><td style="white-space:nowrap">VR<a name="TRE-R304-HL7v3ActCode-VR"> </a></td><td>Virtuelle (exemple : RCP en l'absence du patient)</td><td>2021-03-26T12:00:00+01:00</td><td>2021-03-26T12:00:00+01:00</td></tr></table></div></text><extension url="http://hl7.org/fhir/StructureDefinition/resource-effectivePeriod"><valuePeriod><start value="2021-03-26T12:00:00+01:00"/></valuePeriod></extension><url value="https://mos.esante.gouv.fr/NOS/TRE_R304-HL7v3ActCode/FHIR/TRE-R304-HL7v3ActCode"/><identifier><system value="urn:ietf:rfc:3986"/><value value="urn:oid:2.16.840.1.113883.5.4"/></identifier><version value="20231215120000"/><name value="TRE_R304_HL7v3ActCode"/><status value="active"/><experimental value="false"/><date value="2023-12-15T12:00:00+01:00"/><publisher value="Agence du Numérique en Santé (ANS) - 2-10 Rue d'Oradour-sur-Glane, 75015 Paris"/><description value="Type de prise en charge repris de la terminologie HL7 v3 ActCode (https://www.hl7.org/fhir/v3/ActCode/cs.html)"/><jurisdiction><coding><system value="urn:iso:std:iso:3166"/><code value="FR"/></coding></jurisdiction><caseSensitive value="false"/><content value="complete"/><property><code value="dateValid"/><description value="date de validité d'un code concept"/><type value="dateTime"/></property><property><code value="dateMaj"/><description value="Date de mise à jour d'un code concept"/><type value="dateTime"/></property><property><code value="dateFin"/><description value="Date de fin d'exploitation d'un code concept"/><type value="dateTime"/></property><concept><code value="IMP"/><display value="Hospitalisation (établissement, y compris HAD)"/><property><code value="dateValid"/><valueDateTime value="2021-03-26T12:00:00+01:00"/></property><property><code value="dateMaj"/><valueDateTime value="2021-03-26T12:00:00+01:00"/></property></concept><concept><code value="EMER"/><display value="Passage aux urgences (établissement)"/><property><code value="dateValid"/><valueDateTime value="2021-03-26T12:00:00+01:00"/></property><property><code value="dateMaj"/><valueDateTime value="2021-03-26T12:00:00+01:00"/></property></concept><concept><code value="AMB"/><display value="Ambulatoire (hors établissement)"/><property><code value="dateValid"/><valueDateTime value="2021-03-26T12:00:00+01:00"/></property><property><code value="dateMaj"/><valueDateTime value="2021-03-26T12:00:00+01:00"/></property></concept><concept><code value="FLD"/><display value="Terrain (voie publique, hélicoptère, ambulance, etc.)"/><property><code value="dateValid"/><valueDateTime value="2021-03-26T12:00:00+01:00"/></property><property><code value="dateMaj"/><valueDateTime value="2021-03-26T12:00:00+01:00"/></property></concept><concept><code value="HH"/><display value="Soins à domicile (hors établissement)"/><property><code value="dateValid"/><valueDateTime value="2021-03-26T12:00:00+01:00"/></property><property><code value="dateMaj"/><valueDateTime value="2021-03-26T12:00:00+01:00"/></property></concept><concept><code value="VR"/><display value="Virtuelle (exemple : RCP en l'absence du patient)"/><property><code value="dateValid"/><valueDateTime value="2021-03-26T12:00:00+01:00"/></property><property><code value="dateMaj"/><valueDateTime value="2021-03-26T12:00:00+01:00"/></property></concept></CodeSystem>