<?xml version="1.0" encoding="UTF-8"?><ValueSet xmlns="http://hl7.org/fhir"><id value="jdv-signe-vital-cs9-cisis"/><meta><versionId value="1"/><lastUpdated value="2025-06-06T11:06:30.474+00:00"/><profile value="http://hl7.org/fhir/StructureDefinition/shareablevalueset"/></meta><language value="fr-FR"/><text><status value="generated"/><div xmlns="http://www.w3.org/1999/xhtml" xml:lang="fr-FR" lang="fr-FR"><p class="res-header-id"><b>Generated Narrative: ValueSet jdv-signe-vital-cs9-cisis</b></p><a name="jdv-signe-vital-cs9-cisis"> </a><a name="hcjdv-signe-vital-cs9-cisis"> </a><a name="jdv-signe-vital-cs9-cisis-fr-FR"> </a><div style="display: inline-block; background-color: #d9e0e7; padding: 6px; margin: 4px; border: 1px solid #8da1b4; border-radius: 5px; line-height: 60%"><p style="margin-bottom: 0px">version: 1; Last updated: 2025-06-06 11:06:30+0000; Language: fr-FR</p><p style="margin-bottom: 0px">Profil: <a href="http://hl7.org/fhir/R4/shareablevalueset.html">Shareable ValueSet</a></p></div><ul><li>Include ces codes sont définis dans <a href="http://loinc.org"><code>http://loinc.org</code></a><table class="none"><tr><td style="white-space:nowrap"><b>Code</b></td><td><b>Display</b></td></tr><tr><td><a href="https://loinc.org/29463-7/">29463-7</a></td><td>Poids</td></tr><tr><td><a href="https://loinc.org/8302-2/">8302-2</a></td><td>Taille</td></tr><tr><td><a href="https://loinc.org/8287-5/">8287-5</a></td><td>Périmètre crânien</td></tr></table></li></ul></div></text><extension url="http://hl7.org/fhir/StructureDefinition/resource-effectivePeriod"><valuePeriod><start value="2022-10-03T00:00:00+01:00"/></valuePeriod></extension><url value="https://smt.esante.gouv.fr/fhir/ValueSet/jdv-signe-vital-cs9-cisis"/><identifier><system value="urn:ietf:rfc:3986"/><value value="urn:oid:1.2.250.1.213.1.1.5.709"/></identifier><version value="20250606103857"/><name value="JdvSigneVitalCs9Cisis"/><title value="JDV Signe Vital Cs9 CISIS"/><status value="active"/><experimental value="false"/><date value="2025-06-06T10:38:57+01:00"/><publisher value="Agence du Numérique en Santé(ANS) -2 - 10 Rue d'Oradour-sur-Glane, 75015 Paris"/><description value="JDV Signe Vital Cs9 CISIS"/><jurisdiction><coding><system value="urn:iso:std:iso:3166"/><code value="FR"/></coding></jurisdiction><compose><include><system value="http://loinc.org"/><concept><code value="29463-7"/><display value="Poids"/></concept><concept><code value="8302-2"/><display value="Taille"/></concept><concept><code value="8287-5"/><display value="Périmètre crânien"/></concept></include></compose></ValueSet>