<?xml version="1.0" encoding="UTF-8"?>

<ValueSet xmlns="http://hl7.org/fhir">
  <id value="jdv-investigation-realisee-cisis"/>
  <meta>
    <versionId value="3"/>
    <lastUpdated value="2025-06-25T09:14:29.924+00:00"/>
    <profile value="http://hl7.org/fhir/StructureDefinition/shareablevalueset"/>
  </meta>
  <language value="fr-FR"/>
  <text>
    <status value="generated"/><div xmlns="http://www.w3.org/1999/xhtml" xml:lang="fr-FR" lang="fr-FR"><p class="res-header-id"><b>Generated Narrative: ValueSet jdv-investigation-realisee-cisis</b></p><a name="jdv-investigation-realisee-cisis"> </a><a name="hcjdv-investigation-realisee-cisis"> </a><a name="jdv-investigation-realisee-cisis-fr-FR"> </a><div style="display: inline-block; background-color: #d9e0e7; padding: 6px; margin: 4px; border: 1px solid #8da1b4; border-radius: 5px; line-height: 60%"><p style="margin-bottom: 0px">version: 3; Last updated: 2025-06-25 09:14:29+0000; Language: fr-FR</p><p style="margin-bottom: 0px">Profil: <a href="http://hl7.org/fhir/R4/shareablevalueset.html">Shareable ValueSet</a></p></div><p>Ce jeu de valeur (ValueSet) inclut les codes selon les règles suivantes :</p><ul><li>Include ces codes sont définis dans <a href="CodeSystem-terminologie-cisis.html"><code>https://smt.esante.gouv.fr/fhir/CodeSystem/terminologie-cisis</code></a><table class="none"><tr><td style="white-space:nowrap"><b>Code</b></td><td><b>Display</b></td></tr><tr><td><a href="CodeSystem-terminologie-cisis.html#terminologie-cisis-GEN-092.4604.4603">GEN-092.04.03</a></td><td>Autres investigations</td></tr></table></li><li>Include ces codes sont définis dans <a href="http://www.snomed.org/"><code>http://snomed.info/sct</code></a><table class="none"><tr><td style="white-space:nowrap"><b>Code</b></td><td><b>Display</b></td></tr><tr><td><a href="http://snomed.info/id/58147004">58147004</a></td><td>clinique</td></tr><tr><td><a href="http://snomed.info/id/12893009">12893009</a></td><td>biologique</td></tr><tr><td><a href="http://snomed.info/id/80534008">80534008</a></td><td>biochimique</td></tr><tr><td><a href="http://snomed.info/id/363679005">363679005</a></td><td>imagerie</td></tr><tr><td><a href="http://snomed.info/id/116148004">116148004</a></td><td>procédé de génétique moléculaire</td></tr><tr><td><a href="http://snomed.info/id/73735000">73735000</a></td><td>procédure cytogénétique</td></tr><tr><td><a href="http://snomed.info/id/12894003">12894003</a></td><td>évaluation fonctionnelle</td></tr><tr><td><a href="http://snomed.info/id/108257001">108257001</a></td><td>intervention en anatomopathologie</td></tr></table></li></ul></div>
  </text>
  <extension url="http://hl7.org/fhir/StructureDefinition/resource-effectivePeriod">
    <valuePeriod>
      <start value="2010-01-01T00:00:00+01:00"/>
    </valuePeriod>
  </extension>
  <url value="https://smt.esante.gouv.fr/fhir/ValueSet/jdv-investigation-realisee-cisis"/>
  <identifier>
    <system value="urn:ietf:rfc:3986"/>
    <value value="urn:oid:1.2.250.1.213.1.1.5.47"/>
  </identifier>
  <version value="20250624152100"/>
  <name value="JdvInvestigationRealiseeCisis"/>
  <title value="JDV Investigation Realisee CISIS"/>
  <status value="active"/>
  <experimental value="false"/>
  <date value="2025-06-24T15:21:00+01:00"/>
  <publisher value="Agence du Numérique en Santé(ANS) -2 - 10 Rue d'Oradour-sur-Glane, 75015 Paris"/>
  <description value="JDV Investigation Realisee CISIS"/>
  <jurisdiction>
    <coding>
      <system value="urn:iso:std:iso:3166"/>
      <code value="FR"/>
    </coding>
  </jurisdiction>
  <compose>
    <include>
      <system value="https://smt.esante.gouv.fr/fhir/CodeSystem/terminologie-cisis"/>
      <concept>
        <code value="GEN-092.04.03"/>
        <display value="Autres investigations"/>
      </concept>
    </include>
    <include>
      <system value="http://snomed.info/sct"/>
      <concept>
        <code value="58147004"/>
        <display value="clinique"/>
      </concept>
      <concept>
        <code value="12893009"/>
        <display value="biologique"/>
      </concept>
      <concept>
        <code value="80534008"/>
        <display value="biochimique"/>
      </concept>
      <concept>
        <code value="363679005"/>
        <display value="imagerie"/>
      </concept>
      <concept>
        <code value="116148004"/>
        <display value="procédé de génétique moléculaire"/>
      </concept>
      <concept>
        <code value="73735000"/>
        <display value="procédure cytogénétique"/>
      </concept>
      <concept>
        <code value="12894003"/>
        <display value="évaluation fonctionnelle"/>
      </concept>
      <concept>
        <code value="108257001"/>
        <display value="intervention en anatomopathologie"/>
      </concept>
    </include>
  </compose>
</ValueSet>