<?xml version="1.0" encoding="UTF-8"?>

<ValueSet xmlns="http://hl7.org/fhir">
  <id value="jdv-classification-acr-cisis"/>
  <meta>
    <versionId value="4"/>
    <lastUpdated value="2025-06-25T09:13:10.293+00:00"/>
    <profile value="http://hl7.org/fhir/StructureDefinition/shareablevalueset"/>
  </meta>
  <language value="fr-FR"/>
  <text>
    <status value="generated"/><div xmlns="http://www.w3.org/1999/xhtml" xml:lang="fr-FR" lang="fr-FR"><p class="res-header-id"><b>Generated Narrative: ValueSet jdv-classification-acr-cisis</b></p><a name="jdv-classification-acr-cisis"> </a><a name="hcjdv-classification-acr-cisis"> </a><a name="jdv-classification-acr-cisis-fr-FR"> </a><div style="display: inline-block; background-color: #d9e0e7; padding: 6px; margin: 4px; border: 1px solid #8da1b4; border-radius: 5px; line-height: 60%"><p style="margin-bottom: 0px">version: 4; Last updated: 2025-06-25 09:13:10+0000; Language: fr-FR</p><p style="margin-bottom: 0px">Profil: <a href="http://hl7.org/fhir/R4/shareablevalueset.html">Shareable ValueSet</a></p></div><ul><li>Include ces codes sont définis dans <a href="CodeSystem-terminologie-cisis.html"><code>https://smt.esante.gouv.fr/fhir/CodeSystem/terminologie-cisis</code></a><table class="none"><tr><td style="white-space:nowrap"><b>Code</b></td><td><b>Display</b></td></tr><tr><td><a href="CodeSystem-terminologie-cisis.html#terminologie-cisis-MED-129">MED-129</a></td><td>Normal BI-RADS ACR 1</td></tr><tr><td><a href="CodeSystem-terminologie-cisis.html#terminologie-cisis-MED-130">MED-130</a></td><td>Bénin BI-RADS ACR 2</td></tr><tr><td><a href="CodeSystem-terminologie-cisis.html#terminologie-cisis-MED-131">MED-131</a></td><td>Anormal BI-RADS ACR 3</td></tr><tr><td><a href="CodeSystem-terminologie-cisis.html#terminologie-cisis-MED-132">MED-132</a></td><td>Anormal BI-RADS ACR 4</td></tr><tr><td><a href="CodeSystem-terminologie-cisis.html#terminologie-cisis-MED-133">MED-133</a></td><td>Anormal BI-RADS ACR 5</td></tr></table></li></ul></div>
  </text>
  <extension url="http://hl7.org/fhir/StructureDefinition/resource-effectivePeriod">
    <valuePeriod>
      <start value="2018-01-01T00:00:00+01:00"/>
    </valuePeriod>
  </extension>
  <url value="https://smt.esante.gouv.fr/fhir/ValueSet/jdv-classification-acr-cisis"/>
  <identifier>
    <system value="urn:ietf:rfc:3986"/>
    <value value="urn:oid:1.2.250.1.213.1.1.5.481"/>
  </identifier>
  <version value="20250624152100"/>
  <name value="JdvClassificationAcrCisis"/>
  <title value="JDV Classification Acr CISIS"/>
  <status value="active"/>
  <experimental value="false"/>
  <date value="2025-06-24T15:21:00+01:00"/>
  <publisher value="Agence du Numérique en Santé(ANS) -2 - 10 Rue d'Oradour-sur-Glane, 75015 Paris"/>
  <description value="JDV Classification Acr CISIS"/>
  <jurisdiction>
    <coding>
      <system value="urn:iso:std:iso:3166"/>
      <code value="FR"/>
    </coding>
  </jurisdiction>
  <compose>
    <include>
      <system value="https://smt.esante.gouv.fr/fhir/CodeSystem/terminologie-cisis"/>
      <concept>
        <code value="MED-129"/>
        <display value="Normal BI-RADS ACR 1"/>
      </concept>
      <concept>
        <code value="MED-130"/>
        <display value="Bénin BI-RADS ACR 2"/>
      </concept>
      <concept>
        <code value="MED-131"/>
        <display value="Anormal BI-RADS ACR 3"/>
      </concept>
      <concept>
        <code value="MED-132"/>
        <display value="Anormal BI-RADS ACR 4"/>
      </concept>
      <concept>
        <code value="MED-133"/>
        <display value="Anormal BI-RADS ACR 5"/>
      </concept>
    </include>
  </compose>
</ValueSet>