<?xml version="1.0" encoding="UTF-8"?>

<ValueSet xmlns="http://hl7.org/fhir">
  <id value="JDV-J22-RestrictionAudienceVIHF-CISIS"/>
  <meta>
    <versionId value="4"/>
    <lastUpdated value="2025-07-02T17:05:59.906+00:00"/>
    <profile value="http://hl7.org/fhir/StructureDefinition/shareablevalueset"/>
  </meta>
  <language value="fr-FR"/>
  <text>
    <status value="generated"/><div xml:lang="fr-FR" xmlns="http://www.w3.org/1999/xhtml" lang="fr-FR"><p class="res-header-id"><b>Narratif généré : EnsembleValeurs JDV-J22-RestrictionAudienceVIHF-CISIS</b></p><a name="JDV-J22-RestrictionAudienceVIHF-CISIS"> </a><a name="hcJDV-J22-RestrictionAudienceVIHF-CISIS"> </a><div style="display: inline-block; background-color: #d9e0e7; padding: 6px; margin: 4px; border: 1px solid #8da1b4; border-radius: 5px; line-height: 60%"><p style="margin-bottom: 0px">version: 3; Dernière mise à jour : 2024-04-27 05:07:23+0000; Langue : fr-FR</p><p style="margin-bottom: 0px">Profil: <a href="http://hl7.org/fhir/R4/shareablevalueset.html">Shareable ValueSet</a></p></div><ul><li>Include les codes sont définis dans <a href="CodeSystem-TRE-A07-StatutVisibiliteDocument.html"><code>https://mos.esante.gouv.fr/NOS/TRE_A07-StatutVisibiliteDocument/FHIR/TRE-A07-StatutVisibiliteDocument</code></a><table class="none"><tr><td style="white-space:nowrap"><b>Code</b></td><td><b>Display</b></td></tr><tr><td><a href="CodeSystem-TRE-A07-StatutVisibiliteDocument.html#TRE-A07-StatutVisibiliteDocument-INVISIBLE_REPRESENTANTS_LEGAUX">INVISIBLE_REPRESENTANTS_LEGAUX</a></td><td>Non visible par les représentants légaux du patient</td></tr></table></li></ul></div>
  </text>
  <extension url="http://hl7.org/fhir/StructureDefinition/resource-effectivePeriod">
    <valuePeriod>
      <start value="2017-07-07T10:00:00+01:00"/>
    </valuePeriod>
  </extension>
  <url value="https://mos.esante.gouv.fr/NOS/JDV_J22-RestrictionAudienceVIHF-CISIS/FHIR/JDV-J22-RestrictionAudienceVIHF-CISIS"/>
  <identifier>
    <system value="urn:ietf:rfc:3986"/>
    <value value="urn:oid:1.2.250.1.213.1.1.5.469"/>
  </identifier>
  <version value="20200424120000"/>
  <name value="JDV_J22_RestrictionAudienceVIHF_CISIS"/>
  <status value="active"/>
  <experimental value="false"/>
  <date value="2020-04-24T12:00:00+01:00"/>
  <publisher value="Agence du Numérique en Santé (ANS) - 2-10 Rue d'Oradour-sur-Glane, 75015 Paris"/>
  <description value="Restriction d'audience pour les traces des VIHF"/>
  <jurisdiction>
    <coding>
      <system value="urn:iso:std:iso:3166"/>
      <code value="FR"/>
    </coding>
  </jurisdiction>
  <compose>
    <include>
      <system value="https://mos.esante.gouv.fr/NOS/TRE_A07-StatutVisibiliteDocument/FHIR/TRE-A07-StatutVisibiliteDocument"/>
      <concept>
        <code value="INVISIBLE_REPRESENTANTS_LEGAUX"/>
        <display value="Non visible par les représentants légaux du patient"/>
      </concept>
    </include>
  </compose>
</ValueSet>