{
  "resourceType" : "CodeSystem",
  "id" : "TRE-R289-TypeFonction",
  "meta" : {
    "versionId" : "4",
    "lastUpdated" : "2024-08-28T05:13:10.510+00:00",
    "profile" : ["http://hl7.org/fhir/StructureDefinition/shareablecodesystem"]
  },
  "text" : {
    "status" : "generated",
    "div" : "<div xmlns=\"http://www.w3.org/1999/xhtml\"><p class=\"res-header-id\"><b>Generated Narrative: CodeSystem TRE-R289-TypeFonction</b></p><a name=\"TRE-R289-TypeFonction\"> </a><a name=\"hcTRE-R289-TypeFonction\"> </a><a name=\"TRE-R289-TypeFonction-fr-FR\"> </a><div style=\"display: inline-block; background-color: #d9e0e7; padding: 6px; margin: 4px; border: 1px solid #8da1b4; border-radius: 5px; line-height: 60%\"><p style=\"margin-bottom: 0px\">version: 4; Last updated: 2024-08-28 05:13:10+0000</p><p style=\"margin-bottom: 0px\">Profil: <a href=\"http://hl7.org/fhir/R4/shareablecodesystem.html\">Shareable CodeSystem</a></p></div><p><b>Propriétés</b></p><p><b>Cette terminologie de référence (CodeSystem) définit les propriétés suivantes pour ses concepts</b></p><table class=\"grid\"><tr><td><b>Nom</b></td><td><b>Code</b></td><td><b>Type</b></td><td><b>Description</b></td></tr><tr><td>dateValid</td><td>dateValid</td><td>dateTime</td><td>date de validité d'un code concept</td></tr><tr><td>dateMaj</td><td>dateMaj</td><td>dateTime</td><td>Date de mise à jour d'un code concept</td></tr><tr><td>dateFin</td><td>dateFin</td><td>dateTime</td><td>Date de fin d'exploitation d'un code concept</td></tr></table><p><b>Concepts</b></p><p>This case-insensitive code system <code>https://mos.esante.gouv.fr/NOS/TRE_R289-TypeFonction/FHIR/TRE-R289-TypeFonction</code> defines the following codes:</p><table class=\"codes\"><tr><td style=\"white-space:nowrap\"><b>Code</b></td><td><b>Display</b></td><td><b>dateValid</b></td><td><b>dateMaj</b></td><td><b>French (France) (fr)</b></td></tr><tr><td style=\"white-space:nowrap\">F01<a name=\"TRE-R289-TypeFonction-F01\"> </a></td><td>Personnel d'établissement de Santé</td><td>2019-03-29T12:00:00+01:00</td><td>2019-03-29T12:00:00+01:00</td><td>Personnel établissement santé</td></tr><tr><td style=\"white-space:nowrap\">F02<a name=\"TRE-R289-TypeFonction-F02\"> </a></td><td>Rôle dans la prise en charge</td><td>2019-03-29T12:00:00+01:00</td><td>2019-04-26T12:00:00+01:00</td><td/></tr><tr><td style=\"white-space:nowrap\">F03<a name=\"TRE-R289-TypeFonction-F03\"> </a></td><td>Personnel d'établissement social</td><td>2019-03-29T12:00:00+01:00</td><td>2019-03-29T12:00:00+01:00</td><td>Personnel établissement social</td></tr><tr><td style=\"white-space:nowrap\">F04<a name=\"TRE-R289-TypeFonction-F04\"> </a></td><td>Personnel d'établissement (hors sanitaire et social)</td><td>2019-03-29T12:00:00+01:00</td><td>2019-03-29T12:00:00+01:00</td><td>Personnel étab (hors san, soc)</td></tr><tr><td style=\"white-space:nowrap\">F05<a name=\"TRE-R289-TypeFonction-F05\"> </a></td><td>Personnel de structure (générique)</td><td>2019-03-29T12:00:00+01:00</td><td>2019-03-29T12:00:00+01:00</td><td>Personnel struct (générique)</td></tr><tr><td style=\"white-space:nowrap\">F06<a name=\"TRE-R289-TypeFonction-F06\"> </a></td><td>Autre fonction du sanitaire</td><td>2019-03-29T12:00:00+01:00</td><td>2019-03-29T12:00:00+01:00</td><td/></tr></table></div>"
  },
  "extension" : [{
    "url" : "http://hl7.org/fhir/StructureDefinition/resource-effectivePeriod",
    "valuePeriod" : {
      "start" : "2019-03-29T12:00:00+01:00"
    }
  }],
  "url" : "https://mos.esante.gouv.fr/NOS/TRE_R289-TypeFonction/FHIR/TRE-R289-TypeFonction",
  "identifier" : [{
    "system" : "urn:ietf:rfc:3986",
    "value" : "urn:oid:1.2.250.1.213.1.6.1.138"
  }],
  "version" : "20231215120000",
  "name" : "TRE_R289_TypeFonction",
  "status" : "active",
  "experimental" : false,
  "date" : "2023-12-15T12:00:00+01:00",
  "publisher" : "Agence du Numérique en Santé (ANS) - 2-10 Rue d'Oradour-sur-Glane, 75015 Paris",
  "description" : "Type de fonction",
  "jurisdiction" : [{
    "coding" : [{
      "system" : "urn:iso:std:iso:3166",
      "code" : "FR"
    }]
  }],
  "caseSensitive" : false,
  "content" : "complete",
  "property" : [{
    "code" : "dateValid",
    "description" : "date de validité d'un code concept",
    "type" : "dateTime"
  },
  {
    "code" : "dateMaj",
    "description" : "Date de mise à jour d'un code concept",
    "type" : "dateTime"
  },
  {
    "code" : "dateFin",
    "description" : "Date de fin d'exploitation d'un code concept",
    "type" : "dateTime"
  }],
  "concept" : [{
    "code" : "F01",
    "display" : "Personnel d'établissement de Santé",
    "designation" : [{
      "language" : "fr-FR",
      "use" : {
        "system" : "http://snomed.info/sct",
        "code" : "900000000000013009"
      },
      "value" : "Personnel établissement santé"
    }],
    "property" : [{
      "code" : "dateValid",
      "valueDateTime" : "2019-03-29T12:00:00+01:00"
    },
    {
      "code" : "dateMaj",
      "valueDateTime" : "2019-03-29T12:00:00+01:00"
    }]
  },
  {
    "code" : "F02",
    "display" : "Rôle dans la prise en charge",
    "property" : [{
      "code" : "dateValid",
      "valueDateTime" : "2019-03-29T12:00:00+01:00"
    },
    {
      "code" : "dateMaj",
      "valueDateTime" : "2019-04-26T12:00:00+01:00"
    }]
  },
  {
    "code" : "F03",
    "display" : "Personnel d'établissement social",
    "designation" : [{
      "language" : "fr-FR",
      "use" : {
        "system" : "http://snomed.info/sct",
        "code" : "900000000000013009"
      },
      "value" : "Personnel établissement social"
    }],
    "property" : [{
      "code" : "dateValid",
      "valueDateTime" : "2019-03-29T12:00:00+01:00"
    },
    {
      "code" : "dateMaj",
      "valueDateTime" : "2019-03-29T12:00:00+01:00"
    }]
  },
  {
    "code" : "F04",
    "display" : "Personnel d'établissement (hors sanitaire et social)",
    "designation" : [{
      "language" : "fr-FR",
      "use" : {
        "system" : "http://snomed.info/sct",
        "code" : "900000000000013009"
      },
      "value" : "Personnel étab (hors san, soc)"
    }],
    "property" : [{
      "code" : "dateValid",
      "valueDateTime" : "2019-03-29T12:00:00+01:00"
    },
    {
      "code" : "dateMaj",
      "valueDateTime" : "2019-03-29T12:00:00+01:00"
    }]
  },
  {
    "code" : "F05",
    "display" : "Personnel de structure (générique)",
    "designation" : [{
      "language" : "fr-FR",
      "use" : {
        "system" : "http://snomed.info/sct",
        "code" : "900000000000013009"
      },
      "value" : "Personnel struct (générique)"
    }],
    "property" : [{
      "code" : "dateValid",
      "valueDateTime" : "2019-03-29T12:00:00+01:00"
    },
    {
      "code" : "dateMaj",
      "valueDateTime" : "2019-03-29T12:00:00+01:00"
    }]
  },
  {
    "code" : "F06",
    "display" : "Autre fonction du sanitaire",
    "property" : [{
      "code" : "dateValid",
      "valueDateTime" : "2019-03-29T12:00:00+01:00"
    },
    {
      "code" : "dateMaj",
      "valueDateTime" : "2019-03-29T12:00:00+01:00"
    }]
  }]
}