{
  "resourceType" : "CodeSystem",
  "id" : "tre-r393-type-contrat-sejour",
  "meta" : {
    "versionId" : "1",
    "lastUpdated" : "2025-05-21T05:12:51.958+00:00",
    "profile" : ["http://hl7.org/fhir/StructureDefinition/shareablecodesystem"]
  },
  "text" : {
    "status" : "generated",
    "div" : "<div xmlns=\"http://www.w3.org/1999/xhtml\"><p class=\"res-header-id\"><b>Generated Narrative: CodeSystem tre-r393-type-contrat-sejour</b></p><a name=\"tre-r393-type-contrat-sejour\"> </a><a name=\"hctre-r393-type-contrat-sejour\"> </a><a name=\"tre-r393-type-contrat-sejour-fr-FR\"> </a><div style=\"display: inline-block; background-color: #d9e0e7; padding: 6px; margin: 4px; border: 1px solid #8da1b4; border-radius: 5px; line-height: 60%\"><p style=\"margin-bottom: 0px\">version: 1; Last updated: 2025-05-21 05:12:51+0000</p><p style=\"margin-bottom: 0px\">Profil: <a href=\"http://hl7.org/fhir/R4/shareablecodesystem.html\">Shareable CodeSystem</a></p></div><p><b>Propriétés</b></p><p><b>Cette terminologie de référence (CodeSystem) définit les propriétés suivantes pour ses concepts</b></p><table class=\"grid\"><tr><td><b>Nom</b></td><td><b>Code</b></td><td><b>URI</b></td><td><b>Type</b></td><td><b>Description</b></td></tr><tr><td>dateValid</td><td>dateValid</td><td/><td>dateTime</td><td>date de validité d'un code concept</td></tr><tr><td>dateMaj</td><td>dateMaj</td><td/><td>dateTime</td><td>Date de mise à jour d'un code concept</td></tr><tr><td>dateFin</td><td>dateFin</td><td/><td>dateTime</td><td>Date de fin d'exploitation d'un code concept</td></tr><tr><td>status</td><td>status</td><td>http://hl7.org/fhir/concept-properties#status</td><td>code</td><td>Statut d'un code concept</td></tr><tr><td>deprecationDate</td><td>deprecationDate</td><td>http://hl7.org/fhir/concept-properties#deprecationDate</td><td>dateTime</td><td>Date de dépréciation du code</td></tr><tr><td>retirementDate</td><td>retirementDate</td><td>http://hl7.org/fhir/concept-properties#retirementDate</td><td>dateTime</td><td>Date de retrait du code</td></tr></table><p><b>Concepts</b></p><p>This case-insensitive code system <code>https://smt.esante.gouv.fr/fhir/CodeSystem/tre-r393-type-contrat-sejour</code> defines the following codes:</p><table class=\"codes\"><tr><td style=\"white-space:nowrap\"><b>Code</b></td><td><b>Display</b></td><td><b>Définition</b></td><td><b>dateValid</b></td><td><b>dateMaj</b></td><td><b>status</b></td></tr><tr><td style=\"white-space:nowrap\">CS<a name=\"tre-r393-type-contrat-sejour-CS\"> </a></td><td>Contrat de séjour</td><td>Le contrat de séjour en établissement médico-social est un document essentiel définissant les engagements réciproques entre l'établissement et la personne accueillie. Obligatoire pour les séjours d'une durée prévisionnelle supérieure à deux mois, il précise les prestations, leur coût, et les conditions de séjour.</td><td>2025-05-21T12:00:00+01:00</td><td>2025-05-21T12:00:00+01:00</td><td>active</td></tr><tr><td style=\"white-space:nowrap\">DIPC<a name=\"tre-r393-type-contrat-sejour-DIPC\"> </a></td><td>Document Individuel de Prise en Charge</td><td>Le DIPC, contrat unilatéral, a toutefois un contenu identique à celui du contrat de séjour. Un document individuel de prise en charge doit être conclu entre la personne accompagnée (ou son représentant légal) et l'établissement.</td><td>2025-05-21T12:00:00+01:00</td><td>2025-05-21T12:00:00+01:00</td><td>active</td></tr></table></div>"
  },
  "extension" : [{
    "url" : "http://hl7.org/fhir/StructureDefinition/resource-effectivePeriod",
    "valuePeriod" : {
      "start" : "2025-04-22T12:00:00+01:00"
    }
  }],
  "url" : "https://smt.esante.gouv.fr/fhir/CodeSystem/tre-r393-type-contrat-sejour",
  "identifier" : [{
    "system" : "urn:ietf:rfc:3986",
    "value" : "urn:oid:1.2.250.1.213.3.3.260"
  }],
  "version" : "20250521120000",
  "name" : "TreR393TypeContratSejour",
  "title" : "Tre R393 Type Contrat Sejour",
  "status" : "active",
  "experimental" : false,
  "date" : "2025-05-21T12:00:00+01:00",
  "publisher" : "Agence du Numérique en Santé (ANS) - 2-10 Rue d'Oradour-sur-Glane, 75015 Paris",
  "description" : "Type de contrat conclu entre l’établissement/service et la personne/son représentant légal lors de son entrée en établissement",
  "jurisdiction" : [{
    "coding" : [{
      "system" : "urn:iso:std:iso:3166",
      "code" : "FR"
    }]
  }],
  "caseSensitive" : false,
  "valueSet" : "https://smt.esante.gouv.fr/fhir/CodeSystem/tre-r393-type-contrat-sejour?vs",
  "content" : "complete",
  "count" : 2,
  "property" : [{
    "code" : "dateValid",
    "description" : "date de validité d'un code concept",
    "type" : "dateTime"
  },
  {
    "code" : "dateMaj",
    "description" : "Date de mise à jour d'un code concept",
    "type" : "dateTime"
  },
  {
    "code" : "dateFin",
    "description" : "Date de fin d'exploitation d'un code concept",
    "type" : "dateTime"
  },
  {
    "code" : "status",
    "uri" : "http://hl7.org/fhir/concept-properties#status",
    "description" : "Statut d'un code concept",
    "type" : "code"
  },
  {
    "code" : "deprecationDate",
    "uri" : "http://hl7.org/fhir/concept-properties#deprecationDate",
    "description" : "Date de dépréciation du code",
    "type" : "dateTime"
  },
  {
    "code" : "retirementDate",
    "uri" : "http://hl7.org/fhir/concept-properties#retirementDate",
    "description" : "Date de retrait du code",
    "type" : "dateTime"
  }],
  "concept" : [{
    "code" : "CS",
    "display" : "Contrat de séjour",
    "definition" : "Le contrat de séjour en établissement médico-social est un document essentiel définissant les engagements réciproques entre l'établissement et la personne accueillie. Obligatoire pour les séjours d'une durée prévisionnelle supérieure à deux mois, il précise les prestations, leur coût, et les conditions de séjour.",
    "property" : [{
      "code" : "dateValid",
      "valueDateTime" : "2025-05-21T12:00:00+01:00"
    },
    {
      "code" : "dateMaj",
      "valueDateTime" : "2025-05-21T12:00:00+01:00"
    },
    {
      "code" : "status",
      "valueCode" : "active"
    }]
  },
  {
    "code" : "DIPC",
    "display" : "Document Individuel de Prise en Charge",
    "definition" : "Le DIPC, contrat unilatéral, a toutefois un contenu identique à celui du contrat de séjour. Un document individuel de prise en charge doit être conclu entre la personne accompagnée (ou son représentant légal) et l'établissement.",
    "property" : [{
      "code" : "dateValid",
      "valueDateTime" : "2025-05-21T12:00:00+01:00"
    },
    {
      "code" : "dateMaj",
      "valueDateTime" : "2025-05-21T12:00:00+01:00"
    },
    {
      "code" : "status",
      "valueCode" : "active"
    }]
  }]
}