{
  "resourceType" : "CodeSystem",
  "id" : "TRE-R369-ProfilUtilisateurReferentielNational",
  "meta" : {
    "versionId" : "6",
    "lastUpdated" : "2025-03-31T18:11:30.372+00:00",
    "profile" : ["http://hl7.org/fhir/StructureDefinition/shareablecodesystem"]
  },
  "text" : {
    "status" : "generated",
    "div" : "<div xmlns=\"http://www.w3.org/1999/xhtml\"><p class=\"res-header-id\"><b>Generated Narrative: CodeSystem TRE-R369-ProfilUtilisateurReferentielNational</b></p><a name=\"TRE-R369-ProfilUtilisateurReferentielNational\"> </a><a name=\"hcTRE-R369-ProfilUtilisateurReferentielNational\"> </a><a name=\"TRE-R369-ProfilUtilisateurReferentielNational-fr-FR\"> </a><div style=\"display: inline-block; background-color: #d9e0e7; padding: 6px; margin: 4px; border: 1px solid #8da1b4; border-radius: 5px; line-height: 60%\"><p style=\"margin-bottom: 0px\">version: 6; Last updated: 2025-03-31 18:11:30+0000</p><p style=\"margin-bottom: 0px\">Profil: <a href=\"http://hl7.org/fhir/R4/shareablecodesystem.html\">Shareable CodeSystem</a></p></div><p><b>Propriétés</b></p><p><b>Cette terminologie de référence (CodeSystem) définit les propriétés suivantes pour ses concepts</b></p><table class=\"grid\"><tr><td><b>Nom</b></td><td><b>Code</b></td><td><b>URI</b></td><td><b>Type</b></td><td><b>Description</b></td></tr><tr><td>dateValid</td><td>dateValid</td><td/><td>dateTime</td><td>date de validité d'un code concept</td></tr><tr><td>dateMaj</td><td>dateMaj</td><td/><td>dateTime</td><td>Date de mise à jour d'un code concept</td></tr><tr><td>dateFin</td><td>dateFin</td><td/><td>dateTime</td><td>Date de fin d'exploitation d'un code concept</td></tr><tr><td>deprecationDate</td><td>deprecationDate</td><td>http://hl7.org/fhir/concept-properties#deprecationDate</td><td>dateTime</td><td>Date Concept was deprecated</td></tr><tr><td>status</td><td>status</td><td>http://hl7.org/fhir/concept-properties#status</td><td>code</td><td>A property that indicates the status of the concept.</td></tr><tr><td>retirementDate</td><td>retirementDate</td><td>http://hl7.org/fhir/concept-properties#retirementDate</td><td>dateTime</td><td>Date Concept was retired</td></tr></table><p><b>Concepts</b></p><p>This case-insensitive code system <code>https://mos.esante.gouv.fr/NOS/TRE_R369_ProfilUtilisateurReferentielNational/FHIR/TRE-R369-ProfilUtilisateurReferentielNational</code> defines the following codes:</p><table class=\"codes\"><tr><td style=\"white-space:nowrap\"><b>Code</b></td><td><b>Display</b></td><td><b>dateValid</b></td><td><b>dateMaj</b></td><td><b>status</b></td><td><b>French (France) (fr)</b></td></tr><tr><td style=\"white-space:nowrap\">ADMIN_NAT<a name=\"TRE-R369-ProfilUtilisateurReferentielNational-ADMIN_NAT\"> </a></td><td>Administrateur National</td><td>2024-10-25T12:00:00+01:00</td><td>2024-10-25T12:00:00+01:00</td><td>active</td><td/></tr><tr><td style=\"white-space:nowrap\">ADMIN_REG<a name=\"TRE-R369-ProfilUtilisateurReferentielNational-ADMIN_REG\"> </a></td><td>Administrateur Régional</td><td>2024-10-25T12:00:00+01:00</td><td>2024-10-25T12:00:00+01:00</td><td>active</td><td/></tr><tr><td style=\"white-space:nowrap\">RESP_QA<a name=\"TRE-R369-ProfilUtilisateurReferentielNational-RESP_QA\"> </a></td><td>Responsable Qualité</td><td>2024-10-25T12:00:00+01:00</td><td>2024-10-25T12:00:00+01:00</td><td>active</td><td/></tr><tr><td style=\"white-space:nowrap\">RESP_OFFRE_STRUCT<a name=\"TRE-R369-ProfilUtilisateurReferentielNational-RESP_OFFRE_STRUCT\"> </a></td><td>Responsable Offre de structure</td><td>2024-10-25T12:00:00+01:00</td><td>2024-10-25T12:00:00+01:00</td><td>active</td><td/></tr><tr><td style=\"white-space:nowrap\">RESP_DISPO_PLACE<a name=\"TRE-R369-ProfilUtilisateurReferentielNational-RESP_DISPO_PLACE\"> </a></td><td>Responsable Disponibilité en lit / place</td><td>2024-10-25T12:00:00+01:00</td><td>2024-10-25T12:00:00+01:00</td><td>active</td><td/></tr><tr><td style=\"white-space:nowrap\">PORTEUR_OFFRE<a name=\"TRE-R369-ProfilUtilisateurReferentielNational-PORTEUR_OFFRE\"> </a></td><td>Porteur d'offre</td><td>2024-10-25T12:00:00+01:00</td><td>2024-10-25T12:00:00+01:00</td><td>active</td><td/></tr><tr><td style=\"white-space:nowrap\">PSL<a name=\"TRE-R369-ProfilUtilisateurReferentielNational-PSL\"> </a></td><td>Professionnel de Santé Libéral (PSL)</td><td>2024-10-25T12:00:00+01:00</td><td>2024-10-25T12:00:00+01:00</td><td>active</td><td/></tr><tr><td style=\"white-space:nowrap\">ADMIN_METIER<a name=\"TRE-R369-ProfilUtilisateurReferentielNational-ADMIN_METIER\"> </a></td><td>Administrateur Métier</td><td>2024-12-13T12:00:00+01:00</td><td>2024-12-13T12:00:00+01:00</td><td>active</td><td/></tr><tr><td style=\"white-space:nowrap\">SUPPORT<a name=\"TRE-R369-ProfilUtilisateurReferentielNational-SUPPORT\"> </a></td><td>Support</td><td>2024-12-13T12:00:00+01:00</td><td>2024-12-13T12:00:00+01:00</td><td>active</td><td/></tr><tr><td style=\"white-space:nowrap\">REF_MSP<a name=\"TRE-R369-ProfilUtilisateurReferentielNational-REF_MSP\"> </a></td><td>Référent Maison de Santé Pluriprofessionnelle</td><td>2024-12-13T12:00:00+01:00</td><td>2024-12-13T12:00:00+01:00</td><td>active</td><td/></tr><tr><td style=\"white-space:nowrap\">REF_DISPO_PLACE<a name=\"TRE-R369-ProfilUtilisateurReferentielNational-REF_DISPO_PLACE\"> </a></td><td>Référent saisie disponibilité en lit / place</td><td>2025-03-28T12:00:00+01:00</td><td>2025-03-28T12:00:00+01:00</td><td>active</td><td>Référent saisie lit / place</td></tr></table></div>"
  },
  "extension" : [{
    "url" : "http://hl7.org/fhir/StructureDefinition/resource-effectivePeriod",
    "valuePeriod" : {
      "start" : "2024-10-25T12:00:00+01:00"
    }
  }],
  "url" : "https://mos.esante.gouv.fr/NOS/TRE_R369_ProfilUtilisateurReferentielNational/FHIR/TRE-R369-ProfilUtilisateurReferentielNational",
  "identifier" : [{
    "system" : "urn:ietf:rfc:3986",
    "value" : "urn:oid:1.2.250.1.213.3.3.255"
  }],
  "version" : "20250328120000",
  "name" : "TRE_R369_ProfilUtilisateurReferentielNational",
  "status" : "active",
  "experimental" : false,
  "date" : "2025-03-28T12:00:00+01:00",
  "publisher" : "Agence du Numérique en Santé (ANS) - 2-10 Rue d'Oradour-sur-Glane, 75015 Paris",
  "description" : "Profils utilisateur d'un référentiel national",
  "jurisdiction" : [{
    "coding" : [{
      "system" : "urn:iso:std:iso:3166",
      "code" : "FR"
    }]
  }],
  "caseSensitive" : false,
  "content" : "complete",
  "property" : [{
    "code" : "dateValid",
    "description" : "date de validité d'un code concept",
    "type" : "dateTime"
  },
  {
    "code" : "dateMaj",
    "description" : "Date de mise à jour d'un code concept",
    "type" : "dateTime"
  },
  {
    "code" : "dateFin",
    "description" : "Date de fin d'exploitation d'un code concept",
    "type" : "dateTime"
  },
  {
    "code" : "deprecationDate",
    "uri" : "http://hl7.org/fhir/concept-properties#deprecationDate",
    "description" : "Date Concept was deprecated",
    "type" : "dateTime"
  },
  {
    "code" : "status",
    "uri" : "http://hl7.org/fhir/concept-properties#status",
    "description" : "A property that indicates the status of the concept.",
    "type" : "code"
  },
  {
    "code" : "retirementDate",
    "uri" : "http://hl7.org/fhir/concept-properties#retirementDate",
    "description" : "Date Concept was retired",
    "type" : "dateTime"
  }],
  "concept" : [{
    "code" : "ADMIN_NAT",
    "display" : "Administrateur National",
    "property" : [{
      "code" : "dateValid",
      "valueDateTime" : "2024-10-25T12:00:00+01:00"
    },
    {
      "code" : "dateMaj",
      "valueDateTime" : "2024-10-25T12:00:00+01:00"
    },
    {
      "code" : "status",
      "valueCode" : "active"
    }]
  },
  {
    "code" : "ADMIN_REG",
    "display" : "Administrateur Régional",
    "property" : [{
      "code" : "dateValid",
      "valueDateTime" : "2024-10-25T12:00:00+01:00"
    },
    {
      "code" : "dateMaj",
      "valueDateTime" : "2024-10-25T12:00:00+01:00"
    },
    {
      "code" : "status",
      "valueCode" : "active"
    }]
  },
  {
    "code" : "RESP_QA",
    "display" : "Responsable Qualité",
    "property" : [{
      "code" : "dateValid",
      "valueDateTime" : "2024-10-25T12:00:00+01:00"
    },
    {
      "code" : "dateMaj",
      "valueDateTime" : "2024-10-25T12:00:00+01:00"
    },
    {
      "code" : "status",
      "valueCode" : "active"
    }]
  },
  {
    "code" : "RESP_OFFRE_STRUCT",
    "display" : "Responsable Offre de structure",
    "property" : [{
      "code" : "dateValid",
      "valueDateTime" : "2024-10-25T12:00:00+01:00"
    },
    {
      "code" : "dateMaj",
      "valueDateTime" : "2024-10-25T12:00:00+01:00"
    },
    {
      "code" : "status",
      "valueCode" : "active"
    }]
  },
  {
    "code" : "RESP_DISPO_PLACE",
    "display" : "Responsable Disponibilité en lit / place",
    "property" : [{
      "code" : "dateValid",
      "valueDateTime" : "2024-10-25T12:00:00+01:00"
    },
    {
      "code" : "dateMaj",
      "valueDateTime" : "2024-10-25T12:00:00+01:00"
    },
    {
      "code" : "status",
      "valueCode" : "active"
    }]
  },
  {
    "code" : "PORTEUR_OFFRE",
    "display" : "Porteur d'offre",
    "property" : [{
      "code" : "dateValid",
      "valueDateTime" : "2024-10-25T12:00:00+01:00"
    },
    {
      "code" : "dateMaj",
      "valueDateTime" : "2024-10-25T12:00:00+01:00"
    },
    {
      "code" : "status",
      "valueCode" : "active"
    }]
  },
  {
    "code" : "PSL",
    "display" : "Professionnel de Santé Libéral (PSL)",
    "property" : [{
      "code" : "dateValid",
      "valueDateTime" : "2024-10-25T12:00:00+01:00"
    },
    {
      "code" : "dateMaj",
      "valueDateTime" : "2024-10-25T12:00:00+01:00"
    },
    {
      "code" : "status",
      "valueCode" : "active"
    }]
  },
  {
    "code" : "ADMIN_METIER",
    "display" : "Administrateur Métier",
    "property" : [{
      "code" : "dateValid",
      "valueDateTime" : "2024-12-13T12:00:00+01:00"
    },
    {
      "code" : "dateMaj",
      "valueDateTime" : "2024-12-13T12:00:00+01:00"
    },
    {
      "code" : "status",
      "valueCode" : "active"
    }]
  },
  {
    "code" : "SUPPORT",
    "display" : "Support",
    "property" : [{
      "code" : "dateValid",
      "valueDateTime" : "2024-12-13T12:00:00+01:00"
    },
    {
      "code" : "dateMaj",
      "valueDateTime" : "2024-12-13T12:00:00+01:00"
    },
    {
      "code" : "status",
      "valueCode" : "active"
    }]
  },
  {
    "code" : "REF_MSP",
    "display" : "Référent Maison de Santé Pluriprofessionnelle",
    "property" : [{
      "code" : "dateValid",
      "valueDateTime" : "2024-12-13T12:00:00+01:00"
    },
    {
      "code" : "dateMaj",
      "valueDateTime" : "2024-12-13T12:00:00+01:00"
    },
    {
      "code" : "status",
      "valueCode" : "active"
    }]
  },
  {
    "code" : "REF_DISPO_PLACE",
    "display" : "Référent saisie disponibilité en lit / place",
    "designation" : [{
      "language" : "fr-FR",
      "use" : {
        "system" : "http://snomed.info/sct",
        "code" : "900000000000013009"
      },
      "value" : "Référent saisie lit / place"
    }],
    "property" : [{
      "code" : "dateValid",
      "valueDateTime" : "2025-03-28T12:00:00+01:00"
    },
    {
      "code" : "dateMaj",
      "valueDateTime" : "2025-03-28T12:00:00+01:00"
    },
    {
      "code" : "status",
      "valueCode" : "active"
    }]
  }]
}