<?xml version="1.0" encoding="UTF-8"?><CodeSystem xmlns="http://hl7.org/fhir"><id value="TRE-R231-PalierAuthentification"/><meta><versionId value="5"/><lastUpdated value="2025-07-02T18:16:19.952+00:00"/><profile value="http://hl7.org/fhir/StructureDefinition/shareablecodesystem"/></meta><text><status value="generated"/><div xmlns="http://www.w3.org/1999/xhtml"><p class="res-header-id"><b>Narratif généré : CodeSystem TRE-R231-PalierAuthentification</b></p><a name="TRE-R231-PalierAuthentification"> </a><a name="hcTRE-R231-PalierAuthentification"> </a><div style="display: inline-block; background-color: #d9e0e7; padding: 6px; margin: 4px; border: 1px solid #8da1b4; border-radius: 5px; line-height: 60%"><p style="margin-bottom: 0px">version: 4; Dernière mise à jour : 2024-08-28 05:12:37+0000</p><p style="margin-bottom: 0px">Profil: <a href="http://hl7.org/fhir/R4/shareablecodesystem.html">Shareable CodeSystem</a></p></div><p><b>Propriétés</b></p><p><b>Cette terminologie de référence (CodeSystem) définit les propriétés suivantes pour ses concepts</b></p><table class="grid"><tr><td><b>Nom</b></td><td><b>Code</b></td><td><b>Type</b></td><td><b>Description</b></td></tr><tr><td>dateValid</td><td>dateValid</td><td>dateTime</td><td>date de validité d'un code concept</td></tr><tr><td>dateMaj</td><td>dateMaj</td><td>dateTime</td><td>Date de mise à jour d'un code concept</td></tr><tr><td>dateFin</td><td>dateFin</td><td>dateTime</td><td>Date de fin d'exploitation d'un code concept</td></tr></table><p><b>Concepts</b></p><p>This case-insensitive code system <code>https://mos.esante.gouv.fr/NOS/TRE_R231-PalierAuthentification/FHIR/TRE-R231-PalierAuthentification</code> defines the following codes:</p><table class="codes"><tr><td style="white-space:nowrap"><b>Code</b></td><td><b>Display</b></td><td><b>dateValid</b></td><td><b>dateMaj</b></td><td><b>French (France) (fr)</b></td></tr><tr><td style="white-space:nowrap">APMPUBP2<a name="TRE-R231-PalierAuthentification-APMPUBP2"> </a></td><td>Palier 2 authent. pub acteurs sanitaires, médico-sociaux et sociaux PM</td><td>2017-07-07T10:00:00+01:00</td><td>2017-07-07T10:00:00+01:00</td><td>P2 auth pub act smss PM</td></tr><tr><td style="white-space:nowrap">APMPUBP3<a name="TRE-R231-PalierAuthentification-APMPUBP3"> </a></td><td>Palier 3 authent. pub acteurs sanitaires, médico-sociaux et sociaux PM</td><td>2017-07-07T10:00:00+01:00</td><td>2017-07-07T10:00:00+01:00</td><td>P3 auth pub act smss PM</td></tr><tr><td style="white-space:nowrap">APPPRIP1<a name="TRE-R231-PalierAuthentification-APPPRIP1"> </a></td><td>Palier 1 authent. privée acteurs sanitaires, médico-sociaux et sociaux PP</td><td>2017-07-07T10:00:00+01:00</td><td>2017-07-07T10:00:00+01:00</td><td>P1 auth pri act smss PP</td></tr><tr><td style="white-space:nowrap">APPPRIP2<a name="TRE-R231-PalierAuthentification-APPPRIP2"> </a></td><td>Palier 2 authent. privée acteurs sanitaires, médico-sociaux et sociaux PP</td><td>2017-07-07T10:00:00+01:00</td><td>2017-07-07T10:00:00+01:00</td><td>P2 auth pri act smss PP</td></tr><tr><td style="white-space:nowrap">APPPRIP3<a name="TRE-R231-PalierAuthentification-APPPRIP3"> </a></td><td>Palier 3 authent. privée acteurs sanitaires, médico-sociaux et sociaux PP</td><td>2017-07-07T10:00:00+01:00</td><td>2017-07-07T10:00:00+01:00</td><td>P3 auth pri act smss PP</td></tr><tr><td style="white-space:nowrap">APPPUBP2<a name="TRE-R231-PalierAuthentification-APPPUBP2"> </a></td><td>Palier 2 authent. pub acteurs sanitaires, médico-sociaux et sociaux PP</td><td>2017-07-07T10:00:00+01:00</td><td>2017-07-07T10:00:00+01:00</td><td>P2 auth pub act smss PP</td></tr><tr><td style="white-space:nowrap">APPPUBP3<a name="TRE-R231-PalierAuthentification-APPPUBP3"> </a></td><td>Palier 3 authent. pub acteurs sanitaires, médico-sociaux et sociaux PP</td><td>2017-07-07T10:00:00+01:00</td><td>2017-07-07T10:00:00+01:00</td><td>P3 auth pub act smss PP</td></tr></table></div></text><extension url="http://hl7.org/fhir/StructureDefinition/resource-effectivePeriod"><valuePeriod><start value="2017-07-07T10:00:00+01:00"/></valuePeriod></extension><url value="https://mos.esante.gouv.fr/NOS/TRE_R231-PalierAuthentification/FHIR/TRE-R231-PalierAuthentification"/><identifier><system value="urn:ietf:rfc:3986"/><value value="urn:oid:1.2.250.1.213.1.5.1.1.1"/></identifier><version value="20231215120000"/><name value="TRE_R231_PalierAuthentification"/><status value="active"/><experimental value="false"/><date value="2023-12-15T12:00:00+01:00"/><publisher value="Agence du Numérique en Santé (ANS) - 2-10 Rue d'Oradour-sur-Glane, 75015 Paris"/><description value="Paliers des référentiels d'authentification de la PGSSI-S"/><jurisdiction><coding><system value="urn:iso:std:iso:3166"/><code value="FR"/></coding></jurisdiction><caseSensitive value="false"/><content value="complete"/><property><code value="dateValid"/><description value="date de validité d'un code concept"/><type value="dateTime"/></property><property><code value="dateMaj"/><description value="Date de mise à jour d'un code concept"/><type value="dateTime"/></property><property><code value="dateFin"/><description value="Date de fin d'exploitation d'un code concept"/><type value="dateTime"/></property><property><code value="deprecationDate"/><uri value="http://hl7.org/fhir/concept-properties#deprecationDate"/><description value="Date Concept was deprecated"/><type value="dateTime"/></property><property><code value="status"/><uri value="http://hl7.org/fhir/concept-properties#status"/><description value="A property that indicates the status of the concept."/><type value="code"/></property><property><code value="retirementDate"/><uri value="http://hl7.org/fhir/concept-properties#retirementDate"/><description value="Date Concept was retired"/><type value="dateTime"/></property><concept><code value="APMPUBP2"/><display value="Palier 2 authent. pub acteurs sanitaires, médico-sociaux et sociaux PM"/><designation><language value="fr-FR"/><use><system value="http://snomed.info/sct"/><code value="900000000000013009"/></use><value value="P2 auth pub act smss PM"/></designation><designation><language value="fr-FR"/><use><system value="http://snomed.info/sct"/><code value="900000000000013009"/></use><value value="Palier 2 de l'authentification publique des acteurs sanitaires, médico-sociaux et sociaux personnes morales"/></designation><property><code value="dateValid"/><valueDateTime value="2017-07-07T10:00:00+01:00"/></property><property><code value="dateMaj"/><valueDateTime value="2017-07-07T10:00:00+01:00"/></property><property><code value="status"/><valueCode value="active"/></property></concept><concept><code value="APMPUBP3"/><display value="Palier 3 authent. pub acteurs sanitaires, médico-sociaux et sociaux PM"/><designation><language value="fr-FR"/><use><system value="http://snomed.info/sct"/><code value="900000000000013009"/></use><value value="P3 auth pub act smss PM"/></designation><designation><language value="fr-FR"/><use><system value="http://snomed.info/sct"/><code value="900000000000013009"/></use><value value="Palier 3 de l'authentification publique des acteurs sanitaires, médico-sociaux et sociaux personnes morales"/></designation><property><code value="dateValid"/><valueDateTime value="2017-07-07T10:00:00+01:00"/></property><property><code value="dateMaj"/><valueDateTime value="2017-07-07T10:00:00+01:00"/></property><property><code value="status"/><valueCode value="active"/></property></concept><concept><code value="APPPRIP1"/><display value="Palier 1 authent. privée acteurs sanitaires, médico-sociaux et sociaux PP"/><designation><language value="fr-FR"/><use><system value="http://snomed.info/sct"/><code value="900000000000013009"/></use><value value="P1 auth pri act smss PP"/></designation><designation><language value="fr-FR"/><use><system value="http://snomed.info/sct"/><code value="900000000000013009"/></use><value value="Palier 1 de l'authentification privée des acteurs sanitaires, médico-sociaux et sociaux personnes physiques"/></designation><property><code value="dateValid"/><valueDateTime value="2017-07-07T10:00:00+01:00"/></property><property><code value="dateMaj"/><valueDateTime value="2017-07-07T10:00:00+01:00"/></property><property><code value="status"/><valueCode value="active"/></property></concept><concept><code value="APPPRIP2"/><display value="Palier 2 authent. privée acteurs sanitaires, médico-sociaux et sociaux PP"/><designation><language value="fr-FR"/><use><system value="http://snomed.info/sct"/><code value="900000000000013009"/></use><value value="P2 auth pri act smss PP"/></designation><designation><language value="fr-FR"/><use><system value="http://snomed.info/sct"/><code value="900000000000013009"/></use><value value="Palier 2 de l'authentification privée des acteurs sanitaires, médico-sociaux et sociaux personnes physiques"/></designation><property><code value="dateValid"/><valueDateTime value="2017-07-07T10:00:00+01:00"/></property><property><code value="dateMaj"/><valueDateTime value="2017-07-07T10:00:00+01:00"/></property><property><code value="status"/><valueCode value="active"/></property></concept><concept><code value="APPPRIP3"/><display value="Palier 3 authent. privée acteurs sanitaires, médico-sociaux et sociaux PP"/><designation><language value="fr-FR"/><use><system value="http://snomed.info/sct"/><code value="900000000000013009"/></use><value value="P3 auth pri act smss PP"/></designation><designation><language value="fr-FR"/><use><system value="http://snomed.info/sct"/><code value="900000000000013009"/></use><value value="Palier 3 de l'authentification privée des acteurs sanitaires, médico-sociaux et sociaux personnes physiques"/></designation><property><code value="dateValid"/><valueDateTime value="2017-07-07T10:00:00+01:00"/></property><property><code value="dateMaj"/><valueDateTime value="2017-07-07T10:00:00+01:00"/></property><property><code value="status"/><valueCode value="active"/></property></concept><concept><code value="APPPUBP2"/><display value="Palier 2 authent. pub acteurs sanitaires, médico-sociaux et sociaux PP"/><designation><language value="fr-FR"/><use><system value="http://snomed.info/sct"/><code value="900000000000013009"/></use><value value="P2 auth pub act smss PP"/></designation><designation><language value="fr-FR"/><use><system value="http://snomed.info/sct"/><code value="900000000000013009"/></use><value value="Palier 2 de l'authentification publique des acteurs sanitaires, médico-sociaux et sociaux personnes physiques"/></designation><property><code value="dateValid"/><valueDateTime value="2017-07-07T10:00:00+01:00"/></property><property><code value="dateMaj"/><valueDateTime value="2017-07-07T10:00:00+01:00"/></property><property><code value="status"/><valueCode value="active"/></property></concept><concept><code value="APPPUBP3"/><display value="Palier 3 authent. pub acteurs sanitaires, médico-sociaux et sociaux PP"/><designation><language value="fr-FR"/><use><system value="http://snomed.info/sct"/><code value="900000000000013009"/></use><value value="P3 auth pub act smss PP"/></designation><designation><language value="fr-FR"/><use><system value="http://snomed.info/sct"/><code value="900000000000013009"/></use><value value="Palier 3 de l'authentification publique des acteurs sanitaires, médico-sociaux et sociaux personnes physiques"/></designation><property><code value="dateValid"/><valueDateTime value="2017-07-07T10:00:00+01:00"/></property><property><code value="dateMaj"/><valueDateTime value="2017-07-07T10:00:00+01:00"/></property><property><code value="status"/><valueCode value="active"/></property></concept></CodeSystem>