<?xml version="1.0" encoding="UTF-8"?><CodeSystem xmlns="http://hl7.org/fhir"><id value="TRE-R254-TypeEvenement"/><meta><versionId value="6"/><lastUpdated value="2025-07-02T18:16:40.556+00:00"/><profile value="http://hl7.org/fhir/StructureDefinition/shareablecodesystem"/></meta><text><status value="generated"/><div xmlns="http://www.w3.org/1999/xhtml"><p class="res-header-id"><b>Narratif généré : CodeSystem TRE-R254-TypeEvenement</b></p><a name="TRE-R254-TypeEvenement"> </a><a name="hcTRE-R254-TypeEvenement"> </a><div style="display: inline-block; background-color: #d9e0e7; padding: 6px; margin: 4px; border: 1px solid #8da1b4; border-radius: 5px; line-height: 60%"><p style="margin-bottom: 0px">version: 5; Dernière mise à jour : 2024-08-28 05:12:49+0000</p><p style="margin-bottom: 0px">Profil: <a href="http://hl7.org/fhir/R4/shareablecodesystem.html">Shareable CodeSystem</a></p></div><p><b>Propriétés</b></p><p><b>Cette terminologie de référence (CodeSystem) définit les propriétés suivantes pour ses concepts</b></p><table class="grid"><tr><td><b>Nom</b></td><td><b>Code</b></td><td><b>Type</b></td><td><b>Description</b></td></tr><tr><td>dateValid</td><td>dateValid</td><td>dateTime</td><td>date de validité d'un code concept</td></tr><tr><td>dateMaj</td><td>dateMaj</td><td>dateTime</td><td>Date de mise à jour d'un code concept</td></tr><tr><td>dateFin</td><td>dateFin</td><td>dateTime</td><td>Date de fin d'exploitation d'un code concept</td></tr></table><p><b>Concepts</b></p><p>This case-insensitive code system <code>https://mos.esante.gouv.fr/NOS/TRE_R254-TypeEvenement/FHIR/TRE-R254-TypeEvenement</code> defines the following codes:</p><table class="codes"><tr><td style="white-space:nowrap"><b>Code</b></td><td><b>Display</b></td><td><b>Définition</b></td><td><b>dateValid</b></td><td><b>dateMaj</b></td><td><b>dateFin</b></td><td><b>French (France) (fr)</b></td></tr><tr><td style="white-space:nowrap">ADM<a name="TRE-R254-TypeEvenement-ADM"> </a></td><td>Admission d'un patient dans un établissement de santé</td><td/><td>2018-03-30T12:00:00+01:00</td><td>2018-03-30T12:00:00+01:00</td><td/><td/></tr><tr><td style="white-space:nowrap">AUT<a name="TRE-R254-TypeEvenement-AUT"> </a></td><td>Autorisation de paiement de la facture des dispositifs médicaux</td><td/><td>2020-08-28T12:00:00+01:00</td><td>2020-08-28T12:00:00+01:00</td><td/><td/></tr><tr><td style="white-space:nowrap">CDM<a name="TRE-R254-TypeEvenement-CDM"> </a></td><td>Commande de dispositifs médicaux</td><td>Commande de dispositifs médicaux de l'établissement de santé auprès d'un fabricant</td><td>2022-06-24T12:00:00+01:00</td><td>2022-06-24T12:00:00+01:00</td><td/><td/></tr><tr><td style="white-space:nowrap">DEL<a name="TRE-R254-TypeEvenement-DEL"> </a></td><td>Délivrance des dispositifs médicaux</td><td/><td>2019-12-13T12:00:00+01:00</td><td>2020-08-28T12:00:00+01:00</td><td/><td>Délivrance des dispositifs médicaux au service en charge de la pose chez le patient</td></tr><tr><td style="white-space:nowrap">DEM<a name="TRE-R254-TypeEvenement-DEM"> </a></td><td>Demande de dispositifs médicaux à la pharmacie de l'établissement de santé</td><td/><td>2020-08-28T12:00:00+01:00</td><td>2020-08-28T12:00:00+01:00</td><td/><td/></tr><tr><td style="white-space:nowrap">DOC<a name="TRE-R254-TypeEvenement-DOC"> </a></td><td>Dépôt de document pour un patient</td><td/><td>2018-03-30T12:00:00+01:00</td><td>2018-03-30T12:00:00+01:00</td><td/><td/></tr><tr><td style="white-space:nowrap">ECH<a name="TRE-R254-TypeEvenement-ECH"> </a></td><td>Echec de pose du dispositif médical</td><td/><td>2019-12-13T12:00:00+01:00</td><td>2019-12-13T12:00:00+01:00</td><td/><td/></tr><tr><td style="white-space:nowrap">ESD<a name="TRE-R254-TypeEvenement-ESD"> </a></td><td>Entrée de stock des dispositifs médicaux au sein de l'établissement de santé</td><td/><td>2019-12-13T12:00:00+01:00</td><td>2020-08-28T12:00:00+01:00</td><td/><td/></tr><tr><td style="white-space:nowrap">NCO<a name="TRE-R254-TypeEvenement-NCO"> </a></td><td>DM non-conforme, avec un risque inacceptable pour la santé et la sécurité</td><td/><td>2019-12-13T12:00:00+01:00</td><td>2019-12-13T12:00:00+01:00</td><td/><td>Dispositif médical non-conforme, présentant un risque inacceptable pour la santé et la sécurité</td></tr><tr><td style="white-space:nowrap">NOT<a name="TRE-R254-TypeEvenement-NOT"> </a></td><td>Création d'une note pour un patient dans le cahier de liaison</td><td/><td>2018-03-30T12:00:00+01:00</td><td>2018-03-30T12:00:00+01:00</td><td/><td/></tr><tr><td style="white-space:nowrap">NRE<a name="TRE-R254-TypeEvenement-NRE"> </a></td><td>Réception non valide du dispositif médical par l'établissement de santé</td><td/><td>2020-08-28T12:00:00+01:00</td><td>2020-08-28T12:00:00+01:00</td><td/><td/></tr><tr><td style="white-space:nowrap">NREC<a name="TRE-R254-TypeEvenement-NREC"> </a></td><td>Réception NOK du DM par l'établissement de santé ou le service utilisateur</td><td/><td>2019-12-13T12:00:00+01:00</td><td>2020-08-28T12:00:00+01:00</td><td>2020-08-28T12:00:00+01:00</td><td>Réception non valide d'un dispositif médical par l'établissement de santé ou le service utilisateur</td></tr><tr><td style="white-space:nowrap">PER<a name="TRE-R254-TypeEvenement-PER"> </a></td><td>Dispositif médical périmé</td><td/><td>2019-12-13T12:00:00+01:00</td><td>2019-12-13T12:00:00+01:00</td><td/><td/></tr><tr><td style="white-space:nowrap">POS<a name="TRE-R254-TypeEvenement-POS"> </a></td><td>Pose du dispositif médical</td><td/><td>2019-12-13T12:00:00+01:00</td><td>2019-12-13T12:00:00+01:00</td><td/><td/></tr><tr><td style="white-space:nowrap">REA<a name="TRE-R254-TypeEvenement-REA"> </a></td><td>Demande de réassort en DM</td><td/><td>2020-08-28T12:00:00+01:00</td><td>2020-08-28T12:00:00+01:00</td><td/><td>Demande de réassort en dispositifs médicaux</td></tr><tr><td style="white-space:nowrap">REC<a name="TRE-R254-TypeEvenement-REC"> </a></td><td>Réception valide du dispositif médical par l'établissement de santé</td><td/><td>2019-12-13T12:00:00+01:00</td><td>2020-08-28T12:00:00+01:00</td><td/><td/></tr><tr><td style="white-space:nowrap">REP<a name="TRE-R254-TypeEvenement-REP"> </a></td><td>Réponse de la pharmacie au service responsable de la demande</td><td/><td>2020-08-28T12:00:00+01:00</td><td>2020-08-28T12:00:00+01:00</td><td/><td>Réponse de la pharmacie de l'établissement de santé au service responsable de la demande</td></tr><tr><td style="white-space:nowrap">SDM<a name="TRE-R254-TypeEvenement-SDM"> </a></td><td>Suppression de la demande de dispositif médicaux</td><td/><td>2020-08-28T12:00:00+01:00</td><td>2020-08-28T12:00:00+01:00</td><td/><td/></tr><tr><td style="white-space:nowrap">SOR<a name="TRE-R254-TypeEvenement-SOR"> </a></td><td>Sortie d'un patient de l'établissement de santé</td><td/><td>2018-03-30T12:00:00+01:00</td><td>2018-03-30T12:00:00+01:00</td><td/><td/></tr><tr><td style="white-space:nowrap">SSD<a name="TRE-R254-TypeEvenement-SSD"> </a></td><td>Sortie de stock des dispositifs médicaux</td><td/><td>2019-12-13T12:00:00+01:00</td><td>2020-08-28T12:00:00+01:00</td><td/><td/></tr><tr><td style="white-space:nowrap">TRA<a name="TRE-R254-TypeEvenement-TRA"> </a></td><td>Transport des dispositifs médicaux</td><td/><td>2020-08-28T12:00:00+01:00</td><td>2020-08-28T12:00:00+01:00</td><td/><td/></tr></table></div></text><extension url="http://hl7.org/fhir/StructureDefinition/resource-effectivePeriod"><valuePeriod><start value="2018-03-30T12:00:00+01:00"/></valuePeriod></extension><url value="https://mos.esante.gouv.fr/NOS/TRE_R254-TypeEvenement/FHIR/TRE-R254-TypeEvenement"/><identifier><system value="urn:ietf:rfc:3986"/><value value="urn:oid:1.2.250.1.213.1.1.4.337"/></identifier><version value="20240329120000"/><name value="TRE_R254_TypeEvenement"/><status value="active"/><experimental value="false"/><date value="2024-03-29T12:00:00+01:00"/><publisher value="Agence du Numérique en Santé (ANS) - 2-10 Rue d'Oradour-sur-Glane, 75015 Paris"/><description value="Liste de types d'évènement"/><jurisdiction><coding><system value="urn:iso:std:iso:3166"/><code value="FR"/></coding></jurisdiction><caseSensitive value="false"/><content value="complete"/><property><code value="dateValid"/><description value="date de validité d'un code concept"/><type value="dateTime"/></property><property><code value="dateMaj"/><description value="Date de mise à jour d'un code concept"/><type value="dateTime"/></property><property><code value="dateFin"/><description value="Date de fin d'exploitation d'un code concept"/><type value="dateTime"/></property><property><code value="deprecationDate"/><uri value="http://hl7.org/fhir/concept-properties#deprecationDate"/><description value="Date Concept was deprecated"/><type value="dateTime"/></property><property><code value="status"/><uri value="http://hl7.org/fhir/concept-properties#status"/><description value="A property that indicates the status of the concept."/><type value="code"/></property><property><code value="retirementDate"/><uri value="http://hl7.org/fhir/concept-properties#retirementDate"/><description value="Date Concept was retired"/><type value="dateTime"/></property><concept><code value="ADM"/><display value="Admission d'un patient dans un établissement de santé"/><property><code value="dateValid"/><valueDateTime value="2018-03-30T12:00:00+01:00"/></property><property><code value="dateMaj"/><valueDateTime value="2018-03-30T12:00:00+01:00"/></property><property><code value="status"/><valueCode value="active"/></property></concept><concept><code value="AUT"/><display value="Autorisation de paiement de la facture des dispositifs médicaux"/><property><code value="dateValid"/><valueDateTime value="2020-08-28T12:00:00+01:00"/></property><property><code value="dateMaj"/><valueDateTime value="2020-08-28T12:00:00+01:00"/></property><property><code value="status"/><valueCode value="active"/></property></concept><concept><code value="CDM"/><display value="Commande de dispositifs médicaux"/><definition value="Commande de dispositifs médicaux de l'établissement de santé auprès d'un fabricant"/><property><code value="dateValid"/><valueDateTime value="2022-06-24T12:00:00+01:00"/></property><property><code value="dateMaj"/><valueDateTime value="2022-06-24T12:00:00+01:00"/></property><property><code value="status"/><valueCode value="active"/></property></concept><concept><code value="DEL"/><display value="Délivrance des dispositifs médicaux"/><designation><language value="fr-FR"/><use><system value="http://snomed.info/sct"/><code value="900000000000013009"/></use><value value="Délivrance des dispositifs médicaux au service en charge de la pose chez le patient"/></designation><property><code value="dateValid"/><valueDateTime value="2019-12-13T12:00:00+01:00"/></property><property><code value="dateMaj"/><valueDateTime value="2020-08-28T12:00:00+01:00"/></property><property><code value="status"/><valueCode value="active"/></property></concept><concept><code value="DEM"/><display value="Demande de dispositifs médicaux à la pharmacie de l'établissement de santé"/><property><code value="dateValid"/><valueDateTime value="2020-08-28T12:00:00+01:00"/></property><property><code value="dateMaj"/><valueDateTime value="2020-08-28T12:00:00+01:00"/></property><property><code value="status"/><valueCode value="active"/></property></concept><concept><code value="DOC"/><display value="Dépôt de document pour un patient"/><property><code value="dateValid"/><valueDateTime value="2018-03-30T12:00:00+01:00"/></property><property><code value="dateMaj"/><valueDateTime value="2018-03-30T12:00:00+01:00"/></property><property><code value="status"/><valueCode value="active"/></property></concept><concept><code value="ECH"/><display value="Echec de pose du dispositif médical"/><property><code value="dateValid"/><valueDateTime value="2019-12-13T12:00:00+01:00"/></property><property><code value="dateMaj"/><valueDateTime value="2019-12-13T12:00:00+01:00"/></property><property><code value="status"/><valueCode value="active"/></property></concept><concept><code value="ESD"/><display value="Entrée de stock des dispositifs médicaux au sein de l'établissement de santé"/><property><code value="dateValid"/><valueDateTime value="2019-12-13T12:00:00+01:00"/></property><property><code value="dateMaj"/><valueDateTime value="2020-08-28T12:00:00+01:00"/></property><property><code value="status"/><valueCode value="active"/></property></concept><concept><code value="NCO"/><display value="DM non-conforme, avec un risque inacceptable pour la santé et la sécurité"/><designation><language value="fr-FR"/><use><system value="http://snomed.info/sct"/><code value="900000000000013009"/></use><value value="Dispositif médical non-conforme, présentant un risque inacceptable pour la santé et la sécurité"/></designation><property><code value="dateValid"/><valueDateTime value="2019-12-13T12:00:00+01:00"/></property><property><code value="dateMaj"/><valueDateTime value="2019-12-13T12:00:00+01:00"/></property><property><code value="status"/><valueCode value="active"/></property></concept><concept><code value="NOT"/><display value="Création d'une note pour un patient dans le cahier de liaison"/><property><code value="dateValid"/><valueDateTime value="2018-03-30T12:00:00+01:00"/></property><property><code value="dateMaj"/><valueDateTime value="2018-03-30T12:00:00+01:00"/></property><property><code value="status"/><valueCode value="active"/></property></concept><concept><code value="NRE"/><display value="Réception non valide du dispositif médical par l'établissement de santé"/><property><code value="dateValid"/><valueDateTime value="2020-08-28T12:00:00+01:00"/></property><property><code value="dateMaj"/><valueDateTime value="2020-08-28T12:00:00+01:00"/></property><property><code value="status"/><valueCode value="active"/></property></concept><concept><code value="NREC"/><display value="Réception NOK du DM par l'établissement de santé ou le service utilisateur"/><designation><language value="fr-FR"/><use><system value="http://snomed.info/sct"/><code value="900000000000013009"/></use><value value="Réception non valide d'un dispositif médical par l'établissement de santé ou le service utilisateur"/></designation><property><code value="dateValid"/><valueDateTime value="2019-12-13T12:00:00+01:00"/></property><property><code value="dateFin"/><valueDateTime value="2020-08-28T12:00:00+01:00"/></property><property><code value="dateMaj"/><valueDateTime value="2020-08-28T12:00:00+01:00"/></property><property><code value="deprecationDate"/><valueDateTime value="2020-08-28T12:00:00+01:00"/></property><property><code value="status"/><valueCode value="deprecated"/></property></concept><concept><code value="PER"/><display value="Dispositif médical périmé"/><property><code value="dateValid"/><valueDateTime value="2019-12-13T12:00:00+01:00"/></property><property><code value="dateMaj"/><valueDateTime value="2019-12-13T12:00:00+01:00"/></property><property><code value="status"/><valueCode value="active"/></property></concept><concept><code value="POS"/><display value="Pose du dispositif médical"/><property><code value="dateValid"/><valueDateTime value="2019-12-13T12:00:00+01:00"/></property><property><code value="dateMaj"/><valueDateTime value="2019-12-13T12:00:00+01:00"/></property><property><code value="status"/><valueCode value="active"/></property></concept><concept><code value="REA"/><display value="Demande de réassort en DM"/><designation><language value="fr-FR"/><use><system value="http://snomed.info/sct"/><code value="900000000000013009"/></use><value value="Demande de réassort en dispositifs médicaux"/></designation><property><code value="dateValid"/><valueDateTime value="2020-08-28T12:00:00+01:00"/></property><property><code value="dateMaj"/><valueDateTime value="2020-08-28T12:00:00+01:00"/></property><property><code value="status"/><valueCode value="active"/></property></concept><concept><code value="REC"/><display value="Réception valide du dispositif médical par l'établissement de santé"/><property><code value="dateValid"/><valueDateTime value="2019-12-13T12:00:00+01:00"/></property><property><code value="dateMaj"/><valueDateTime value="2020-08-28T12:00:00+01:00"/></property><property><code value="status"/><valueCode value="active"/></property></concept><concept><code value="REP"/><display value="Réponse de la pharmacie au service responsable de la demande"/><designation><language value="fr-FR"/><use><system value="http://snomed.info/sct"/><code value="900000000000013009"/></use><value value="Réponse de la pharmacie de l'établissement de santé au service responsable de la demande"/></designation><property><code value="dateValid"/><valueDateTime value="2020-08-28T12:00:00+01:00"/></property><property><code value="dateMaj"/><valueDateTime value="2020-08-28T12:00:00+01:00"/></property><property><code value="status"/><valueCode value="active"/></property></concept><concept><code value="SDM"/><display value="Suppression de la demande de dispositif médicaux"/><property><code value="dateValid"/><valueDateTime value="2020-08-28T12:00:00+01:00"/></property><property><code value="dateMaj"/><valueDateTime value="2020-08-28T12:00:00+01:00"/></property><property><code value="status"/><valueCode value="active"/></property></concept><concept><code value="SOR"/><display value="Sortie d'un patient de l'établissement de santé"/><property><code value="dateValid"/><valueDateTime value="2018-03-30T12:00:00+01:00"/></property><property><code value="dateMaj"/><valueDateTime value="2018-03-30T12:00:00+01:00"/></property><property><code value="status"/><valueCode value="active"/></property></concept><concept><code value="SSD"/><display value="Sortie de stock des dispositifs médicaux"/><property><code value="dateValid"/><valueDateTime value="2019-12-13T12:00:00+01:00"/></property><property><code value="dateMaj"/><valueDateTime value="2020-08-28T12:00:00+01:00"/></property><property><code value="status"/><valueCode value="active"/></property></concept><concept><code value="TRA"/><display value="Transport des dispositifs médicaux"/><property><code value="dateValid"/><valueDateTime value="2020-08-28T12:00:00+01:00"/></property><property><code value="dateMaj"/><valueDateTime value="2020-08-28T12:00:00+01:00"/></property><property><code value="status"/><valueCode value="active"/></property></concept></CodeSystem>