<?xml version="1.0" encoding="UTF-8"?><ValueSet xmlns="http://hl7.org/fhir"><id value="jdv-resultat-depistage-cisis"/><meta><versionId value="2"/><lastUpdated value="2025-06-25T09:15:47.672+00:00"/><profile value="http://hl7.org/fhir/StructureDefinition/shareablevalueset"/></meta><language value="fr-FR"/><text><status value="generated"/><div xmlns="http://www.w3.org/1999/xhtml" xml:lang="fr-FR" lang="fr-FR"><p class="res-header-id"><b>Generated Narrative: ValueSet jdv-resultat-depistage-cisis</b></p><a name="jdv-resultat-depistage-cisis"> </a><a name="hcjdv-resultat-depistage-cisis"> </a><a name="jdv-resultat-depistage-cisis-fr-FR"> </a><div style="display: inline-block; background-color: #d9e0e7; padding: 6px; margin: 4px; border: 1px solid #8da1b4; border-radius: 5px; line-height: 60%"><p style="margin-bottom: 0px">version: 2; Last updated: 2025-06-25 09:15:47+0000; Language: fr-FR</p><p style="margin-bottom: 0px">Profil: <a href="http://hl7.org/fhir/R4/shareablevalueset.html">Shareable ValueSet</a></p></div><ul><li>Include ces codes sont définis dans <a href="http://www.snomed.org/"><code>http://snomed.info/sct</code></a><table class="none"><tr><td style="white-space:nowrap"><b>Code</b></td><td><b>Display</b></td></tr><tr><td><a href="http://snomed.info/id/10828004">10828004</a></td><td>positif(-ive)</td></tr><tr><td><a href="http://snomed.info/id/260385009">260385009</a></td><td>négatif(-ive)</td></tr><tr><td><a href="http://snomed.info/id/373068000">373068000</a></td><td>indéterminé(e)</td></tr><tr><td><a href="http://snomed.info/id/125154007">125154007</a></td><td>échantillon insatisfaisant pour l'évaluation</td></tr></table></li></ul></div></text><extension url="http://hl7.org/fhir/StructureDefinition/resource-effectivePeriod"><valuePeriod><start value="2023-12-18T00:00:00+01:00"/></valuePeriod></extension><url value="https://smt.esante.gouv.fr/fhir/ValueSet/jdv-resultat-depistage-cisis"/><identifier><system value="urn:ietf:rfc:3986"/><value value="urn:oid:1.2.250.1.213.1.1.5.761"/></identifier><version value="20250624152059"/><name value="JdvResultatDepistageCisis"/><title value="JDV Resultat Depistage CISIS"/><status value="active"/><experimental value="false"/><date value="2025-06-24T15:20:59+01:00"/><publisher value="Agence du Numérique en Santé(ANS) -2 - 10 Rue d'Oradour-sur-Glane, 75015 Paris"/><description value="JDV Resultat Depistage CISIS"/><jurisdiction><coding><system value="urn:iso:std:iso:3166"/><code value="FR"/></coding></jurisdiction><compose><include><system value="http://snomed.info/sct"/><concept><code value="10828004"/><display value="positif(-ive)"/></concept><concept><code value="260385009"/><display value="négatif(-ive)"/></concept><concept><code value="373068000"/><display value="indéterminé(e)"/></concept><concept><code value="125154007"/><display value="échantillon insatisfaisant pour l'évaluation"/></concept></include></compose></ValueSet>