{
  "resourceType" : "ValueSet",
  "id" : "1.2.250.1.213.1.1.5.449",
  "meta" : {
    "versionId" : "1",
    "lastUpdated" : "2024-12-19T05:06:46.285+00:00",
    "profile" : ["http://hl7.org/fhir/StructureDefinition/shareablevalueset"]
  },
  "language" : "fr-FR",
  "text" : {
    "status" : "generated",
    "div" : "<div xmlns=\"http://www.w3.org/1999/xhtml\" xml:lang=\"fr-FR\" lang=\"fr-FR\"><p class=\"res-header-id\"><b>Generated Narrative: ValueSet 1.2.250.1.213.1.1.5.449</b></p><a name=\"1.2.250.1.213.1.1.5.449\"> </a><a name=\"hc1.2.250.1.213.1.1.5.449\"> </a><a name=\"1.2.250.1.213.1.1.5.449-fr-FR\"> </a><div style=\"display: inline-block; background-color: #d9e0e7; padding: 6px; margin: 4px; border: 1px solid #8da1b4; border-radius: 5px; line-height: 60%\"><p style=\"margin-bottom: 0px\">version: 1; Last updated: 2024-12-19 05:06:46+0000; Language: fr-FR</p><p style=\"margin-bottom: 0px\">Profil: <a href=\"http://hl7.org/fhir/R4/shareablevalueset.html\">Shareable ValueSet</a></p></div><ul><li>Include ces codes sont définis dans <code>1.3.6.1.4.1.19376.1.8.2.1</code><table class=\"none\"><tr><td style=\"white-space:nowrap\"><b>Code</b></td><td><b>Display</b></td></tr><tr><td>1191</td><td>Lobectomie (droit, gauche, bilatéral)</td></tr><tr><td>1192</td><td>Lobectomie partielle (droit, gauche, bilatéral)</td></tr><tr><td>1193</td><td>Lobo-isthmectomie (droit, gauche, bilatéral)</td></tr><tr><td>1194</td><td>Thyroidectomie totale</td></tr><tr><td>1195</td><td>Isthmectomie</td></tr><tr><td>1196</td><td>Biopsie</td></tr><tr><td>1197</td><td>Thyroidectomie subtotale</td></tr></table></li></ul></div>"
  },
  "extension" : [{
    "url" : "http://hl7.org/fhir/StructureDefinition/resource-effectivePeriod",
    "valuePeriod" : {
      "start" : "2021-03-15T00:00:00+01:00"
    }
  }],
  "url" : "https://smt.esante.gouv.fr/fhir/ValueSet/1.2.250.1.213.1.1.5.449",
  "identifier" : [{
    "system" : "urn:ietf:rfc:3986",
    "value" : "urn:oid:1.2.250.1.213.1.1.5.449"
  }],
  "version" : "20230404000000",
  "name" : "JDV_Thyroide_Procedure_prelevement_CISIS",
  "title" : "JDV_Thyroide_Procedure_prelevement_CISIS",
  "status" : "retired",
  "experimental" : false,
  "date" : "2023-04-04T00:00:00+01:00",
  "publisher" : "Agence du Numérique en Santé(ANS) -2 - 10 Rue d'Oradour-sur-Glane, 75015 Paris",
  "description" : "JDV_Thyroide_Procedure_prelevement_CISIS",
  "compose" : {
    "include" : [{
      "system" : "1.3.6.1.4.1.19376.1.8.2.1",
      "concept" : [{
        "code" : "1191",
        "display" : "Lobectomie (droit, gauche, bilatéral)"
      },
      {
        "code" : "1192",
        "display" : "Lobectomie partielle (droit, gauche, bilatéral)"
      },
      {
        "code" : "1193",
        "display" : "Lobo-isthmectomie (droit, gauche, bilatéral)"
      },
      {
        "code" : "1194",
        "display" : "Thyroidectomie totale"
      },
      {
        "code" : "1195",
        "display" : "Isthmectomie"
      },
      {
        "code" : "1196",
        "display" : "Biopsie"
      },
      {
        "code" : "1197",
        "display" : "Thyroidectomie subtotale"
      }]
    }]
  }
}