{
  "resourceType" : "ValueSet",
  "id" : "1.2.250.1.213.1.1.5.308",
  "meta" : {
    "versionId" : "1",
    "lastUpdated" : "2024-12-19T05:03:55.336+00:00",
    "profile" : ["http://hl7.org/fhir/StructureDefinition/shareablevalueset"]
  },
  "language" : "fr-FR",
  "text" : {
    "status" : "generated",
    "div" : "<div xmlns=\"http://www.w3.org/1999/xhtml\" xml:lang=\"fr-FR\" lang=\"fr-FR\"><p class=\"res-header-id\"><b>Generated Narrative: ValueSet 1.2.250.1.213.1.1.5.308</b></p><a name=\"1.2.250.1.213.1.1.5.308\"> </a><a name=\"hc1.2.250.1.213.1.1.5.308\"> </a><a name=\"1.2.250.1.213.1.1.5.308-fr-FR\"> </a><div style=\"display: inline-block; background-color: #d9e0e7; padding: 6px; margin: 4px; border: 1px solid #8da1b4; border-radius: 5px; line-height: 60%\"><p style=\"margin-bottom: 0px\">version: 1; Last updated: 2024-12-19 05:03:55+0000; Language: fr-FR</p><p style=\"margin-bottom: 0px\">Profil: <a href=\"http://hl7.org/fhir/R4/shareablevalueset.html\">Shareable ValueSet</a></p></div><ul><li>Include ces codes sont définis dans <code>1.3.6.1.4.1.19376.1.8.2.1</code><table class=\"none\"><tr><td style=\"white-space:nowrap\"><b>Code</b></td><td><b>Display</b></td></tr><tr><td>214</td><td>Glande salivaire - Atteinte des limites de résection par la tumeur maligne invasive</td></tr><tr><td>215</td><td>Glande salivaire - Distance tumeur maligne invasive/plus proche limite de résection</td></tr><tr><td>216</td><td>Glande salivaire - Emboles vasculaires</td></tr><tr><td>217</td><td>Glande salivaire - Extension microscopique et macroscopique de la tumeur</td></tr><tr><td>218</td><td>Glande salivaire - Infiltration péri-nerveuse</td></tr><tr><td>219</td><td>Glande salivaire - Invasion de la capsule</td></tr><tr><td>220</td><td>Glande salivaire - Localisation de(s) ganglion(s)</td></tr><tr><td>221</td><td>Glande salivaire - Nombre de ganglion(s) envahi(s)</td></tr><tr><td>222</td><td>Glande salivaire - Nombre de ganglion(s) examiné(s)</td></tr><tr><td>223</td><td>Glande salivaire - Organe-region-prelevement-CISIS</td></tr><tr><td>224</td><td>Glande salivaire - pN</td></tr><tr><td>225</td><td>Glande salivaire - Procédure de prélèvement</td></tr><tr><td>226</td><td>Glande salivaire - pT</td></tr><tr><td>227</td><td>Glande salivaire - Taille de la métastase ganglionnaire</td></tr><tr><td>228</td><td>Glande salivaire - Taille de tumeur maligne invasive (plus grande dimension)</td></tr><tr><td>229</td><td>Glande salivaire - Taille du prélèvement (plus grande dimension)</td></tr><tr><td>230</td><td>Glande salivaire - Type histologique-lesion-neoplasique-maligne-invasive-CISIS</td></tr></table></li></ul></div>"
  },
  "extension" : [{
    "url" : "http://hl7.org/fhir/StructureDefinition/resource-effectivePeriod",
    "valuePeriod" : {
      "start" : "2021-03-15T00:00:00+01:00"
    }
  }],
  "url" : "https://smt.esante.gouv.fr/fhir/ValueSet/1.2.250.1.213.1.1.5.308",
  "identifier" : [{
    "system" : "urn:ietf:rfc:3986",
    "value" : "urn:oid:1.2.250.1.213.1.1.5.308"
  }],
  "version" : "20230404000000",
  "name" : "JDV_Glande_salivaire_Observation_anatomie_pathologique_CISIS",
  "title" : "JDV_Glande_salivaire_Observation_anatomie_pathologique_CISIS",
  "status" : "retired",
  "experimental" : false,
  "date" : "2023-04-04T00:00:00+01:00",
  "publisher" : "Agence du Numérique en Santé(ANS) -2 - 10 Rue d'Oradour-sur-Glane, 75015 Paris",
  "description" : "JDV_Glande_salivaire_Observation_anatomie_pathologique_CISIS",
  "compose" : {
    "include" : [{
      "system" : "1.3.6.1.4.1.19376.1.8.2.1",
      "concept" : [{
        "code" : "214",
        "display" : "Glande salivaire - Atteinte des limites de résection par la tumeur maligne invasive"
      },
      {
        "code" : "215",
        "display" : "Glande salivaire - Distance tumeur maligne invasive/plus proche limite de résection"
      },
      {
        "code" : "216",
        "display" : "Glande salivaire - Emboles vasculaires"
      },
      {
        "code" : "217",
        "display" : "Glande salivaire - Extension microscopique et macroscopique de la tumeur"
      },
      {
        "code" : "218",
        "display" : "Glande salivaire - Infiltration péri-nerveuse"
      },
      {
        "code" : "219",
        "display" : "Glande salivaire - Invasion de la capsule"
      },
      {
        "code" : "220",
        "display" : "Glande salivaire - Localisation de(s) ganglion(s)"
      },
      {
        "code" : "221",
        "display" : "Glande salivaire - Nombre de ganglion(s) envahi(s)"
      },
      {
        "code" : "222",
        "display" : "Glande salivaire - Nombre de ganglion(s) examiné(s)"
      },
      {
        "code" : "223",
        "display" : "Glande salivaire - Organe-region-prelevement-CISIS"
      },
      {
        "code" : "224",
        "display" : "Glande salivaire - pN"
      },
      {
        "code" : "225",
        "display" : "Glande salivaire - Procédure de prélèvement"
      },
      {
        "code" : "226",
        "display" : "Glande salivaire - pT"
      },
      {
        "code" : "227",
        "display" : "Glande salivaire - Taille de la métastase ganglionnaire"
      },
      {
        "code" : "228",
        "display" : "Glande salivaire - Taille de tumeur maligne invasive (plus grande dimension)"
      },
      {
        "code" : "229",
        "display" : "Glande salivaire - Taille du prélèvement (plus grande dimension)"
      },
      {
        "code" : "230",
        "display" : "Glande salivaire - Type histologique-lesion-neoplasique-maligne-invasive-CISIS"
      }]
    }]
  }
}