{
  "resourceType" : "ValueSet",
  "id" : "1.2.250.1.213.1.1.5.226",
  "meta" : {
    "versionId" : "4",
    "lastUpdated" : "2024-12-19T05:03:23.185+00:00",
    "profile" : ["http://hl7.org/fhir/StructureDefinition/shareablevalueset"]
  },
  "language" : "fr-FR",
  "text" : {
    "status" : "generated",
    "div" : "<div xmlns=\"http://www.w3.org/1999/xhtml\" xml:lang=\"fr-FR\" lang=\"fr-FR\"><p class=\"res-header-id\"><b>Generated Narrative: ValueSet 1.2.250.1.213.1.1.5.226</b></p><a name=\"1.2.250.1.213.1.1.5.226\"> </a><a name=\"hc1.2.250.1.213.1.1.5.226\"> </a><a name=\"1.2.250.1.213.1.1.5.226-fr-FR\"> </a><div style=\"display: inline-block; background-color: #d9e0e7; padding: 6px; margin: 4px; border: 1px solid #8da1b4; border-radius: 5px; line-height: 60%\"><p style=\"margin-bottom: 0px\">version: 4; Last updated: 2024-12-19 05:03:23+0000; Language: fr-FR</p><p style=\"margin-bottom: 0px\">Profil: <a href=\"http://hl7.org/fhir/R4/shareablevalueset.html\">Shareable ValueSet</a></p></div><ul><li>Include ces codes sont définis dans <a href=\"http://loinc.org\"><code>http://loinc.org</code></a><table class=\"none\"><tr><td style=\"white-space:nowrap\"><b>Code</b></td><td><b>Display</b></td></tr><tr><td><a href=\"https://loinc.org/14979-9/\">14979-9</a></td><td>Temps de céphaline activée [Temps] Plasma pauvre en plaquettes ; Numérique ; Coagulation</td></tr><tr><td><a href=\"https://loinc.org/6301-6/\">6301-6</a></td><td>Temps de quick INR [Temps relatif] Plasma pauvre en plaquettes ; Numérique ; Coagulation</td></tr><tr><td><a href=\"https://loinc.org/3255-7/\">3255-7</a></td><td>Fibrinogène:Masse/Volume:Ponctuel:Plasma pauvre en plaquettes:Numérique:Coagulation</td></tr><tr><td><a href=\"https://loinc.org/718-7/\">718-7</a></td><td>Hémoglobine:Masse/Volume:Ponctuel:Sang:Numérique:</td></tr></table></li></ul></div>"
  },
  "extension" : [{
    "url" : "http://hl7.org/fhir/StructureDefinition/resource-effectivePeriod",
    "valuePeriod" : {
      "start" : "2021-03-15T00:00:00+01:00"
    }
  }],
  "url" : "https://smt.esante.gouv.fr/fhir/ValueSet/1.2.250.1.213.1.1.5.226",
  "identifier" : [{
    "system" : "urn:ietf:rfc:3986",
    "value" : "urn:oid:1.2.250.1.213.1.1.5.226"
  }],
  "version" : "20230803000000",
  "name" : "JDV_ExamenHemostaseEUVN_CISIS",
  "title" : "JDV_ExamenHemostaseEUVN_CISIS",
  "status" : "active",
  "experimental" : false,
  "date" : "2023-08-03T00:00:00+01:00",
  "publisher" : "Agence du Numérique en Santé(ANS) -2 - 10 Rue d'Oradour-sur-Glane, 75015 Paris",
  "description" : "JDV_ExamenHemostaseEUVN_CISIS",
  "compose" : {
    "include" : [{
      "system" : "http://loinc.org",
      "concept" : [{
        "code" : "14979-9",
        "display" : "Temps de céphaline activée [Temps] Plasma pauvre en plaquettes ; Numérique ; Coagulation"
      },
      {
        "code" : "6301-6",
        "display" : "Temps de quick INR [Temps relatif] Plasma pauvre en plaquettes ; Numérique ; Coagulation"
      },
      {
        "code" : "3255-7",
        "display" : "Fibrinogène:Masse/Volume:Ponctuel:Plasma pauvre en plaquettes:Numérique:Coagulation"
      },
      {
        "code" : "718-7",
        "display" : "Hémoglobine:Masse/Volume:Ponctuel:Sang:Numérique:"
      }]
    }]
  }
}