{
  "resourceType" : "ValueSet",
  "id" : "1.2.250.1.213.1.1.5.166",
  "meta" : {
    "versionId" : "4",
    "lastUpdated" : "2024-12-19T05:07:03.516+00:00",
    "profile" : ["http://hl7.org/fhir/StructureDefinition/shareablevalueset"]
  },
  "language" : "fr-FR",
  "text" : {
    "status" : "generated",
    "div" : "<div xmlns=\"http://www.w3.org/1999/xhtml\" xml:lang=\"fr-FR\" lang=\"fr-FR\"><p class=\"res-header-id\"><b>Generated Narrative: ValueSet 1.2.250.1.213.1.1.5.166</b></p><a name=\"1.2.250.1.213.1.1.5.166\"> </a><a name=\"hc1.2.250.1.213.1.1.5.166\"> </a><a name=\"1.2.250.1.213.1.1.5.166-fr-FR\"> </a><div style=\"display: inline-block; background-color: #d9e0e7; padding: 6px; margin: 4px; border: 1px solid #8da1b4; border-radius: 5px; line-height: 60%\"><p style=\"margin-bottom: 0px\">version: 4; Last updated: 2024-12-19 05:07:03+0000; Language: fr-FR</p><p style=\"margin-bottom: 0px\">Profil: <a href=\"http://hl7.org/fhir/R4/shareablevalueset.html\">Shareable ValueSet</a></p></div><ul><li>Include ces codes sont définis dans <code>http://terminology.hl7.org/CodeSystem/icd10</code><table class=\"none\"><tr><td style=\"white-space:nowrap\"><b>Code</b></td><td><b>Display</b></td></tr><tr><td>E10</td><td>Diabète sucré de type 1</td></tr><tr><td>E11</td><td>Diabète sucré de type 2</td></tr><tr><td>E74.3</td><td>Autres anomalies de l'absorption intestinale des hydrates de carbone</td></tr></table></li></ul></div>"
  },
  "extension" : [{
    "url" : "http://hl7.org/fhir/StructureDefinition/resource-effectivePeriod",
    "valuePeriod" : {
      "start" : "2021-03-15T00:00:00+01:00"
    }
  }],
  "url" : "https://smt.esante.gouv.fr/fhir/ValueSet/1.2.250.1.213.1.1.5.166",
  "identifier" : [{
    "system" : "urn:ietf:rfc:3986",
    "value" : "urn:oid:1.2.250.1.213.1.1.5.166"
  }],
  "version" : "20240513000000",
  "name" : "JDV_TypeDiabete_CISIS",
  "title" : "JDV_TypeDiabete_CISIS",
  "status" : "active",
  "experimental" : false,
  "date" : "2024-05-13T00:00:00+01:00",
  "publisher" : "Agence du Numérique en Santé(ANS) -2 - 10 Rue d'Oradour-sur-Glane, 75015 Paris",
  "description" : "JDV_TypeDiabete_CISIS",
  "compose" : {
    "include" : [{
      "system" : "http://terminology.hl7.org/CodeSystem/icd10",
      "concept" : [{
        "code" : "E10",
        "display" : "Diabète sucré de type 1"
      },
      {
        "code" : "E11",
        "display" : "Diabète sucré de type 2"
      },
      {
        "code" : "E74.3",
        "display" : "Autres anomalies de l'absorption intestinale des hydrates de carbone"
      }]
    }]
  }
}