{
  "resourceType" : "ValueSet",
  "id" : "1.2.250.1.213.1.1.5.325",
  "meta" : {
    "versionId" : "1",
    "lastUpdated" : "2024-12-19T05:04:27.504+00:00",
    "profile" : ["http://hl7.org/fhir/StructureDefinition/shareablevalueset"]
  },
  "language" : "fr-FR",
  "text" : {
    "status" : "generated",
    "div" : "<div xmlns=\"http://www.w3.org/1999/xhtml\" xml:lang=\"fr-FR\" lang=\"fr-FR\"><p class=\"res-header-id\"><b>Generated Narrative: ValueSet 1.2.250.1.213.1.1.5.325</b></p><a name=\"1.2.250.1.213.1.1.5.325\"> </a><a name=\"hc1.2.250.1.213.1.1.5.325\"> </a><a name=\"1.2.250.1.213.1.1.5.325-fr-FR\"> </a><div style=\"display: inline-block; background-color: #d9e0e7; padding: 6px; margin: 4px; border: 1px solid #8da1b4; border-radius: 5px; line-height: 60%\"><p style=\"margin-bottom: 0px\">version: 1; Last updated: 2024-12-19 05:04:27+0000; Language: fr-FR</p><p style=\"margin-bottom: 0px\">Profil: <a href=\"http://hl7.org/fhir/R4/shareablevalueset.html\">Shareable ValueSet</a></p></div><ul><li>Include ces codes sont définis dans <code>1.3.6.1.4.1.19376.1.8.2.1</code><table class=\"none\"><tr><td style=\"white-space:nowrap\"><b>Code</b></td><td><b>Display</b></td></tr><tr><td>1362</td><td>Carcinome épidermoïde</td></tr><tr><td>1363</td><td>Carcinome adénosquameux</td></tr><tr><td>1364</td><td>Carcinome verruqueux</td></tr><tr><td>1365</td><td>Carcinome lympho-épithélial</td></tr><tr><td>1366</td><td>Carcinome de type salivaire (préciser)</td></tr><tr><td>1765</td><td>Carcinome épidermoïde basaloïde</td></tr><tr><td>1767</td><td>Carcinome à cellules fusiformes</td></tr></table></li></ul></div>"
  },
  "extension" : [{
    "url" : "http://hl7.org/fhir/StructureDefinition/resource-effectivePeriod",
    "valuePeriod" : {
      "start" : "2021-03-15T00:00:00+01:00"
    }
  }],
  "url" : "https://smt.esante.gouv.fr/fhir/ValueSet/1.2.250.1.213.1.1.5.325",
  "identifier" : [{
    "system" : "urn:ietf:rfc:3986",
    "value" : "urn:oid:1.2.250.1.213.1.1.5.325"
  }],
  "version" : "20230404000000",
  "name" : "JDV_Larynx_Type_histologique_lesion_neoplasique_maligne_invasive_CISIS",
  "title" : "JDV_Larynx_Type_histologique_lesion_neoplasique_maligne_invasive_CISIS",
  "status" : "retired",
  "experimental" : false,
  "date" : "2023-04-04T00:00:00+01:00",
  "publisher" : "Agence du Numérique en Santé(ANS) -2 - 10 Rue d'Oradour-sur-Glane, 75015 Paris",
  "description" : "JDV_Larynx_Type_histologique_lesion_neoplasique_maligne_invasive_CISIS",
  "compose" : {
    "include" : [{
      "system" : "1.3.6.1.4.1.19376.1.8.2.1",
      "concept" : [{
        "code" : "1362",
        "display" : "Carcinome épidermoïde"
      },
      {
        "code" : "1363",
        "display" : "Carcinome adénosquameux"
      },
      {
        "code" : "1364",
        "display" : "Carcinome verruqueux"
      },
      {
        "code" : "1365",
        "display" : "Carcinome lympho-épithélial"
      },
      {
        "code" : "1366",
        "display" : "Carcinome de type salivaire (préciser)"
      },
      {
        "code" : "1765",
        "display" : "Carcinome épidermoïde basaloïde"
      },
      {
        "code" : "1767",
        "display" : "Carcinome à cellules fusiformes"
      }]
    }]
  }
}