{
  "resourceType" : "ValueSet",
  "id" : "1.2.250.1.213.1.1.5.253",
  "meta" : {
    "versionId" : "1",
    "lastUpdated" : "2024-12-19T05:02:41.073+00:00",
    "profile" : ["http://hl7.org/fhir/StructureDefinition/shareablevalueset"]
  },
  "language" : "fr-FR",
  "text" : {
    "status" : "generated",
    "div" : "<div xmlns=\"http://www.w3.org/1999/xhtml\" xml:lang=\"fr-FR\" lang=\"fr-FR\"><p class=\"res-header-id\"><b>Generated Narrative: ValueSet 1.2.250.1.213.1.1.5.253</b></p><a name=\"1.2.250.1.213.1.1.5.253\"> </a><a name=\"hc1.2.250.1.213.1.1.5.253\"> </a><a name=\"1.2.250.1.213.1.1.5.253-fr-FR\"> </a><div style=\"display: inline-block; background-color: #d9e0e7; padding: 6px; margin: 4px; border: 1px solid #8da1b4; border-radius: 5px; line-height: 60%\"><p style=\"margin-bottom: 0px\">version: 1; Last updated: 2024-12-19 05:02:41+0000; Language: fr-FR</p><p style=\"margin-bottom: 0px\">Profil: <a href=\"http://hl7.org/fhir/R4/shareablevalueset.html\">Shareable ValueSet</a></p></div><ul><li>Include ces codes sont définis dans <code>1.3.6.1.4.1.19376.1.8.2.1</code><table class=\"none\"><tr><td style=\"white-space:nowrap\"><b>Code</b></td><td><b>Display</b></td></tr><tr><td>35</td><td>Côlon - Dépots intra-tumoraux</td></tr><tr><td>47</td><td>Côlon - Atteinte des limites de résection par la lésion (adénome)</td></tr><tr><td>48</td><td>Côlon - Atteinte des limites de résection par la tumeur in situ (carcinome in situ)</td></tr><tr><td>144</td><td>Côlon - Atteinte des limites de résection par la tumeur maligne invasive</td></tr><tr><td>145</td><td>Côlon - Distance tumeur in situ (carcinome in situ)/plus proche limite de résection</td></tr><tr><td>146</td><td>Côlon - Distance tumeur maligne invasive/plus proche limite de résection</td></tr><tr><td>147</td><td>Côlon - Emboles vasculaires</td></tr><tr><td>148</td><td>Côlon - Extension microscopique et macroscopique de la tumeur</td></tr><tr><td>149</td><td>Côlon - Infiltration péri-nerveuse</td></tr><tr><td>150</td><td>Côlon - Localisation de la tumeur dans l'organe</td></tr><tr><td>151</td><td>Côlon - Localisation de(s) limite(s) de résection</td></tr><tr><td>152</td><td>Côlon - Nombre de ganglion(s) envahi(s)</td></tr><tr><td>153</td><td>Côlon - Nombre de ganglion(s) examiné(s)</td></tr><tr><td>154</td><td>Côlon - Organe-region-prelevement-CISIS</td></tr><tr><td>155</td><td>Côlon - pN</td></tr><tr><td>156</td><td>Côlon - Procédure de prélèvement</td></tr><tr><td>157</td><td>Côlon - pT</td></tr><tr><td>158</td><td>Côlon - Taille de tumeur maligne invasive (plus grande dimension)</td></tr><tr><td>159</td><td>Côlon - Taille du prélèvement (plus grande dimension)</td></tr><tr><td>160</td><td>Côlon - Type-histologique-lesion-neoplasique-maligne-invasive-CISIS</td></tr></table></li></ul></div>"
  },
  "extension" : [{
    "url" : "http://hl7.org/fhir/StructureDefinition/resource-effectivePeriod",
    "valuePeriod" : {
      "start" : "2021-03-15T00:00:00+01:00"
    }
  }],
  "url" : "https://smt.esante.gouv.fr/fhir/ValueSet/1.2.250.1.213.1.1.5.253",
  "identifier" : [{
    "system" : "urn:ietf:rfc:3986",
    "value" : "urn:oid:1.2.250.1.213.1.1.5.253"
  }],
  "version" : "20230404000000",
  "name" : "JDV_Colon_Observation_anatomie_pathologique_CISIS",
  "title" : "JDV_Colon_Observation_anatomie_pathologique_CISIS",
  "status" : "retired",
  "experimental" : false,
  "date" : "2023-04-04T00:00:00+01:00",
  "publisher" : "Agence du Numérique en Santé(ANS) -2 - 10 Rue d'Oradour-sur-Glane, 75015 Paris",
  "description" : "JDV_Colon_Observation_anatomie_pathologique_CISIS",
  "compose" : {
    "include" : [{
      "system" : "1.3.6.1.4.1.19376.1.8.2.1",
      "concept" : [{
        "code" : "35",
        "display" : "Côlon - Dépots intra-tumoraux"
      },
      {
        "code" : "47",
        "display" : "Côlon - Atteinte des limites de résection par la lésion (adénome)"
      },
      {
        "code" : "48",
        "display" : "Côlon - Atteinte des limites de résection par la tumeur in situ (carcinome in situ)"
      },
      {
        "code" : "144",
        "display" : "Côlon - Atteinte des limites de résection par la tumeur maligne invasive"
      },
      {
        "code" : "145",
        "display" : "Côlon - Distance tumeur in situ (carcinome in situ)/plus proche limite de résection"
      },
      {
        "code" : "146",
        "display" : "Côlon - Distance tumeur maligne invasive/plus proche limite de résection"
      },
      {
        "code" : "147",
        "display" : "Côlon - Emboles vasculaires"
      },
      {
        "code" : "148",
        "display" : "Côlon - Extension microscopique et macroscopique de la tumeur"
      },
      {
        "code" : "149",
        "display" : "Côlon - Infiltration péri-nerveuse"
      },
      {
        "code" : "150",
        "display" : "Côlon - Localisation de la tumeur dans l'organe"
      },
      {
        "code" : "151",
        "display" : "Côlon - Localisation de(s) limite(s) de résection"
      },
      {
        "code" : "152",
        "display" : "Côlon - Nombre de ganglion(s) envahi(s)"
      },
      {
        "code" : "153",
        "display" : "Côlon - Nombre de ganglion(s) examiné(s)"
      },
      {
        "code" : "154",
        "display" : "Côlon - Organe-region-prelevement-CISIS"
      },
      {
        "code" : "155",
        "display" : "Côlon - pN"
      },
      {
        "code" : "156",
        "display" : "Côlon - Procédure de prélèvement"
      },
      {
        "code" : "157",
        "display" : "Côlon - pT"
      },
      {
        "code" : "158",
        "display" : "Côlon - Taille de tumeur maligne invasive (plus grande dimension)"
      },
      {
        "code" : "159",
        "display" : "Côlon - Taille du prélèvement (plus grande dimension)"
      },
      {
        "code" : "160",
        "display" : "Côlon - Type-histologique-lesion-neoplasique-maligne-invasive-CISIS"
      }]
    }]
  }
}