{"resourceType":"ValueSet","id":"JDV-J151-BodySiteBodyTemperature-ENS","meta":{"versionId":"4","lastUpdated":"2024-10-31T18:01:36.018+00:00","profile":["http://hl7.org/fhir/StructureDefinition/shareablevalueset"]},"language":"fr-FR","text":{"status":"generated","div":"<div xmlns=\"http://www.w3.org/1999/xhtml\" xml:lang=\"fr-FR\" lang=\"fr-FR\"><p class=\"res-header-id\"><b>Generated Narrative: ValueSet JDV-J151-BodySiteBodyTemperature-ENS</b></p><a name=\"JDV-J151-BodySiteBodyTemperature-ENS\"> </a><a name=\"hcJDV-J151-BodySiteBodyTemperature-ENS\"> </a><a name=\"JDV-J151-BodySiteBodyTemperature-ENS-fr-FR\"> </a><div style=\"display: inline-block; background-color: #d9e0e7; padding: 6px; margin: 4px; border: 1px solid #8da1b4; border-radius: 5px; line-height: 60%\"><p style=\"margin-bottom: 0px\">version: 4; Last updated: 2024-10-31 18:01:36+0000; Language: fr-FR</p><p style=\"margin-bottom: 0px\">Profil: <a href=\"http://hl7.org/fhir/R4/shareablevalueset.html\">Shareable ValueSet</a></p></div><ul><li>Include ces codes sont définis dans <a href=\"http://www.snomed.org/\"><code>http://snomed.info/sct</code></a><table class=\"none\"><tr><td style=\"white-space:nowrap\"><b>Code</b></td><td><b>Display</b></td></tr><tr><td><a href=\"http://snomed.info/id/34402009\">34402009</a></td><td>rectum</td></tr><tr><td><a href=\"http://snomed.info/id/52795006\">52795006</a></td><td>front</td></tr><tr><td><a href=\"http://snomed.info/id/91470000\">91470000</a></td><td>région axillaire</td></tr><tr><td><a href=\"http://snomed.info/id/117590005\">117590005</a></td><td>oreille</td></tr><tr><td><a href=\"http://snomed.info/id/123851003\">123851003</a></td><td>bouche</td></tr><tr><td><a href=\"http://snomed.info/id/450721000\">450721000</a></td><td>région temporale</td></tr></table></li></ul></div>"},"extension":[{"url":"http://hl7.org/fhir/StructureDefinition/resource-effectivePeriod","valuePeriod":{"start":"2021-04-30T12:00:00+01:00"}}],"url":"https://mos.esante.gouv.fr/NOS/JDV_J151-BodySiteBodyTemperature-ENS/FHIR/JDV-J151-BodySiteBodyTemperature-ENS","identifier":[{"system":"urn:ietf:rfc:3986","value":"urn:oid:1.2.250.1.213.1.1.5.606"}],"version":"20240927120000","name":"JDV_J151_BodySiteBodyTemperature_ENS","status":"active","experimental":false,"date":"2024-09-27T12:00:00+01:00","publisher":"Agence du Numérique en Santé (ANS) - 2-10 Rue d'Oradour-sur-Glane, 75015 Paris","description":"JDV de localisation de la mesure de la température","jurisdiction":[{"coding":[{"system":"urn:iso:std:iso:3166","code":"FR"}]}],"compose":{"include":[{"system":"http://snomed.info/sct","concept":[{"code":"34402009","display":"rectum"},{"code":"52795006","display":"front"},{"code":"91470000","display":"région axillaire"},{"code":"117590005","display":"oreille"},{"code":"123851003","display":"bouche"},{"code":"450721000","display":"région temporale"}]}]}}