{"resourceType":"ValueSet","id":"JDV-J219-TypeVoie-ROR","meta":{"versionId":"3","lastUpdated":"2024-04-27T05:07:23.336+00:00","profile":["http://hl7.org/fhir/StructureDefinition/shareablevalueset"]},"language":"fr-FR","text":{"status":"generated","div":"<div xmlns=\"http://www.w3.org/1999/xhtml\" xml:lang=\"fr-FR\" lang=\"fr-FR\"><p class=\"res-header-id\"><b>Generated Narrative: ValueSet JDV-J219-TypeVoie-ROR</b></p><a name=\"JDV-J219-TypeVoie-ROR\"> </a><a name=\"hcJDV-J219-TypeVoie-ROR\"> </a><a name=\"JDV-J219-TypeVoie-ROR-fr-FR\"> </a><div style=\"display: inline-block; background-color: #d9e0e7; padding: 6px; margin: 4px; border: 1px solid #8da1b4; border-radius: 5px; line-height: 60%\"><p style=\"margin-bottom: 0px\">version: 3; Last updated: 2024-04-27 05:07:23+0000; Language: fr-FR</p><p style=\"margin-bottom: 0px\">Profil: <a href=\"http://hl7.org/fhir/R4/shareablevalueset.html\">Shareable ValueSet</a></p></div><ul><li>Include ces codes sont définis dans <a href=\"CodeSystem-TRE-R35-TypeVoie.html\"><code>https://mos.esante.gouv.fr/NOS/TRE_R35-TypeVoie/FHIR/TRE-R35-TypeVoie</code></a><table class=\"none\"><tr><td style=\"white-space:nowrap\"><b>Code</b></td><td><b>Display</b></td></tr><tr><td><a href=\"CodeSystem-TRE-R35-TypeVoie.html#TRE-R35-TypeVoie-ABE\">ABE</a></td><td>Abbaye</td></tr><tr><td><a href=\"CodeSystem-TRE-R35-TypeVoie.html#TRE-R35-TypeVoie-ACH\">ACH</a></td><td>Ancien chemin</td></tr><tr><td><a href=\"CodeSystem-TRE-R35-TypeVoie.html#TRE-R35-TypeVoie-AERD\">AERD</a></td><td>Aérodrome</td></tr><tr><td><a href=\"CodeSystem-TRE-R35-TypeVoie.html#TRE-R35-TypeVoie-AERG\">AERG</a></td><td>Aérogare</td></tr><tr><td><a href=\"CodeSystem-TRE-R35-TypeVoie.html#TRE-R35-TypeVoie-AERP\">AERP</a></td><td>Aéroport</td></tr><tr><td><a href=\"CodeSystem-TRE-R35-TypeVoie.html#TRE-R35-TypeVoie-AGL\">AGL</a></td><td>Agglomération</td></tr><tr><td><a href=\"CodeSystem-TRE-R35-TypeVoie.html#TRE-R35-TypeVoie-AIRE\">AIRE</a></td><td>Aire</td></tr><tr><td><a href=\"CodeSystem-TRE-R35-TypeVoie.html#TRE-R35-TypeVoie-ALL\">ALL</a></td><td>Allée</td></tr><tr><td><a href=\"CodeSystem-TRE-R35-TypeVoie.html#TRE-R35-TypeVoie-ANGL\">ANGL</a></td><td>Angle</td></tr><tr><td><a href=\"CodeSystem-TRE-R35-TypeVoie.html#TRE-R35-TypeVoie-ANSE\">ANSE</a></td><td>Anse</td></tr><tr><td><a href=\"CodeSystem-TRE-R35-TypeVoie.html#TRE-R35-TypeVoie-ARC\">ARC</a></td><td>Arcade</td></tr><tr><td><a href=\"CodeSystem-TRE-R35-TypeVoie.html#TRE-R35-TypeVoie-ART\">ART</a></td><td>Ancienne route</td></tr><tr><td><a href=\"CodeSystem-TRE-R35-TypeVoie.html#TRE-R35-TypeVoie-AUT\">AUT</a></td><td>Autoroute</td></tr><tr><td><a href=\"CodeSystem-TRE-R35-TypeVoie.html#TRE-R35-TypeVoie-AV\">AV</a></td><td>Avenue</td></tr><tr><td><a href=\"CodeSystem-TRE-R35-TypeVoie.html#TRE-R35-TypeVoie-BAST\">BAST</a></td><td>Bastion</td></tr><tr><td><a href=\"CodeSystem-TRE-R35-TypeVoie.html#TRE-R35-TypeVoie-BCH\">BCH</a></td><td>Bas chemin</td></tr><tr><td><a href=\"CodeSystem-TRE-R35-TypeVoie.html#TRE-R35-TypeVoie-BCLE\">BCLE</a></td><td>Boucle</td></tr><tr><td><a href=\"CodeSystem-TRE-R35-TypeVoie.html#TRE-R35-TypeVoie-BD\">BD</a></td><td>Boulevard</td></tr><tr><td><a href=\"CodeSystem-TRE-R35-TypeVoie.html#TRE-R35-TypeVoie-BEGI\">BEGI</a></td><td>Béguinage</td></tr><tr><td><a href=\"CodeSystem-TRE-R35-TypeVoie.html#TRE-R35-TypeVoie-BER\">BER</a></td><td>Berge</td></tr><tr><td><a href=\"CodeSystem-TRE-R35-TypeVoie.html#TRE-R35-TypeVoie-BOIS\">BOIS</a></td><td>Bois</td></tr><tr><td><a href=\"CodeSystem-TRE-R35-TypeVoie.html#TRE-R35-TypeVoie-BRE\">BRE</a></td><td>Barrière</td></tr><tr><td><a href=\"CodeSystem-TRE-R35-TypeVoie.html#TRE-R35-TypeVoie-BRG\">BRG</a></td><td>Bourg</td></tr><tr><td><a href=\"CodeSystem-TRE-R35-TypeVoie.html#TRE-R35-TypeVoie-BSTD\">BSTD</a></td><td>Bastide</td></tr><tr><td><a href=\"CodeSystem-TRE-R35-TypeVoie.html#TRE-R35-TypeVoie-BUT\">BUT</a></td><td>Butte</td></tr><tr><td><a href=\"CodeSystem-TRE-R35-TypeVoie.html#TRE-R35-TypeVoie-CALE\">CALE</a></td><td>Cale</td></tr><tr><td><a href=\"CodeSystem-TRE-R35-TypeVoie.html#TRE-R35-TypeVoie-CAMP\">CAMP</a></td><td>Camp</td></tr><tr><td><a href=\"CodeSystem-TRE-R35-TypeVoie.html#TRE-R35-TypeVoie-CAR\">CAR</a></td><td>Carrefour</td></tr><tr><td><a href=\"CodeSystem-TRE-R35-TypeVoie.html#TRE-R35-TypeVoie-CARE\">CARE</a></td><td>Carrière</td></tr><tr><td><a href=\"CodeSystem-TRE-R35-TypeVoie.html#TRE-R35-TypeVoie-CARR\">CARR</a></td><td>Carré</td></tr><tr><td><a href=\"CodeSystem-TRE-R35-TypeVoie.html#TRE-R35-TypeVoie-CAU\">CAU</a></td><td>Carreau</td></tr><tr><td><a href=\"CodeSystem-TRE-R35-TypeVoie.html#TRE-R35-TypeVoie-CAV\">CAV</a></td><td>Cavée</td></tr><tr><td><a href=\"CodeSystem-TRE-R35-TypeVoie.html#TRE-R35-TypeVoie-CCAL\">CCAL</a></td><td>Centre commercial</td></tr><tr><td><a href=\"CodeSystem-TRE-R35-TypeVoie.html#TRE-R35-TypeVoie-CGNE\">CGNE</a></td><td>Campagne</td></tr><tr><td><a href=\"CodeSystem-TRE-R35-TypeVoie.html#TRE-R35-TypeVoie-CHE\">CHE</a></td><td>Chemin</td></tr><tr><td><a href=\"CodeSystem-TRE-R35-TypeVoie.html#TRE-R35-TypeVoie-CHEM\">CHEM</a></td><td>Chemin, cheminement</td></tr><tr><td><a href=\"CodeSystem-TRE-R35-TypeVoie.html#TRE-R35-TypeVoie-CHEZ\">CHEZ</a></td><td>Chez</td></tr><tr><td><a href=\"CodeSystem-TRE-R35-TypeVoie.html#TRE-R35-TypeVoie-CHI\">CHI</a></td><td>Charmille</td></tr><tr><td><a href=\"CodeSystem-TRE-R35-TypeVoie.html#TRE-R35-TypeVoie-CHL\">CHL</a></td><td>Chalet</td></tr><tr><td><a href=\"CodeSystem-TRE-R35-TypeVoie.html#TRE-R35-TypeVoie-CHP\">CHP</a></td><td>Chapelle</td></tr><tr><td><a href=\"CodeSystem-TRE-R35-TypeVoie.html#TRE-R35-TypeVoie-CHS\">CHS</a></td><td>Chaussée</td></tr><tr><td><a href=\"CodeSystem-TRE-R35-TypeVoie.html#TRE-R35-TypeVoie-CHT\">CHT</a></td><td>Château</td></tr><tr><td><a href=\"CodeSystem-TRE-R35-TypeVoie.html#TRE-R35-TypeVoie-CHV\">CHV</a></td><td>Chemin vicinal</td></tr><tr><td><a href=\"CodeSystem-TRE-R35-TypeVoie.html#TRE-R35-TypeVoie-CITE\">CITE</a></td><td>Cité</td></tr><tr><td><a href=\"CodeSystem-TRE-R35-TypeVoie.html#TRE-R35-TypeVoie-CLOI\">CLOI</a></td><td>Cloître</td></tr><tr><td><a href=\"CodeSystem-TRE-R35-TypeVoie.html#TRE-R35-TypeVoie-CLOS\">CLOS</a></td><td>Clos</td></tr><tr><td><a href=\"CodeSystem-TRE-R35-TypeVoie.html#TRE-R35-TypeVoie-COL\">COL</a></td><td>Col</td></tr><tr><td><a href=\"CodeSystem-TRE-R35-TypeVoie.html#TRE-R35-TypeVoie-COLI\">COLI</a></td><td>Colline</td></tr><tr><td><a href=\"CodeSystem-TRE-R35-TypeVoie.html#TRE-R35-TypeVoie-COR\">COR</a></td><td>Corniche</td></tr><tr><td><a href=\"CodeSystem-TRE-R35-TypeVoie.html#TRE-R35-TypeVoie-COTE\">COTE</a></td><td>Cote</td></tr><tr><td><a href=\"CodeSystem-TRE-R35-TypeVoie.html#TRE-R35-TypeVoie-COTT\">COTT</a></td><td>Cottage</td></tr><tr><td><a href=\"CodeSystem-TRE-R35-TypeVoie.html#TRE-R35-TypeVoie-COUR\">COUR</a></td><td>Cour</td></tr><tr><td><a href=\"CodeSystem-TRE-R35-TypeVoie.html#TRE-R35-TypeVoie-CPG\">CPG</a></td><td>Camping</td></tr><tr><td><a href=\"CodeSystem-TRE-R35-TypeVoie.html#TRE-R35-TypeVoie-CRS\">CRS</a></td><td>Cours</td></tr><tr><td><a href=\"CodeSystem-TRE-R35-TypeVoie.html#TRE-R35-TypeVoie-CST\">CST</a></td><td>Castel</td></tr><tr><td><a href=\"CodeSystem-TRE-R35-TypeVoie.html#TRE-R35-TypeVoie-CTR\">CTR</a></td><td>Contour</td></tr><tr><td><a href=\"CodeSystem-TRE-R35-TypeVoie.html#TRE-R35-TypeVoie-CTRE\">CTRE</a></td><td>Centre</td></tr><tr><td><a href=\"CodeSystem-TRE-R35-TypeVoie.html#TRE-R35-TypeVoie-DARS\">DARS</a></td><td>Darse</td></tr><tr><td><a href=\"CodeSystem-TRE-R35-TypeVoie.html#TRE-R35-TypeVoie-DEG\">DEG</a></td><td>Degré</td></tr><tr><td><a href=\"CodeSystem-TRE-R35-TypeVoie.html#TRE-R35-TypeVoie-DIG\">DIG</a></td><td>Digue</td></tr><tr><td><a href=\"CodeSystem-TRE-R35-TypeVoie.html#TRE-R35-TypeVoie-DOM\">DOM</a></td><td>Domaine</td></tr><tr><td><a href=\"CodeSystem-TRE-R35-TypeVoie.html#TRE-R35-TypeVoie-DSC\">DSC</a></td><td>Descente</td></tr><tr><td><a href=\"CodeSystem-TRE-R35-TypeVoie.html#TRE-R35-TypeVoie-ECL\">ECL</a></td><td>Ecluse</td></tr><tr><td><a href=\"CodeSystem-TRE-R35-TypeVoie.html#TRE-R35-TypeVoie-EGL\">EGL</a></td><td>Eglise</td></tr><tr><td><a href=\"CodeSystem-TRE-R35-TypeVoie.html#TRE-R35-TypeVoie-EN\">EN</a></td><td>Enceinte</td></tr><tr><td><a href=\"CodeSystem-TRE-R35-TypeVoie.html#TRE-R35-TypeVoie-ENC\">ENC</a></td><td>Enclos</td></tr><tr><td><a href=\"CodeSystem-TRE-R35-TypeVoie.html#TRE-R35-TypeVoie-ENV\">ENV</a></td><td>Enclave</td></tr><tr><td><a href=\"CodeSystem-TRE-R35-TypeVoie.html#TRE-R35-TypeVoie-ESC\">ESC</a></td><td>Escalier</td></tr><tr><td><a href=\"CodeSystem-TRE-R35-TypeVoie.html#TRE-R35-TypeVoie-ESP\">ESP</a></td><td>Esplanade</td></tr><tr><td><a href=\"CodeSystem-TRE-R35-TypeVoie.html#TRE-R35-TypeVoie-ESPA\">ESPA</a></td><td>Espace</td></tr><tr><td><a href=\"CodeSystem-TRE-R35-TypeVoie.html#TRE-R35-TypeVoie-ETNG\">ETNG</a></td><td>Etang</td></tr><tr><td><a href=\"CodeSystem-TRE-R35-TypeVoie.html#TRE-R35-TypeVoie-FG\">FG</a></td><td>Faubourg</td></tr><tr><td><a href=\"CodeSystem-TRE-R35-TypeVoie.html#TRE-R35-TypeVoie-FON\">FON</a></td><td>Fontaine</td></tr><tr><td><a href=\"CodeSystem-TRE-R35-TypeVoie.html#TRE-R35-TypeVoie-FORM\">FORM</a></td><td>Forum</td></tr><tr><td><a href=\"CodeSystem-TRE-R35-TypeVoie.html#TRE-R35-TypeVoie-FORT\">FORT</a></td><td>Fort</td></tr><tr><td><a href=\"CodeSystem-TRE-R35-TypeVoie.html#TRE-R35-TypeVoie-FOS\">FOS</a></td><td>Fosse</td></tr><tr><td><a href=\"CodeSystem-TRE-R35-TypeVoie.html#TRE-R35-TypeVoie-FOYR\">FOYR</a></td><td>Foyer</td></tr><tr><td><a href=\"CodeSystem-TRE-R35-TypeVoie.html#TRE-R35-TypeVoie-FRM\">FRM</a></td><td>Ferme</td></tr><tr><td><a href=\"CodeSystem-TRE-R35-TypeVoie.html#TRE-R35-TypeVoie-GAL\">GAL</a></td><td>Galerie</td></tr><tr><td><a href=\"CodeSystem-TRE-R35-TypeVoie.html#TRE-R35-TypeVoie-GARE\">GARE</a></td><td>Gare</td></tr><tr><td><a href=\"CodeSystem-TRE-R35-TypeVoie.html#TRE-R35-TypeVoie-GARN\">GARN</a></td><td>Garenne</td></tr><tr><td><a href=\"CodeSystem-TRE-R35-TypeVoie.html#TRE-R35-TypeVoie-GBD\">GBD</a></td><td>Grand boulevard</td></tr><tr><td><a href=\"CodeSystem-TRE-R35-TypeVoie.html#TRE-R35-TypeVoie-GDEN\">GDEN</a></td><td>Grand ensemble</td></tr><tr><td><a href=\"CodeSystem-TRE-R35-TypeVoie.html#TRE-R35-TypeVoie-GPE\">GPE</a></td><td>Groupe</td></tr><tr><td><a href=\"CodeSystem-TRE-R35-TypeVoie.html#TRE-R35-TypeVoie-GPT\">GPT</a></td><td>Groupement</td></tr><tr><td><a href=\"CodeSystem-TRE-R35-TypeVoie.html#TRE-R35-TypeVoie-GR\">GR</a></td><td>Grand rue</td></tr><tr><td><a href=\"CodeSystem-TRE-R35-TypeVoie.html#TRE-R35-TypeVoie-GRI\">GRI</a></td><td>Grille</td></tr><tr><td><a href=\"CodeSystem-TRE-R35-TypeVoie.html#TRE-R35-TypeVoie-GRIM\">GRIM</a></td><td>Grimpette</td></tr><tr><td><a href=\"CodeSystem-TRE-R35-TypeVoie.html#TRE-R35-TypeVoie-HAM\">HAM</a></td><td>Hameau</td></tr><tr><td><a href=\"CodeSystem-TRE-R35-TypeVoie.html#TRE-R35-TypeVoie-HCH\">HCH</a></td><td>Haut chemin</td></tr><tr><td><a href=\"CodeSystem-TRE-R35-TypeVoie.html#TRE-R35-TypeVoie-HIP\">HIP</a></td><td>Hippodrome</td></tr><tr><td><a href=\"CodeSystem-TRE-R35-TypeVoie.html#TRE-R35-TypeVoie-HLE\">HLE</a></td><td>Halle</td></tr><tr><td><a href=\"CodeSystem-TRE-R35-TypeVoie.html#TRE-R35-TypeVoie-HLM\">HLM</a></td><td>HLM</td></tr><tr><td><a href=\"CodeSystem-TRE-R35-TypeVoie.html#TRE-R35-TypeVoie-ILE\">ILE</a></td><td>Ile</td></tr><tr><td><a href=\"CodeSystem-TRE-R35-TypeVoie.html#TRE-R35-TypeVoie-IMM\">IMM</a></td><td>Immeuble</td></tr><tr><td><a href=\"CodeSystem-TRE-R35-TypeVoie.html#TRE-R35-TypeVoie-IMP\">IMP</a></td><td>Impasse</td></tr><tr><td><a href=\"CodeSystem-TRE-R35-TypeVoie.html#TRE-R35-TypeVoie-JARD\">JARD</a></td><td>Jardin</td></tr><tr><td><a href=\"CodeSystem-TRE-R35-TypeVoie.html#TRE-R35-TypeVoie-JTE\">JTE</a></td><td>Jetée</td></tr><tr><td><a href=\"CodeSystem-TRE-R35-TypeVoie.html#TRE-R35-TypeVoie-LD\">LD</a></td><td>Lieu dit</td></tr><tr><td><a href=\"CodeSystem-TRE-R35-TypeVoie.html#TRE-R35-TypeVoie-LEVE\">LEVE</a></td><td>Levée</td></tr><tr><td><a href=\"CodeSystem-TRE-R35-TypeVoie.html#TRE-R35-TypeVoie-LOT\">LOT</a></td><td>Lotissement</td></tr><tr><td><a href=\"CodeSystem-TRE-R35-TypeVoie.html#TRE-R35-TypeVoie-MAIL\">MAIL</a></td><td>Mail</td></tr><tr><td><a href=\"CodeSystem-TRE-R35-TypeVoie.html#TRE-R35-TypeVoie-MAN\">MAN</a></td><td>Manoir</td></tr><tr><td><a href=\"CodeSystem-TRE-R35-TypeVoie.html#TRE-R35-TypeVoie-MAR\">MAR</a></td><td>Marche</td></tr><tr><td><a href=\"CodeSystem-TRE-R35-TypeVoie.html#TRE-R35-TypeVoie-MAS\">MAS</a></td><td>Mas</td></tr><tr><td><a href=\"CodeSystem-TRE-R35-TypeVoie.html#TRE-R35-TypeVoie-MET\">MET</a></td><td>Métro</td></tr><tr><td><a href=\"CodeSystem-TRE-R35-TypeVoie.html#TRE-R35-TypeVoie-MF\">MF</a></td><td>Maison forestière</td></tr><tr><td><a href=\"CodeSystem-TRE-R35-TypeVoie.html#TRE-R35-TypeVoie-MLN\">MLN</a></td><td>Moulin</td></tr><tr><td><a href=\"CodeSystem-TRE-R35-TypeVoie.html#TRE-R35-TypeVoie-MTE\">MTE</a></td><td>Montée</td></tr><tr><td><a href=\"CodeSystem-TRE-R35-TypeVoie.html#TRE-R35-TypeVoie-MUS\">MUS</a></td><td>Musée</td></tr><tr><td><a href=\"CodeSystem-TRE-R35-TypeVoie.html#TRE-R35-TypeVoie-NTE\">NTE</a></td><td>Nouvelle route</td></tr><tr><td><a href=\"CodeSystem-TRE-R35-TypeVoie.html#TRE-R35-TypeVoie-PAE\">PAE</a></td><td>Petite avenue</td></tr><tr><td><a href=\"CodeSystem-TRE-R35-TypeVoie.html#TRE-R35-TypeVoie-PAL\">PAL</a></td><td>Palais</td></tr><tr><td><a href=\"CodeSystem-TRE-R35-TypeVoie.html#TRE-R35-TypeVoie-PARC\">PARC</a></td><td>Parc</td></tr><tr><td><a href=\"CodeSystem-TRE-R35-TypeVoie.html#TRE-R35-TypeVoie-PAS\">PAS</a></td><td>Passage</td></tr><tr><td><a href=\"CodeSystem-TRE-R35-TypeVoie.html#TRE-R35-TypeVoie-PASS\">PASS</a></td><td>Passe</td></tr><tr><td><a href=\"CodeSystem-TRE-R35-TypeVoie.html#TRE-R35-TypeVoie-PAT\">PAT</a></td><td>Patio</td></tr><tr><td><a href=\"CodeSystem-TRE-R35-TypeVoie.html#TRE-R35-TypeVoie-PAV\">PAV</a></td><td>Pavillon</td></tr><tr><td><a href=\"CodeSystem-TRE-R35-TypeVoie.html#TRE-R35-TypeVoie-PCH\">PCH</a></td><td>Petit chemin</td></tr><tr><td><a href=\"CodeSystem-TRE-R35-TypeVoie.html#TRE-R35-TypeVoie-PCHE\">PCHE</a></td><td>Porche</td></tr><tr><td><a href=\"CodeSystem-TRE-R35-TypeVoie.html#TRE-R35-TypeVoie-PERI\">PERI</a></td><td>Périphérique</td></tr><tr><td><a href=\"CodeSystem-TRE-R35-TypeVoie.html#TRE-R35-TypeVoie-PIM\">PIM</a></td><td>Petite impasse</td></tr><tr><td><a href=\"CodeSystem-TRE-R35-TypeVoie.html#TRE-R35-TypeVoie-PKG\">PKG</a></td><td>Parking</td></tr><tr><td><a href=\"CodeSystem-TRE-R35-TypeVoie.html#TRE-R35-TypeVoie-PL\">PL</a></td><td>Place</td></tr><tr><td><a href=\"CodeSystem-TRE-R35-TypeVoie.html#TRE-R35-TypeVoie-PLAG\">PLAG</a></td><td>Plage</td></tr><tr><td><a href=\"CodeSystem-TRE-R35-TypeVoie.html#TRE-R35-TypeVoie-PLAN\">PLAN</a></td><td>Plan</td></tr><tr><td><a href=\"CodeSystem-TRE-R35-TypeVoie.html#TRE-R35-TypeVoie-PLCI\">PLCI</a></td><td>Placis</td></tr><tr><td><a href=\"CodeSystem-TRE-R35-TypeVoie.html#TRE-R35-TypeVoie-PLE\">PLE</a></td><td>Passerelle</td></tr><tr><td><a href=\"CodeSystem-TRE-R35-TypeVoie.html#TRE-R35-TypeVoie-PLN\">PLN</a></td><td>Plaine</td></tr><tr><td><a href=\"CodeSystem-TRE-R35-TypeVoie.html#TRE-R35-TypeVoie-PLT\">PLT</a></td><td>Plateau</td></tr><tr><td><a href=\"CodeSystem-TRE-R35-TypeVoie.html#TRE-R35-TypeVoie-PN\">PN</a></td><td>Passage à niveau</td></tr><tr><td><a href=\"CodeSystem-TRE-R35-TypeVoie.html#TRE-R35-TypeVoie-PNT\">PNT</a></td><td>Pointe</td></tr><tr><td><a href=\"CodeSystem-TRE-R35-TypeVoie.html#TRE-R35-TypeVoie-PONT\">PONT</a></td><td>Pont</td></tr><tr><td><a href=\"CodeSystem-TRE-R35-TypeVoie.html#TRE-R35-TypeVoie-PORQ\">PORQ</a></td><td>Portique</td></tr><tr><td><a href=\"CodeSystem-TRE-R35-TypeVoie.html#TRE-R35-TypeVoie-PORT\">PORT</a></td><td>Port</td></tr><tr><td><a href=\"CodeSystem-TRE-R35-TypeVoie.html#TRE-R35-TypeVoie-POT\">POT</a></td><td>Poterne</td></tr><tr><td><a href=\"CodeSystem-TRE-R35-TypeVoie.html#TRE-R35-TypeVoie-POUR\">POUR</a></td><td>Pourtour</td></tr><tr><td><a href=\"CodeSystem-TRE-R35-TypeVoie.html#TRE-R35-TypeVoie-PRE\">PRE</a></td><td>Pré</td></tr><tr><td><a href=\"CodeSystem-TRE-R35-TypeVoie.html#TRE-R35-TypeVoie-PROM\">PROM</a></td><td>Promenade</td></tr><tr><td><a href=\"CodeSystem-TRE-R35-TypeVoie.html#TRE-R35-TypeVoie-PRQ\">PRQ</a></td><td>Presqu'ile</td></tr><tr><td><a href=\"CodeSystem-TRE-R35-TypeVoie.html#TRE-R35-TypeVoie-PRT\">PRT</a></td><td>Petite route</td></tr><tr><td><a href=\"CodeSystem-TRE-R35-TypeVoie.html#TRE-R35-TypeVoie-PRV\">PRV</a></td><td>Parvis</td></tr><tr><td><a href=\"CodeSystem-TRE-R35-TypeVoie.html#TRE-R35-TypeVoie-PSTY\">PSTY</a></td><td>Péristyle</td></tr><tr><td><a href=\"CodeSystem-TRE-R35-TypeVoie.html#TRE-R35-TypeVoie-PTA\">PTA</a></td><td>Petite allée</td></tr><tr><td><a href=\"CodeSystem-TRE-R35-TypeVoie.html#TRE-R35-TypeVoie-PTE\">PTE</a></td><td>Porte</td></tr><tr><td><a href=\"CodeSystem-TRE-R35-TypeVoie.html#TRE-R35-TypeVoie-QU\">QU</a></td><td>Quai</td></tr><tr><td><a href=\"CodeSystem-TRE-R35-TypeVoie.html#TRE-R35-TypeVoie-QUA\">QUA</a></td><td>Quartier</td></tr><tr><td><a href=\"CodeSystem-TRE-R35-TypeVoie.html#TRE-R35-TypeVoie-R\">R</a></td><td>Rue</td></tr><tr><td><a href=\"CodeSystem-TRE-R35-TypeVoie.html#TRE-R35-TypeVoie-RAC\">RAC</a></td><td>Raccourci</td></tr><tr><td><a href=\"CodeSystem-TRE-R35-TypeVoie.html#TRE-R35-TypeVoie-RAID\">RAID</a></td><td>Raidillon</td></tr><tr><td><a href=\"CodeSystem-TRE-R35-TypeVoie.html#TRE-R35-TypeVoie-REM\">REM</a></td><td>Rempart</td></tr><tr><td><a href=\"CodeSystem-TRE-R35-TypeVoie.html#TRE-R35-TypeVoie-RES\">RES</a></td><td>Résidence</td></tr><tr><td><a href=\"CodeSystem-TRE-R35-TypeVoie.html#TRE-R35-TypeVoie-RLE\">RLE</a></td><td>Ruelle</td></tr><tr><td><a href=\"CodeSystem-TRE-R35-TypeVoie.html#TRE-R35-TypeVoie-ROC\">ROC</a></td><td>Rocade</td></tr><tr><td><a href=\"CodeSystem-TRE-R35-TypeVoie.html#TRE-R35-TypeVoie-ROQT\">ROQT</a></td><td>Roquet</td></tr><tr><td><a href=\"CodeSystem-TRE-R35-TypeVoie.html#TRE-R35-TypeVoie-RPE\">RPE</a></td><td>Rampe</td></tr><tr><td><a href=\"CodeSystem-TRE-R35-TypeVoie.html#TRE-R35-TypeVoie-RPT\">RPT</a></td><td>Rond point</td></tr><tr><td><a href=\"CodeSystem-TRE-R35-TypeVoie.html#TRE-R35-TypeVoie-RTD\">RTD</a></td><td>Rotonde</td></tr><tr><td><a href=\"CodeSystem-TRE-R35-TypeVoie.html#TRE-R35-TypeVoie-RTE\">RTE</a></td><td>Route</td></tr><tr><td><a href=\"CodeSystem-TRE-R35-TypeVoie.html#TRE-R35-TypeVoie-RUE\">RUE</a></td><td>Rue</td></tr><tr><td><a href=\"CodeSystem-TRE-R35-TypeVoie.html#TRE-R35-TypeVoie-SEN\">SEN</a></td><td>Sentier</td></tr><tr><td><a href=\"CodeSystem-TRE-R35-TypeVoie.html#TRE-R35-TypeVoie-SQ\">SQ</a></td><td>Square</td></tr><tr><td><a href=\"CodeSystem-TRE-R35-TypeVoie.html#TRE-R35-TypeVoie-STA\">STA</a></td><td>Station</td></tr><tr><td><a href=\"CodeSystem-TRE-R35-TypeVoie.html#TRE-R35-TypeVoie-STDE\">STDE</a></td><td>Stade</td></tr><tr><td><a href=\"CodeSystem-TRE-R35-TypeVoie.html#TRE-R35-TypeVoie-TOUR\">TOUR</a></td><td>Tour</td></tr><tr><td><a href=\"CodeSystem-TRE-R35-TypeVoie.html#TRE-R35-TypeVoie-TPL\">TPL</a></td><td>Terre plein</td></tr><tr><td><a href=\"CodeSystem-TRE-R35-TypeVoie.html#TRE-R35-TypeVoie-TRA\">TRA</a></td><td>Traverse</td></tr><tr><td><a href=\"CodeSystem-TRE-R35-TypeVoie.html#TRE-R35-TypeVoie-TRN\">TRN</a></td><td>Terrain</td></tr><tr><td><a href=\"CodeSystem-TRE-R35-TypeVoie.html#TRE-R35-TypeVoie-TRT\">TRT</a></td><td>Tertre</td></tr><tr><td><a href=\"CodeSystem-TRE-R35-TypeVoie.html#TRE-R35-TypeVoie-TSSE\">TSSE</a></td><td>Terrasse</td></tr><tr><td><a href=\"CodeSystem-TRE-R35-TypeVoie.html#TRE-R35-TypeVoie-VAL\">VAL</a></td><td>Vallée, vallon</td></tr><tr><td><a href=\"CodeSystem-TRE-R35-TypeVoie.html#TRE-R35-TypeVoie-VCHE\">VCHE</a></td><td>Vieux chemin</td></tr><tr><td><a href=\"CodeSystem-TRE-R35-TypeVoie.html#TRE-R35-TypeVoie-VEN\">VEN</a></td><td>Venelle</td></tr><tr><td><a href=\"CodeSystem-TRE-R35-TypeVoie.html#TRE-R35-TypeVoie-VGE\">VGE</a></td><td>Village</td></tr><tr><td><a href=\"CodeSystem-TRE-R35-TypeVoie.html#TRE-R35-TypeVoie-VIA\">VIA</a></td><td>Via</td></tr><tr><td><a href=\"CodeSystem-TRE-R35-TypeVoie.html#TRE-R35-TypeVoie-VLA\">VLA</a></td><td>Villa</td></tr><tr><td><a href=\"CodeSystem-TRE-R35-TypeVoie.html#TRE-R35-TypeVoie-VLGE\">VLGE</a></td><td>Village</td></tr><tr><td><a href=\"CodeSystem-TRE-R35-TypeVoie.html#TRE-R35-TypeVoie-VOI\">VOI</a></td><td>Voie</td></tr><tr><td><a href=\"CodeSystem-TRE-R35-TypeVoie.html#TRE-R35-TypeVoie-VTE\">VTE</a></td><td>Vieille route</td></tr><tr><td><a href=\"CodeSystem-TRE-R35-TypeVoie.html#TRE-R35-TypeVoie-ZA\">ZA</a></td><td>Zone d'activité</td></tr><tr><td><a href=\"CodeSystem-TRE-R35-TypeVoie.html#TRE-R35-TypeVoie-ZAC\">ZAC</a></td><td>Zone d'aménagement concerté</td></tr><tr><td><a href=\"CodeSystem-TRE-R35-TypeVoie.html#TRE-R35-TypeVoie-ZAD\">ZAD</a></td><td>Zone d'aménagement différé</td></tr><tr><td><a href=\"CodeSystem-TRE-R35-TypeVoie.html#TRE-R35-TypeVoie-ZI\">ZI</a></td><td>Zone industrielle</td></tr><tr><td><a href=\"CodeSystem-TRE-R35-TypeVoie.html#TRE-R35-TypeVoie-ZONE\">ZONE</a></td><td>Zone</td></tr><tr><td><a href=\"CodeSystem-TRE-R35-TypeVoie.html#TRE-R35-TypeVoie-ZUP\">ZUP</a></td><td>Zone à urbaniser en priorité</td></tr></table></li></ul></div>"},"extension":[{"url":"http://hl7.org/fhir/StructureDefinition/resource-effectivePeriod","valuePeriod":{"start":"2022-08-26T12:00:00+01:00"}}],"url":"https://mos.esante.gouv.fr/NOS/JDV_J219-TypeVoie-ROR/FHIR/JDV-J219-TypeVoie-ROR","identifier":[{"system":"urn:ietf:rfc:3986","value":"urn:oid:1.2.250.1.213.3.4.51"}],"version":"20220826120000","name":"JDV_J219_TypeVoie_ROR","status":"active","experimental":false,"date":"2022-08-26T12:00:00+01:00","publisher":"Agence du Numérique en Santé (ANS) - 2-10 Rue d'Oradour-sur-Glane, 75015 Paris","description":"Type de voie","jurisdiction":[{"coding":[{"system":"urn:iso:std:iso:3166","code":"FR"}]}],"compose":{"include":[{"system":"https://mos.esante.gouv.fr/NOS/TRE_R35-TypeVoie/FHIR/TRE-R35-TypeVoie","concept":[{"code":"ABE","display":"Abbaye"},{"code":"ACH","display":"Ancien chemin"},{"code":"AERD","display":"Aérodrome"},{"code":"AERG","display":"Aérogare"},{"code":"AERP","display":"Aéroport"},{"code":"AGL","display":"Agglomération"},{"code":"AIRE","display":"Aire"},{"code":"ALL","display":"Allée"},{"code":"ANGL","display":"Angle"},{"code":"ANSE","display":"Anse"},{"code":"ARC","display":"Arcade"},{"code":"ART","display":"Ancienne route"},{"code":"AUT","display":"Autoroute"},{"code":"AV","display":"Avenue"},{"code":"BAST","display":"Bastion"},{"code":"BCH","display":"Bas chemin"},{"code":"BCLE","display":"Boucle"},{"code":"BD","display":"Boulevard"},{"code":"BEGI","display":"Béguinage"},{"code":"BER","display":"Berge"},{"code":"BOIS","display":"Bois"},{"code":"BRE","display":"Barrière"},{"code":"BRG","display":"Bourg"},{"code":"BSTD","display":"Bastide"},{"code":"BUT","display":"Butte"},{"code":"CALE","display":"Cale"},{"code":"CAMP","display":"Camp"},{"code":"CAR","display":"Carrefour"},{"code":"CARE","display":"Carrière"},{"code":"CARR","display":"Carré"},{"code":"CAU","display":"Carreau"},{"code":"CAV","display":"Cavée"},{"code":"CCAL","display":"Centre commercial"},{"code":"CGNE","display":"Campagne"},{"code":"CHE","display":"Chemin"},{"code":"CHEM","display":"Chemin, cheminement"},{"code":"CHEZ","display":"Chez"},{"code":"CHI","display":"Charmille"},{"code":"CHL","display":"Chalet"},{"code":"CHP","display":"Chapelle"},{"code":"CHS","display":"Chaussée"},{"code":"CHT","display":"Château"},{"code":"CHV","display":"Chemin vicinal"},{"code":"CITE","display":"Cité"},{"code":"CLOI","display":"Cloître"},{"code":"CLOS","display":"Clos"},{"code":"COL","display":"Col"},{"code":"COLI","display":"Colline"},{"code":"COR","display":"Corniche"},{"code":"COTE","display":"Cote"},{"code":"COTT","display":"Cottage"},{"code":"COUR","display":"Cour"},{"code":"CPG","display":"Camping"},{"code":"CRS","display":"Cours"},{"code":"CST","display":"Castel"},{"code":"CTR","display":"Contour"},{"code":"CTRE","display":"Centre"},{"code":"DARS","display":"Darse"},{"code":"DEG","display":"Degré"},{"code":"DIG","display":"Digue"},{"code":"DOM","display":"Domaine"},{"code":"DSC","display":"Descente"},{"code":"ECL","display":"Ecluse"},{"code":"EGL","display":"Eglise"},{"code":"EN","display":"Enceinte"},{"code":"ENC","display":"Enclos"},{"code":"ENV","display":"Enclave"},{"code":"ESC","display":"Escalier"},{"code":"ESP","display":"Esplanade"},{"code":"ESPA","display":"Espace"},{"code":"ETNG","display":"Etang"},{"code":"FG","display":"Faubourg"},{"code":"FON","display":"Fontaine"},{"code":"FORM","display":"Forum"},{"code":"FORT","display":"Fort"},{"code":"FOS","display":"Fosse"},{"code":"FOYR","display":"Foyer"},{"code":"FRM","display":"Ferme"},{"code":"GAL","display":"Galerie"},{"code":"GARE","display":"Gare"},{"code":"GARN","display":"Garenne"},{"code":"GBD","display":"Grand boulevard"},{"code":"GDEN","display":"Grand ensemble"},{"code":"GPE","display":"Groupe"},{"code":"GPT","display":"Groupement"},{"code":"GR","display":"Grand rue"},{"code":"GRI","display":"Grille"},{"code":"GRIM","display":"Grimpette"},{"code":"HAM","display":"Hameau"},{"code":"HCH","display":"Haut chemin"},{"code":"HIP","display":"Hippodrome"},{"code":"HLE","display":"Halle"},{"code":"HLM","display":"HLM"},{"code":"ILE","display":"Ile"},{"code":"IMM","display":"Immeuble"},{"code":"IMP","display":"Impasse"},{"code":"JARD","display":"Jardin"},{"code":"JTE","display":"Jetée"},{"code":"LD","display":"Lieu dit"},{"code":"LEVE","display":"Levée"},{"code":"LOT","display":"Lotissement"},{"code":"MAIL","display":"Mail"},{"code":"MAN","display":"Manoir"},{"code":"MAR","display":"Marche"},{"code":"MAS","display":"Mas"},{"code":"MET","display":"Métro"},{"code":"MF","display":"Maison forestière"},{"code":"MLN","display":"Moulin"},{"code":"MTE","display":"Montée"},{"code":"MUS","display":"Musée"},{"code":"NTE","display":"Nouvelle route"},{"code":"PAE","display":"Petite avenue"},{"code":"PAL","display":"Palais"},{"code":"PARC","display":"Parc"},{"code":"PAS","display":"Passage"},{"code":"PASS","display":"Passe"},{"code":"PAT","display":"Patio"},{"code":"PAV","display":"Pavillon"},{"code":"PCH","display":"Petit chemin"},{"code":"PCHE","display":"Porche"},{"code":"PERI","display":"Périphérique"},{"code":"PIM","display":"Petite impasse"},{"code":"PKG","display":"Parking"},{"code":"PL","display":"Place"},{"code":"PLAG","display":"Plage"},{"code":"PLAN","display":"Plan"},{"code":"PLCI","display":"Placis"},{"code":"PLE","display":"Passerelle"},{"code":"PLN","display":"Plaine"},{"code":"PLT","display":"Plateau"},{"code":"PN","display":"Passage à niveau"},{"code":"PNT","display":"Pointe"},{"code":"PONT","display":"Pont"},{"code":"PORQ","display":"Portique"},{"code":"PORT","display":"Port"},{"code":"POT","display":"Poterne"},{"code":"POUR","display":"Pourtour"},{"code":"PRE","display":"Pré"},{"code":"PROM","display":"Promenade"},{"code":"PRQ","display":"Presqu'ile"},{"code":"PRT","display":"Petite route"},{"code":"PRV","display":"Parvis"},{"code":"PSTY","display":"Péristyle"},{"code":"PTA","display":"Petite allée"},{"code":"PTE","display":"Porte"},{"code":"QU","display":"Quai"},{"code":"QUA","display":"Quartier"},{"code":"R","display":"Rue"},{"code":"RAC","display":"Raccourci"},{"code":"RAID","display":"Raidillon"},{"code":"REM","display":"Rempart"},{"code":"RES","display":"Résidence"},{"code":"RLE","display":"Ruelle"},{"code":"ROC","display":"Rocade"},{"code":"ROQT","display":"Roquet"},{"code":"RPE","display":"Rampe"},{"code":"RPT","display":"Rond point"},{"code":"RTD","display":"Rotonde"},{"code":"RTE","display":"Route"},{"code":"RUE","display":"Rue"},{"code":"SEN","display":"Sentier"},{"code":"SQ","display":"Square"},{"code":"STA","display":"Station"},{"code":"STDE","display":"Stade"},{"code":"TOUR","display":"Tour"},{"code":"TPL","display":"Terre plein"},{"code":"TRA","display":"Traverse"},{"code":"TRN","display":"Terrain"},{"code":"TRT","display":"Tertre"},{"code":"TSSE","display":"Terrasse"},{"code":"VAL","display":"Vallée, vallon"},{"code":"VCHE","display":"Vieux chemin"},{"code":"VEN","display":"Venelle"},{"code":"VGE","display":"Village"},{"code":"VIA","display":"Via"},{"code":"VLA","display":"Villa"},{"code":"VLGE","display":"Village"},{"code":"VOI","display":"Voie"},{"code":"VTE","display":"Vieille route"},{"code":"ZA","display":"Zone d'activité"},{"code":"ZAC","display":"Zone d'aménagement concerté"},{"code":"ZAD","display":"Zone d'aménagement différé"},{"code":"ZI","display":"Zone industrielle"},{"code":"ZONE","display":"Zone"},{"code":"ZUP","display":"Zone à urbaniser en priorité"}]}]}}