<?xml version="1.0" encoding="UTF-8"?>

<ValueSet xmlns="http://hl7.org/fhir">
  <id value="jdv-complication-neuropsychiatrique-cisis"/>
  <meta>
    <versionId value="1"/>
    <lastUpdated value="2025-06-06T11:04:01.595+00:00"/>
    <profile value="http://hl7.org/fhir/StructureDefinition/shareablevalueset"/>
  </meta>
  <language value="fr-FR"/>
  <text>
    <status value="generated"/><div xmlns="http://www.w3.org/1999/xhtml" xml:lang="fr-FR" lang="fr-FR"><p class="res-header-id"><b>Generated Narrative: ValueSet jdv-complication-neuropsychiatrique-cisis</b></p><a name="jdv-complication-neuropsychiatrique-cisis"> </a><a name="hcjdv-complication-neuropsychiatrique-cisis"> </a><a name="jdv-complication-neuropsychiatrique-cisis-fr-FR"> </a><div style="display: inline-block; background-color: #d9e0e7; padding: 6px; margin: 4px; border: 1px solid #8da1b4; border-radius: 5px; line-height: 60%"><p style="margin-bottom: 0px">version: 1; Last updated: 2025-06-06 11:04:01+0000; Language: fr-FR</p><p style="margin-bottom: 0px">Profil: <a href="http://hl7.org/fhir/R4/shareablevalueset.html">Shareable ValueSet</a></p></div><p>Ce jeu de valeur (ValueSet) inclut les codes selon les règles suivantes :</p><ul><li>Include ces codes sont définis dans <a href="CodeSystem-terminologie-cim-10.html"><code>https://smt.esante.gouv.fr/terminologie-cim-10</code></a><table class="none"><tr><td style="white-space:nowrap"><b>Code</b></td><td><b>Display</b></td></tr><tr><td>F32.9</td><td>Épisode dépressif, sans précision</td></tr></table></li><li>Include ces codes sont définis dans <a href="CodeSystem-terminologie-cisis.html"><code>https://smt.esante.gouv.fr/fhir/CodeSystem/terminologie-cisis</code></a><table class="none"><tr><td style="white-space:nowrap"><b>Code</b></td><td><b>Display</b></td></tr><tr><td><a href="CodeSystem-terminologie-cisis.html#terminologie-cisis-MED-523">MED-523</a></td><td>Syndrome anxieux</td></tr><tr><td><a href="CodeSystem-terminologie-cisis.html#terminologie-cisis-MED-524">MED-524</a></td><td>Troubles du comportement (agitation, hallucinations)</td></tr><tr><td><a href="CodeSystem-terminologie-cisis.html#terminologie-cisis-MED-525">MED-525</a></td><td>Troubles du sommeil</td></tr><tr><td><a href="CodeSystem-terminologie-cisis.html#terminologie-cisis-GEN-092.4601.4615">GEN-092.01.15</a></td><td>Autres syndromes psycho-comportementaux</td></tr></table></li></ul></div>
  </text>
  <extension url="http://hl7.org/fhir/StructureDefinition/resource-effectivePeriod">
    <valuePeriod>
      <start value="2010-01-01T00:00:00+01:00"/>
    </valuePeriod>
  </extension>
  <url value="https://smt.esante.gouv.fr/fhir/ValueSet/jdv-complication-neuropsychiatrique-cisis"/>
  <identifier>
    <system value="urn:ietf:rfc:3986"/>
    <value value="urn:oid:1.2.250.1.213.1.1.5.223"/>
  </identifier>
  <version value="20250606103858"/>
  <name value="JdvComplicationNeuropsychiatriqueCisis"/>
  <title value="JDV Complication Neuropsychiatrique CISIS"/>
  <status value="active"/>
  <experimental value="false"/>
  <date value="2025-06-06T10:38:58+01:00"/>
  <publisher value="Agence du Numérique en Santé(ANS) -2 - 10 Rue d'Oradour-sur-Glane, 75015 Paris"/>
  <description value="JDV Complication Neuropsychiatrique CISIS"/>
  <jurisdiction>
    <coding>
      <system value="urn:iso:std:iso:3166"/>
      <code value="FR"/>
    </coding>
  </jurisdiction>
  <compose>
    <include>
      <system value="https://smt.esante.gouv.fr/terminologie-cim-10"/>
      <concept>
        <code value="F32.9"/>
        <display value="Épisode dépressif, sans précision"/>
      </concept>
    </include>
    <include>
      <system value="https://smt.esante.gouv.fr/fhir/CodeSystem/terminologie-cisis"/>
      <concept>
        <code value="MED-523"/>
        <display value="Syndrome anxieux"/>
      </concept>
      <concept>
        <code value="MED-524"/>
        <display value="Troubles du comportement (agitation, hallucinations)"/>
      </concept>
      <concept>
        <code value="MED-525"/>
        <display value="Troubles du sommeil"/>
      </concept>
      <concept>
        <code value="GEN-092.01.15"/>
        <display value="Autres syndromes psycho-comportementaux"/>
      </concept>
    </include>
  </compose>
</ValueSet>