<?xml version="1.0" encoding="UTF-8"?>

<ValueSet xmlns="http://hl7.org/fhir">
  <id value="JDV-J198-FonctionLieu-ROR"/>
  <meta>
    <versionId value="3"/>
    <lastUpdated value="2024-04-27T05:07:13.905+00:00"/>
    <profile value="http://hl7.org/fhir/StructureDefinition/shareablevalueset"/>
  </meta>
  <language value="fr-FR"/>
  <text>
    <status value="generated"/><div xmlns="http://www.w3.org/1999/xhtml" xml:lang="fr-FR" lang="fr-FR"><p class="res-header-id"><b>Generated Narrative: ValueSet JDV-J198-FonctionLieu-ROR</b></p><a name="JDV-J198-FonctionLieu-ROR"> </a><a name="hcJDV-J198-FonctionLieu-ROR"> </a><a name="JDV-J198-FonctionLieu-ROR-fr-FR"> </a><div style="display: inline-block; background-color: #d9e0e7; padding: 6px; margin: 4px; border: 1px solid #8da1b4; border-radius: 5px; line-height: 60%"><p style="margin-bottom: 0px">version: 3; Last updated: 2024-04-27 05:07:13+0000; Language: fr-FR</p><p style="margin-bottom: 0px">Profil: <a href="http://hl7.org/fhir/R4/shareablevalueset.html">Shareable ValueSet</a></p></div><ul><li>Include ces codes sont définis dans <a href="CodeSystem-TRE-R343-FonctionLieu.html"><code>https://mos.esante.gouv.fr/NOS/TRE_R343-FonctionLieu/FHIR/TRE-R343-FonctionLieu</code></a><table class="none"><tr><td style="white-space:nowrap"><b>Code</b></td><td><b>Display</b></td></tr><tr><td><a href="CodeSystem-TRE-R343-FonctionLieu.html#TRE-R343-FonctionLieu-001">001</a></td><td>Hébergement</td></tr></table></li></ul></div>
  </text>
  <extension url="http://hl7.org/fhir/StructureDefinition/resource-effectivePeriod">
    <valuePeriod>
      <start value="2022-09-30T12:00:00+01:00"/>
    </valuePeriod>
  </extension>
  <url value="https://mos.esante.gouv.fr/NOS/JDV_J198-FonctionLieu-ROR/FHIR/JDV-J198-FonctionLieu-ROR"/>
  <identifier>
    <system value="urn:ietf:rfc:3986"/>
    <value value="urn:oid:1.2.250.1.213.3.4.30"/>
  </identifier>
  <version value="20220930120000"/>
  <name value="JDV_J198_FonctionLieu_ROR"/>
  <status value="active"/>
  <experimental value="false"/>
  <date value="2022-09-30T12:00:00+01:00"/>
  <publisher value="Agence du Numérique en Santé (ANS) - 2-10 Rue d'Oradour-sur-Glane, 75015 Paris"/>
  <description value="Destination d'usage du lieu pour le lieu de réalisation de l'offre."/>
  <jurisdiction>
    <coding>
      <system value="urn:iso:std:iso:3166"/>
      <code value="FR"/>
    </coding>
  </jurisdiction>
  <compose>
    <include>
      <system value="https://mos.esante.gouv.fr/NOS/TRE_R343-FonctionLieu/FHIR/TRE-R343-FonctionLieu"/>
      <concept>
        <code value="001"/>
        <display value="Hébergement"/>
      </concept>
    </include>
  </compose>
</ValueSet>