<?xml version="1.0" encoding="UTF-8"?>

<CodeSystem xmlns="http://hl7.org/fhir">
  <id value="TRE-R324-BesoinSoutienProjetProfessionnel"/>
  <meta>
    <versionId value="5"/>
    <lastUpdated value="2024-08-28T05:13:28.978+00:00"/>
    <profile value="http://hl7.org/fhir/StructureDefinition/shareablecodesystem"/>
  </meta>
  <text>
    <status value="generated"/><div xmlns="http://www.w3.org/1999/xhtml"><p class="res-header-id"><b>Generated Narrative: CodeSystem TRE-R324-BesoinSoutienProjetProfessionnel</b></p><a name="TRE-R324-BesoinSoutienProjetProfessionnel"> </a><a name="hcTRE-R324-BesoinSoutienProjetProfessionnel"> </a><a name="TRE-R324-BesoinSoutienProjetProfessionnel-fr-FR"> </a><div style="display: inline-block; background-color: #d9e0e7; padding: 6px; margin: 4px; border: 1px solid #8da1b4; border-radius: 5px; line-height: 60%"><p style="margin-bottom: 0px">version: 5; Last updated: 2024-08-28 05:13:28+0000</p><p style="margin-bottom: 0px">Profil: <a href="http://hl7.org/fhir/R4/shareablecodesystem.html">Shareable CodeSystem</a></p></div><p><b>Propriétés</b></p><p><b>Cette terminologie de référence (CodeSystem) définit les propriétés suivantes pour ses concepts</b></p><table class="grid"><tr><td><b>Nom</b></td><td><b>Code</b></td><td><b>Type</b></td><td><b>Description</b></td></tr><tr><td>dateValid</td><td>dateValid</td><td>dateTime</td><td>date de validité d'un code concept</td></tr><tr><td>dateMaj</td><td>dateMaj</td><td>dateTime</td><td>Date de mise à jour d'un code concept</td></tr><tr><td>dateFin</td><td>dateFin</td><td>dateTime</td><td>Date de fin d'exploitation d'un code concept</td></tr></table><p><b>Concepts</b></p><p>This case-insensitive code system <code>https://mos.esante.gouv.fr/NOS/TRE_R324-BesoinSoutienProjetProfessionnel/FHIR/TRE-R324-BesoinSoutienProjetProfessionnel</code> defines the following codes:</p><table class="codes"><tr><td style="white-space:nowrap"><b>Code</b></td><td><b>Display</b></td><td><b>Définition</b></td><td><b>dateValid</b></td><td><b>dateMaj</b></td><td><b>French (France) (fr)</b></td></tr><tr><td style="white-space:nowrap">1<a name="TRE-R324-BesoinSoutienProjetProfessionnel-1"> </a></td><td>Faire un bilan des capacités professionnelles</td><td>Le demandeur sollicite un soutien pour réaliser un bilan de ses capacités professionnelles</td><td>2021-09-24T12:00:00+01:00</td><td>2021-09-24T12:00:00+01:00</td><td>Faire bilan capa pro</td></tr><tr><td style="white-space:nowrap">2<a name="TRE-R324-BesoinSoutienProjetProfessionnel-2"> </a></td><td>Préciser le projet professionnel</td><td>Le demandeur sollicite un soutien pour détailler/préciser son projet professionnel</td><td>2021-09-24T12:00:00+01:00</td><td>2021-09-24T12:00:00+01:00</td><td>Préciser projet pro</td></tr><tr><td style="white-space:nowrap">3<a name="TRE-R324-BesoinSoutienProjetProfessionnel-3"> </a></td><td>Adapter l'environnement de travail</td><td>Le demandeur sollicite un soutien pour adapter son environnement de travail</td><td>2021-09-24T12:00:00+01:00</td><td>2021-09-24T12:00:00+01:00</td><td>Adapter env. travail</td></tr><tr><td style="white-space:nowrap">4<a name="TRE-R324-BesoinSoutienProjetProfessionnel-4"> </a></td><td>Accéder à un emploi</td><td>Le demandeur sollicite un soutien pour accéder à un emploi</td><td>2021-09-24T12:00:00+01:00</td><td>2021-09-24T12:00:00+01:00</td><td/></tr><tr><td style="white-space:nowrap">5<a name="TRE-R324-BesoinSoutienProjetProfessionnel-5"> </a></td><td>Accéder à une formation</td><td>Le demandeur sollicite un soutien pour accéder à une formation</td><td>2021-09-24T12:00:00+01:00</td><td>2021-09-24T12:00:00+01:00</td><td/></tr></table></div>
  </text>
  <extension url="http://hl7.org/fhir/StructureDefinition/resource-effectivePeriod">
    <valuePeriod>
      <start value="2021-09-24T12:00:00+01:00"/>
    </valuePeriod>
  </extension>
  <url value="https://mos.esante.gouv.fr/NOS/TRE_R324-BesoinSoutienProjetProfessionnel/FHIR/TRE-R324-BesoinSoutienProjetProfessionnel"/>
  <identifier>
    <system value="urn:ietf:rfc:3986"/>
    <value value="urn:oid:1.2.250.1.213.3.3.79"/>
  </identifier>
  <version value="20240329120000"/>
  <name value="TRE_R324_BesoinSoutienProjetProfessionnel"/>
  <status value="active"/>
  <experimental value="false"/>
  <date value="2024-03-29T12:00:00+01:00"/>
  <publisher value="Agence du Numérique en Santé (ANS) - 2-10 Rue d'Oradour-sur-Glane, 75015 Paris"/>
  <description value="Cette nomenclature permet de préciser le besoin du demandeur quant à l'établissement de son ou ses projet(s) professionnel(s)"/>
  <jurisdiction>
    <coding>
      <system value="urn:iso:std:iso:3166"/>
      <code value="FR"/>
    </coding>
  </jurisdiction>
  <caseSensitive value="false"/>
  <content value="complete"/>
  <property>
    <code value="dateValid"/>
    <description value="date de validité d'un code concept"/>
    <type value="dateTime"/>
  </property>
  <property>
    <code value="dateMaj"/>
    <description value="Date de mise à jour d'un code concept"/>
    <type value="dateTime"/>
  </property>
  <property>
    <code value="dateFin"/>
    <description value="Date de fin d'exploitation d'un code concept"/>
    <type value="dateTime"/>
  </property>
  <concept>
    <code value="1"/>
    <display value="Faire un bilan des capacités professionnelles"/>
    <definition value="Le demandeur sollicite un soutien pour réaliser un bilan de ses capacités professionnelles"/>
    <designation>
      <language value="fr-FR"/>
      <use>
        <system value="http://snomed.info/sct"/>
        <code value="900000000000013009"/>
      </use>
      <value value="Faire bilan capa pro"/>
    </designation>
    <property>
      <code value="dateValid"/>
      <valueDateTime value="2021-09-24T12:00:00+01:00"/>
    </property>
    <property>
      <code value="dateMaj"/>
      <valueDateTime value="2021-09-24T12:00:00+01:00"/>
    </property>
  </concept>
  <concept>
    <code value="2"/>
    <display value="Préciser le projet professionnel"/>
    <definition value="Le demandeur sollicite un soutien pour détailler/préciser son projet professionnel"/>
    <designation>
      <language value="fr-FR"/>
      <use>
        <system value="http://snomed.info/sct"/>
        <code value="900000000000013009"/>
      </use>
      <value value="Préciser projet pro"/>
    </designation>
    <property>
      <code value="dateValid"/>
      <valueDateTime value="2021-09-24T12:00:00+01:00"/>
    </property>
    <property>
      <code value="dateMaj"/>
      <valueDateTime value="2021-09-24T12:00:00+01:00"/>
    </property>
  </concept>
  <concept>
    <code value="3"/>
    <display value="Adapter l'environnement de travail"/>
    <definition value="Le demandeur sollicite un soutien pour adapter son environnement de travail"/>
    <designation>
      <language value="fr-FR"/>
      <use>
        <system value="http://snomed.info/sct"/>
        <code value="900000000000013009"/>
      </use>
      <value value="Adapter env. travail"/>
    </designation>
    <property>
      <code value="dateValid"/>
      <valueDateTime value="2021-09-24T12:00:00+01:00"/>
    </property>
    <property>
      <code value="dateMaj"/>
      <valueDateTime value="2021-09-24T12:00:00+01:00"/>
    </property>
  </concept>
  <concept>
    <code value="4"/>
    <display value="Accéder à un emploi"/>
    <definition value="Le demandeur sollicite un soutien pour accéder à un emploi"/>
    <property>
      <code value="dateValid"/>
      <valueDateTime value="2021-09-24T12:00:00+01:00"/>
    </property>
    <property>
      <code value="dateMaj"/>
      <valueDateTime value="2021-09-24T12:00:00+01:00"/>
    </property>
  </concept>
  <concept>
    <code value="5"/>
    <display value="Accéder à une formation"/>
    <definition value="Le demandeur sollicite un soutien pour accéder à une formation"/>
    <property>
      <code value="dateValid"/>
      <valueDateTime value="2021-09-24T12:00:00+01:00"/>
    </property>
    <property>
      <code value="dateMaj"/>
      <valueDateTime value="2021-09-24T12:00:00+01:00"/>
    </property>
  </concept>
</CodeSystem>