<?xml version="1.0" encoding="UTF-8"?>

<ValueSet xmlns="http://hl7.org/fhir">
  <id value="JDV-J77-TypeIdentifiantPersonne-RASS"/>
  <meta>
    <versionId value="3"/>
    <lastUpdated value="2024-04-27T05:08:03.985+00:00"/>
    <profile value="http://hl7.org/fhir/StructureDefinition/shareablevalueset"/>
  </meta>
  <language value="fr-FR"/>
  <text>
    <status value="generated"/><div xmlns="http://www.w3.org/1999/xhtml" xml:lang="fr-FR" lang="fr-FR"><p class="res-header-id"><b>Generated Narrative: ValueSet JDV-J77-TypeIdentifiantPersonne-RASS</b></p><a name="JDV-J77-TypeIdentifiantPersonne-RASS"> </a><a name="hcJDV-J77-TypeIdentifiantPersonne-RASS"> </a><a name="JDV-J77-TypeIdentifiantPersonne-RASS-fr-FR"> </a><div style="display: inline-block; background-color: #d9e0e7; padding: 6px; margin: 4px; border: 1px solid #8da1b4; border-radius: 5px; line-height: 60%"><p style="margin-bottom: 0px">version: 3; Last updated: 2024-04-27 05:08:03+0000; Language: fr-FR</p><p style="margin-bottom: 0px">Profil: <a href="http://hl7.org/fhir/R4/shareablevalueset.html">Shareable ValueSet</a></p></div><ul><li>Include ces codes sont définis dans <a href="CodeSystem-TRE-G08-TypeIdentifiantPersonne.html"><code>https://mos.esante.gouv.fr/NOS/TRE_G08-TypeIdentifiantPersonne/FHIR/TRE-G08-TypeIdentifiantPersonne</code></a><table class="none"><tr><td style="white-space:nowrap"><b>Code</b></td><td><b>Display</b></td></tr><tr><td><a href="CodeSystem-TRE-G08-TypeIdentifiantPersonne.html#TRE-G08-TypeIdentifiantPersonne-0">0</a></td><td>N° ADELI</td></tr><tr><td><a href="CodeSystem-TRE-G08-TypeIdentifiantPersonne.html#TRE-G08-TypeIdentifiantPersonne-1">1</a></td><td>Id Cabinet ADELI / N° de registre</td></tr><tr><td><a href="CodeSystem-TRE-G08-TypeIdentifiantPersonne.html#TRE-G08-TypeIdentifiantPersonne-3">3</a></td><td>FINESS / N° de registre</td></tr><tr><td><a href="CodeSystem-TRE-G08-TypeIdentifiantPersonne.html#TRE-G08-TypeIdentifiantPersonne-4">4</a></td><td>SIREN / N° de registre</td></tr><tr><td><a href="CodeSystem-TRE-G08-TypeIdentifiantPersonne.html#TRE-G08-TypeIdentifiantPersonne-5">5</a></td><td>SIRET / N° de registre</td></tr><tr><td><a href="CodeSystem-TRE-G08-TypeIdentifiantPersonne.html#TRE-G08-TypeIdentifiantPersonne-6">6</a></td><td>Id Cabinet RPPS / N° de registre</td></tr><tr><td><a href="CodeSystem-TRE-G08-TypeIdentifiantPersonne.html#TRE-G08-TypeIdentifiantPersonne-8">8</a></td><td>N° RPPS</td></tr><tr><td><a href="CodeSystem-TRE-G08-TypeIdentifiantPersonne.html#TRE-G08-TypeIdentifiantPersonne-10">10</a></td><td>Adresse MSSante</td></tr></table></li></ul></div>
  </text>
  <extension url="http://hl7.org/fhir/StructureDefinition/resource-effectivePeriod">
    <valuePeriod>
      <start value="2019-08-30T12:00:00+01:00"/>
    </valuePeriod>
  </extension>
  <url value="https://mos.esante.gouv.fr/NOS/JDV_J77-TypeIdentifiantPersonne-RASS/FHIR/JDV-J77-TypeIdentifiantPersonne-RASS"/>
  <identifier>
    <system value="urn:ietf:rfc:3986"/>
    <value value="urn:oid:1.2.250.1.213.1.6.1.145"/>
  </identifier>
  <version value="20200529120000"/>
  <name value="JDV_J77_TypeIdentifiantPersonne_RASS"/>
  <status value="active"/>
  <experimental value="false"/>
  <date value="2020-05-29T12:00:00+01:00"/>
  <publisher value="Agence du Numérique en Santé (ANS) - 2-10 Rue d'Oradour-sur-Glane, 75015 Paris"/>
  <description value="Type d'identifiant national de personne physique du RASS"/>
  <compose>
    <include>
      <system value="https://mos.esante.gouv.fr/NOS/TRE_G08-TypeIdentifiantPersonne/FHIR/TRE-G08-TypeIdentifiantPersonne"/>
      <concept>
        <code value="0"/>
        <display value="N° ADELI"/>
      </concept>
      <concept>
        <code value="1"/>
        <display value="Id Cabinet ADELI / N° de registre"/>
      </concept>
      <concept>
        <code value="3"/>
        <display value="FINESS / N° de registre"/>
      </concept>
      <concept>
        <code value="4"/>
        <display value="SIREN / N° de registre"/>
      </concept>
      <concept>
        <code value="5"/>
        <display value="SIRET / N° de registre"/>
      </concept>
      <concept>
        <code value="6"/>
        <display value="Id Cabinet RPPS / N° de registre"/>
      </concept>
      <concept>
        <code value="8"/>
        <display value="N° RPPS"/>
      </concept>
      <concept>
        <code value="10"/>
        <display value="Adresse MSSante"/>
      </concept>
    </include>
  </compose>
</ValueSet>