<?xml version="1.0" encoding="UTF-8"?>

<ValueSet xmlns="http://hl7.org/fhir">
  <id value="JDV-J235-LieuFormation-EPARS"/>
  <meta>
    <versionId value="5"/>
    <lastUpdated value="2025-07-02T17:06:02.545+00:00"/>
    <profile value="http://hl7.org/fhir/StructureDefinition/shareablevalueset|4.0.1"/>
  </meta>
  <language value="fr-FR"/>
  <text>
    <status value="generated"/><div xml:lang="fr-FR" xmlns="http://www.w3.org/1999/xhtml" lang="fr-FR"><p class="res-header-id"><b>Narratif généré : EnsembleValeurs JDV-J235-LieuFormation-EPARS</b></p><a name="JDV-J235-LieuFormation-EPARS"> </a><a name="hcJDV-J235-LieuFormation-EPARS"> </a><div style="display: inline-block; background-color: #d9e0e7; padding: 6px; margin: 4px; border: 1px solid #8da1b4; border-radius: 5px; line-height: 60%"><p style="margin-bottom: 0px">version: 4; Dernière mise à jour : 2024-07-26 17:01:54+0000; Langue : fr-FR</p><p style="margin-bottom: 0px">Profil: <a href="http://hl7.org/fhir/R4/shareablevalueset.html">Shareable ValueSet</a></p></div><ul><li>Include les codes sont définis dans <a href="CodeSystem-TRE-R16-LieuFormation.html"><code>https://mos.esante.gouv.fr/NOS/TRE_R16-LieuFormation/FHIR/TRE-R16-LieuFormation</code></a><table class="none"><tr><td style="white-space:nowrap"><b>Code</b></td><td><b>Display</b></td></tr><tr><td><a href="CodeSystem-TRE-R16-LieuFormation.html#TRE-R16-LieuFormation-DP01">DP01</a></td><td>Ain</td></tr><tr><td><a href="CodeSystem-TRE-R16-LieuFormation.html#TRE-R16-LieuFormation-DP02">DP02</a></td><td>Aisne</td></tr><tr><td><a href="CodeSystem-TRE-R16-LieuFormation.html#TRE-R16-LieuFormation-DP03">DP03</a></td><td>Allier</td></tr><tr><td><a href="CodeSystem-TRE-R16-LieuFormation.html#TRE-R16-LieuFormation-DP04">DP04</a></td><td>Alpes-de-Haute-Provence</td></tr><tr><td><a href="CodeSystem-TRE-R16-LieuFormation.html#TRE-R16-LieuFormation-DP05">DP05</a></td><td>Hautes-Alpes</td></tr><tr><td><a href="CodeSystem-TRE-R16-LieuFormation.html#TRE-R16-LieuFormation-DP06">DP06</a></td><td>Alpes-Maritimes</td></tr><tr><td><a href="CodeSystem-TRE-R16-LieuFormation.html#TRE-R16-LieuFormation-DP07">DP07</a></td><td>Ardèche</td></tr><tr><td><a href="CodeSystem-TRE-R16-LieuFormation.html#TRE-R16-LieuFormation-DP08">DP08</a></td><td>Ardennes</td></tr><tr><td><a href="CodeSystem-TRE-R16-LieuFormation.html#TRE-R16-LieuFormation-DP09">DP09</a></td><td>Ariège</td></tr><tr><td><a href="CodeSystem-TRE-R16-LieuFormation.html#TRE-R16-LieuFormation-DP10">DP10</a></td><td>Aube</td></tr><tr><td><a href="CodeSystem-TRE-R16-LieuFormation.html#TRE-R16-LieuFormation-DP11">DP11</a></td><td>Aude</td></tr><tr><td><a href="CodeSystem-TRE-R16-LieuFormation.html#TRE-R16-LieuFormation-DP12">DP12</a></td><td>Aveyron</td></tr><tr><td><a href="CodeSystem-TRE-R16-LieuFormation.html#TRE-R16-LieuFormation-DP13">DP13</a></td><td>Bouches-du-Rhône</td></tr><tr><td><a href="CodeSystem-TRE-R16-LieuFormation.html#TRE-R16-LieuFormation-DP14">DP14</a></td><td>Calvados</td></tr><tr><td><a href="CodeSystem-TRE-R16-LieuFormation.html#TRE-R16-LieuFormation-DP15">DP15</a></td><td>Cantal</td></tr><tr><td><a href="CodeSystem-TRE-R16-LieuFormation.html#TRE-R16-LieuFormation-DP16">DP16</a></td><td>Charente</td></tr><tr><td><a href="CodeSystem-TRE-R16-LieuFormation.html#TRE-R16-LieuFormation-DP17">DP17</a></td><td>Charente-Maritime</td></tr><tr><td><a href="CodeSystem-TRE-R16-LieuFormation.html#TRE-R16-LieuFormation-DP18">DP18</a></td><td>Cher</td></tr><tr><td><a href="CodeSystem-TRE-R16-LieuFormation.html#TRE-R16-LieuFormation-DP19">DP19</a></td><td>Corrèze</td></tr><tr><td><a href="CodeSystem-TRE-R16-LieuFormation.html#TRE-R16-LieuFormation-DP21">DP21</a></td><td>Côte-d'Or</td></tr><tr><td><a href="CodeSystem-TRE-R16-LieuFormation.html#TRE-R16-LieuFormation-DP22">DP22</a></td><td>Cotes-d'Armor</td></tr><tr><td><a href="CodeSystem-TRE-R16-LieuFormation.html#TRE-R16-LieuFormation-DP23">DP23</a></td><td>Creuse</td></tr><tr><td><a href="CodeSystem-TRE-R16-LieuFormation.html#TRE-R16-LieuFormation-DP24">DP24</a></td><td>Dordogne</td></tr><tr><td><a href="CodeSystem-TRE-R16-LieuFormation.html#TRE-R16-LieuFormation-DP25">DP25</a></td><td>Doubs</td></tr><tr><td><a href="CodeSystem-TRE-R16-LieuFormation.html#TRE-R16-LieuFormation-DP26">DP26</a></td><td>Drôme</td></tr><tr><td><a href="CodeSystem-TRE-R16-LieuFormation.html#TRE-R16-LieuFormation-DP27">DP27</a></td><td>Eure</td></tr><tr><td><a href="CodeSystem-TRE-R16-LieuFormation.html#TRE-R16-LieuFormation-DP28">DP28</a></td><td>Eure-et-Loir</td></tr><tr><td><a href="CodeSystem-TRE-R16-LieuFormation.html#TRE-R16-LieuFormation-DP29">DP29</a></td><td>Finistère</td></tr><tr><td><a href="CodeSystem-TRE-R16-LieuFormation.html#TRE-R16-LieuFormation-DP2A">DP2A</a></td><td>Corse-du-Sud</td></tr><tr><td><a href="CodeSystem-TRE-R16-LieuFormation.html#TRE-R16-LieuFormation-DP2B">DP2B</a></td><td>Haute-Corse</td></tr><tr><td><a href="CodeSystem-TRE-R16-LieuFormation.html#TRE-R16-LieuFormation-DP30">DP30</a></td><td>Gard</td></tr><tr><td><a href="CodeSystem-TRE-R16-LieuFormation.html#TRE-R16-LieuFormation-DP31">DP31</a></td><td>Haute-Garonne</td></tr><tr><td><a href="CodeSystem-TRE-R16-LieuFormation.html#TRE-R16-LieuFormation-DP32">DP32</a></td><td>Gers</td></tr><tr><td><a href="CodeSystem-TRE-R16-LieuFormation.html#TRE-R16-LieuFormation-DP33">DP33</a></td><td>Gironde</td></tr><tr><td><a href="CodeSystem-TRE-R16-LieuFormation.html#TRE-R16-LieuFormation-DP34">DP34</a></td><td>Hérault</td></tr><tr><td><a href="CodeSystem-TRE-R16-LieuFormation.html#TRE-R16-LieuFormation-DP35">DP35</a></td><td>Ille-et-Vilaine</td></tr><tr><td><a href="CodeSystem-TRE-R16-LieuFormation.html#TRE-R16-LieuFormation-DP36">DP36</a></td><td>Indre</td></tr><tr><td><a href="CodeSystem-TRE-R16-LieuFormation.html#TRE-R16-LieuFormation-DP37">DP37</a></td><td>Indre-et-Loire</td></tr><tr><td><a href="CodeSystem-TRE-R16-LieuFormation.html#TRE-R16-LieuFormation-DP38">DP38</a></td><td>Isère</td></tr><tr><td><a href="CodeSystem-TRE-R16-LieuFormation.html#TRE-R16-LieuFormation-DP39">DP39</a></td><td>Jura</td></tr><tr><td><a href="CodeSystem-TRE-R16-LieuFormation.html#TRE-R16-LieuFormation-DP40">DP40</a></td><td>Landes</td></tr><tr><td><a href="CodeSystem-TRE-R16-LieuFormation.html#TRE-R16-LieuFormation-DP41">DP41</a></td><td>Loir-et-Cher</td></tr><tr><td><a href="CodeSystem-TRE-R16-LieuFormation.html#TRE-R16-LieuFormation-DP42">DP42</a></td><td>Loire</td></tr><tr><td><a href="CodeSystem-TRE-R16-LieuFormation.html#TRE-R16-LieuFormation-DP43">DP43</a></td><td>Haute-Loire</td></tr><tr><td><a href="CodeSystem-TRE-R16-LieuFormation.html#TRE-R16-LieuFormation-DP44">DP44</a></td><td>Loire-Atlantique</td></tr><tr><td><a href="CodeSystem-TRE-R16-LieuFormation.html#TRE-R16-LieuFormation-DP45">DP45</a></td><td>Loiret</td></tr><tr><td><a href="CodeSystem-TRE-R16-LieuFormation.html#TRE-R16-LieuFormation-DP46">DP46</a></td><td>Lot</td></tr><tr><td><a href="CodeSystem-TRE-R16-LieuFormation.html#TRE-R16-LieuFormation-DP47">DP47</a></td><td>Lot-et-Garonne</td></tr><tr><td><a href="CodeSystem-TRE-R16-LieuFormation.html#TRE-R16-LieuFormation-DP48">DP48</a></td><td>Lozère</td></tr><tr><td><a href="CodeSystem-TRE-R16-LieuFormation.html#TRE-R16-LieuFormation-DP49">DP49</a></td><td>Maine-et-Loire</td></tr><tr><td><a href="CodeSystem-TRE-R16-LieuFormation.html#TRE-R16-LieuFormation-DP50">DP50</a></td><td>Manche</td></tr><tr><td><a href="CodeSystem-TRE-R16-LieuFormation.html#TRE-R16-LieuFormation-DP51">DP51</a></td><td>Marne</td></tr><tr><td><a href="CodeSystem-TRE-R16-LieuFormation.html#TRE-R16-LieuFormation-DP52">DP52</a></td><td>Haute-Marne</td></tr><tr><td><a href="CodeSystem-TRE-R16-LieuFormation.html#TRE-R16-LieuFormation-DP53">DP53</a></td><td>Mayenne</td></tr><tr><td><a href="CodeSystem-TRE-R16-LieuFormation.html#TRE-R16-LieuFormation-DP54">DP54</a></td><td>Meurthe-et-Moselle</td></tr><tr><td><a href="CodeSystem-TRE-R16-LieuFormation.html#TRE-R16-LieuFormation-DP55">DP55</a></td><td>Meuse</td></tr><tr><td><a href="CodeSystem-TRE-R16-LieuFormation.html#TRE-R16-LieuFormation-DP56">DP56</a></td><td>Morbihan</td></tr><tr><td><a href="CodeSystem-TRE-R16-LieuFormation.html#TRE-R16-LieuFormation-DP57">DP57</a></td><td>Moselle</td></tr><tr><td><a href="CodeSystem-TRE-R16-LieuFormation.html#TRE-R16-LieuFormation-DP58">DP58</a></td><td>Nièvre</td></tr><tr><td><a href="CodeSystem-TRE-R16-LieuFormation.html#TRE-R16-LieuFormation-DP59">DP59</a></td><td>Nord</td></tr><tr><td><a href="CodeSystem-TRE-R16-LieuFormation.html#TRE-R16-LieuFormation-DP60">DP60</a></td><td>Oise</td></tr><tr><td><a href="CodeSystem-TRE-R16-LieuFormation.html#TRE-R16-LieuFormation-DP61">DP61</a></td><td>Orne</td></tr><tr><td><a href="CodeSystem-TRE-R16-LieuFormation.html#TRE-R16-LieuFormation-DP62">DP62</a></td><td>Pas-de-Calais</td></tr><tr><td><a href="CodeSystem-TRE-R16-LieuFormation.html#TRE-R16-LieuFormation-DP63">DP63</a></td><td>Puy-de-Dôme</td></tr><tr><td><a href="CodeSystem-TRE-R16-LieuFormation.html#TRE-R16-LieuFormation-DP64">DP64</a></td><td>Pyrénées-Atlantiques</td></tr><tr><td><a href="CodeSystem-TRE-R16-LieuFormation.html#TRE-R16-LieuFormation-DP65">DP65</a></td><td>Hautes-Pyrénées</td></tr><tr><td><a href="CodeSystem-TRE-R16-LieuFormation.html#TRE-R16-LieuFormation-DP66">DP66</a></td><td>Pyrénées-Orientales</td></tr><tr><td><a href="CodeSystem-TRE-R16-LieuFormation.html#TRE-R16-LieuFormation-DP67">DP67</a></td><td>Bas-Rhin</td></tr><tr><td><a href="CodeSystem-TRE-R16-LieuFormation.html#TRE-R16-LieuFormation-DP68">DP68</a></td><td>Haut-Rhin</td></tr><tr><td><a href="CodeSystem-TRE-R16-LieuFormation.html#TRE-R16-LieuFormation-DP69">DP69</a></td><td>Rhône</td></tr><tr><td><a href="CodeSystem-TRE-R16-LieuFormation.html#TRE-R16-LieuFormation-DP70">DP70</a></td><td>Haute-Saône</td></tr><tr><td><a href="CodeSystem-TRE-R16-LieuFormation.html#TRE-R16-LieuFormation-DP71">DP71</a></td><td>Saône-et-Loire</td></tr><tr><td><a href="CodeSystem-TRE-R16-LieuFormation.html#TRE-R16-LieuFormation-DP72">DP72</a></td><td>Sarthe</td></tr><tr><td><a href="CodeSystem-TRE-R16-LieuFormation.html#TRE-R16-LieuFormation-DP73">DP73</a></td><td>Savoie</td></tr><tr><td><a href="CodeSystem-TRE-R16-LieuFormation.html#TRE-R16-LieuFormation-DP74">DP74</a></td><td>Haute-Savoie</td></tr><tr><td><a href="CodeSystem-TRE-R16-LieuFormation.html#TRE-R16-LieuFormation-DP75">DP75</a></td><td>Paris</td></tr><tr><td><a href="CodeSystem-TRE-R16-LieuFormation.html#TRE-R16-LieuFormation-DP76">DP76</a></td><td>Seine-Maritime</td></tr><tr><td><a href="CodeSystem-TRE-R16-LieuFormation.html#TRE-R16-LieuFormation-DP77">DP77</a></td><td>Seine-et-Marne</td></tr><tr><td><a href="CodeSystem-TRE-R16-LieuFormation.html#TRE-R16-LieuFormation-DP78">DP78</a></td><td>Yvelines</td></tr><tr><td><a href="CodeSystem-TRE-R16-LieuFormation.html#TRE-R16-LieuFormation-DP79">DP79</a></td><td>Deux-Sèvres</td></tr><tr><td><a href="CodeSystem-TRE-R16-LieuFormation.html#TRE-R16-LieuFormation-DP80">DP80</a></td><td>Somme</td></tr><tr><td><a href="CodeSystem-TRE-R16-LieuFormation.html#TRE-R16-LieuFormation-DP81">DP81</a></td><td>Tarn</td></tr><tr><td><a href="CodeSystem-TRE-R16-LieuFormation.html#TRE-R16-LieuFormation-DP82">DP82</a></td><td>Tarn-et-Garonne</td></tr><tr><td><a href="CodeSystem-TRE-R16-LieuFormation.html#TRE-R16-LieuFormation-DP83">DP83</a></td><td>Var</td></tr><tr><td><a href="CodeSystem-TRE-R16-LieuFormation.html#TRE-R16-LieuFormation-DP84">DP84</a></td><td>Vaucluse</td></tr><tr><td><a href="CodeSystem-TRE-R16-LieuFormation.html#TRE-R16-LieuFormation-DP85">DP85</a></td><td>Vendée</td></tr><tr><td><a href="CodeSystem-TRE-R16-LieuFormation.html#TRE-R16-LieuFormation-DP86">DP86</a></td><td>Vienne</td></tr><tr><td><a href="CodeSystem-TRE-R16-LieuFormation.html#TRE-R16-LieuFormation-DP87">DP87</a></td><td>Haute-Vienne</td></tr><tr><td><a href="CodeSystem-TRE-R16-LieuFormation.html#TRE-R16-LieuFormation-DP88">DP88</a></td><td>Vosges</td></tr><tr><td><a href="CodeSystem-TRE-R16-LieuFormation.html#TRE-R16-LieuFormation-DP89">DP89</a></td><td>Yonne</td></tr><tr><td><a href="CodeSystem-TRE-R16-LieuFormation.html#TRE-R16-LieuFormation-DP90">DP90</a></td><td>Territoire de Belfort</td></tr><tr><td><a href="CodeSystem-TRE-R16-LieuFormation.html#TRE-R16-LieuFormation-DP91">DP91</a></td><td>Essonne</td></tr><tr><td><a href="CodeSystem-TRE-R16-LieuFormation.html#TRE-R16-LieuFormation-DP92">DP92</a></td><td>Hauts-de-Seine</td></tr><tr><td><a href="CodeSystem-TRE-R16-LieuFormation.html#TRE-R16-LieuFormation-DP93">DP93</a></td><td>Seine-St-Denis</td></tr><tr><td><a href="CodeSystem-TRE-R16-LieuFormation.html#TRE-R16-LieuFormation-DP94">DP94</a></td><td>Val-de-Marne</td></tr><tr><td><a href="CodeSystem-TRE-R16-LieuFormation.html#TRE-R16-LieuFormation-DP95">DP95</a></td><td>Val-d'Oise</td></tr><tr><td><a href="CodeSystem-TRE-R16-LieuFormation.html#TRE-R16-LieuFormation-DP971">DP971</a></td><td>Guadeloupe</td></tr><tr><td><a href="CodeSystem-TRE-R16-LieuFormation.html#TRE-R16-LieuFormation-DP972">DP972</a></td><td>Martinique</td></tr><tr><td><a href="CodeSystem-TRE-R16-LieuFormation.html#TRE-R16-LieuFormation-DP973">DP973</a></td><td>Guyane</td></tr><tr><td><a href="CodeSystem-TRE-R16-LieuFormation.html#TRE-R16-LieuFormation-DP974">DP974</a></td><td>Réunion</td></tr><tr><td><a href="CodeSystem-TRE-R16-LieuFormation.html#TRE-R16-LieuFormation-DP975">DP975</a></td><td>Saint-Pierre-Et-Miquelon</td></tr><tr><td><a href="CodeSystem-TRE-R16-LieuFormation.html#TRE-R16-LieuFormation-DP976">DP976</a></td><td>Mayotte</td></tr><tr><td><a href="CodeSystem-TRE-R16-LieuFormation.html#TRE-R16-LieuFormation-DP977">DP977</a></td><td>Saint-Barthélemy</td></tr><tr><td><a href="CodeSystem-TRE-R16-LieuFormation.html#TRE-R16-LieuFormation-DP978">DP978</a></td><td>Saint-Martin</td></tr><tr><td><a href="CodeSystem-TRE-R16-LieuFormation.html#TRE-R16-LieuFormation-DP984">DP984</a></td><td>Terres Australes Françaises</td></tr><tr><td><a href="CodeSystem-TRE-R16-LieuFormation.html#TRE-R16-LieuFormation-DP986">DP986</a></td><td>Wallis-Et-Futuna</td></tr><tr><td><a href="CodeSystem-TRE-R16-LieuFormation.html#TRE-R16-LieuFormation-DP987">DP987</a></td><td>Polynésie Française</td></tr><tr><td><a href="CodeSystem-TRE-R16-LieuFormation.html#TRE-R16-LieuFormation-DP988">DP988</a></td><td>Nouvelle-Calédonie</td></tr><tr><td><a href="CodeSystem-TRE-R16-LieuFormation.html#TRE-R16-LieuFormation-DP989">DP989</a></td><td>Ile de Clipperton</td></tr><tr><td><a href="CodeSystem-TRE-R16-LieuFormation.html#TRE-R16-LieuFormation-U999">U999</a></td><td>France - Inconnu</td></tr></table></li></ul></div>
  </text>
  <extension url="http://hl7.org/fhir/StructureDefinition/resource-effectivePeriod">
    <valuePeriod>
      <start value="2022-09-30T12:00:00+01:00"/>
    </valuePeriod>
  </extension>
  <url value="https://mos.esante.gouv.fr/NOS/JDV_J235-LieuFormation-EPARS/FHIR/JDV-J235-LieuFormation-EPARS"/>
  <identifier>
    <system value="urn:ietf:rfc:3986"/>
    <value value="urn:oid:1.2.250.1.213.1.6.1.246"/>
  </identifier>
  <version value="20240726120000"/>
  <name value="JDV_J235_LieuFormation_EPARS"/>
  <status value="active"/>
  <experimental value="false"/>
  <date value="2024-07-26T12:00:00+01:00"/>
  <publisher value="Agence du Numérique en Santé (ANS) - 2-10 Rue d'Oradour-sur-Glane, 75015 Paris"/>
  <description value="Lieu de formation pour EPARS"/>
  <jurisdiction>
    <coding>
      <system value="urn:iso:std:iso:3166"/>
      <code value="FRA"/>
    </coding>
  </jurisdiction>
  <compose>
    <include>
      <system value="https://mos.esante.gouv.fr/NOS/TRE_R16-LieuFormation/FHIR/TRE-R16-LieuFormation"/>
      <concept>
        <code value="DP01"/>
        <display value="Ain"/>
      </concept>
      <concept>
        <code value="DP02"/>
        <display value="Aisne"/>
      </concept>
      <concept>
        <code value="DP03"/>
        <display value="Allier"/>
      </concept>
      <concept>
        <code value="DP04"/>
        <display value="Alpes-de-Haute-Provence"/>
      </concept>
      <concept>
        <code value="DP05"/>
        <display value="Hautes-Alpes"/>
      </concept>
      <concept>
        <code value="DP06"/>
        <display value="Alpes-Maritimes"/>
      </concept>
      <concept>
        <code value="DP07"/>
        <display value="Ardèche"/>
      </concept>
      <concept>
        <code value="DP08"/>
        <display value="Ardennes"/>
      </concept>
      <concept>
        <code value="DP09"/>
        <display value="Ariège"/>
      </concept>
      <concept>
        <code value="DP10"/>
        <display value="Aube"/>
      </concept>
      <concept>
        <code value="DP11"/>
        <display value="Aude"/>
      </concept>
      <concept>
        <code value="DP12"/>
        <display value="Aveyron"/>
      </concept>
      <concept>
        <code value="DP13"/>
        <display value="Bouches-du-Rhône"/>
      </concept>
      <concept>
        <code value="DP14"/>
        <display value="Calvados"/>
      </concept>
      <concept>
        <code value="DP15"/>
        <display value="Cantal"/>
      </concept>
      <concept>
        <code value="DP16"/>
        <display value="Charente"/>
      </concept>
      <concept>
        <code value="DP17"/>
        <display value="Charente-Maritime"/>
      </concept>
      <concept>
        <code value="DP18"/>
        <display value="Cher"/>
      </concept>
      <concept>
        <code value="DP19"/>
        <display value="Corrèze"/>
      </concept>
      <concept>
        <code value="DP21"/>
        <display value="Côte-d'Or"/>
      </concept>
      <concept>
        <code value="DP22"/>
        <display value="Cotes-d'Armor"/>
      </concept>
      <concept>
        <code value="DP23"/>
        <display value="Creuse"/>
      </concept>
      <concept>
        <code value="DP24"/>
        <display value="Dordogne"/>
      </concept>
      <concept>
        <code value="DP25"/>
        <display value="Doubs"/>
      </concept>
      <concept>
        <code value="DP26"/>
        <display value="Drôme"/>
      </concept>
      <concept>
        <code value="DP27"/>
        <display value="Eure"/>
      </concept>
      <concept>
        <code value="DP28"/>
        <display value="Eure-et-Loir"/>
      </concept>
      <concept>
        <code value="DP29"/>
        <display value="Finistère"/>
      </concept>
      <concept>
        <code value="DP2A"/>
        <display value="Corse-du-Sud"/>
      </concept>
      <concept>
        <code value="DP2B"/>
        <display value="Haute-Corse"/>
      </concept>
      <concept>
        <code value="DP30"/>
        <display value="Gard"/>
      </concept>
      <concept>
        <code value="DP31"/>
        <display value="Haute-Garonne"/>
      </concept>
      <concept>
        <code value="DP32"/>
        <display value="Gers"/>
      </concept>
      <concept>
        <code value="DP33"/>
        <display value="Gironde"/>
      </concept>
      <concept>
        <code value="DP34"/>
        <display value="Hérault"/>
      </concept>
      <concept>
        <code value="DP35"/>
        <display value="Ille-et-Vilaine"/>
      </concept>
      <concept>
        <code value="DP36"/>
        <display value="Indre"/>
      </concept>
      <concept>
        <code value="DP37"/>
        <display value="Indre-et-Loire"/>
      </concept>
      <concept>
        <code value="DP38"/>
        <display value="Isère"/>
      </concept>
      <concept>
        <code value="DP39"/>
        <display value="Jura"/>
      </concept>
      <concept>
        <code value="DP40"/>
        <display value="Landes"/>
      </concept>
      <concept>
        <code value="DP41"/>
        <display value="Loir-et-Cher"/>
      </concept>
      <concept>
        <code value="DP42"/>
        <display value="Loire"/>
      </concept>
      <concept>
        <code value="DP43"/>
        <display value="Haute-Loire"/>
      </concept>
      <concept>
        <code value="DP44"/>
        <display value="Loire-Atlantique"/>
      </concept>
      <concept>
        <code value="DP45"/>
        <display value="Loiret"/>
      </concept>
      <concept>
        <code value="DP46"/>
        <display value="Lot"/>
      </concept>
      <concept>
        <code value="DP47"/>
        <display value="Lot-et-Garonne"/>
      </concept>
      <concept>
        <code value="DP48"/>
        <display value="Lozère"/>
      </concept>
      <concept>
        <code value="DP49"/>
        <display value="Maine-et-Loire"/>
      </concept>
      <concept>
        <code value="DP50"/>
        <display value="Manche"/>
      </concept>
      <concept>
        <code value="DP51"/>
        <display value="Marne"/>
      </concept>
      <concept>
        <code value="DP52"/>
        <display value="Haute-Marne"/>
      </concept>
      <concept>
        <code value="DP53"/>
        <display value="Mayenne"/>
      </concept>
      <concept>
        <code value="DP54"/>
        <display value="Meurthe-et-Moselle"/>
      </concept>
      <concept>
        <code value="DP55"/>
        <display value="Meuse"/>
      </concept>
      <concept>
        <code value="DP56"/>
        <display value="Morbihan"/>
      </concept>
      <concept>
        <code value="DP57"/>
        <display value="Moselle"/>
      </concept>
      <concept>
        <code value="DP58"/>
        <display value="Nièvre"/>
      </concept>
      <concept>
        <code value="DP59"/>
        <display value="Nord"/>
      </concept>
      <concept>
        <code value="DP60"/>
        <display value="Oise"/>
      </concept>
      <concept>
        <code value="DP61"/>
        <display value="Orne"/>
      </concept>
      <concept>
        <code value="DP62"/>
        <display value="Pas-de-Calais"/>
      </concept>
      <concept>
        <code value="DP63"/>
        <display value="Puy-de-Dôme"/>
      </concept>
      <concept>
        <code value="DP64"/>
        <display value="Pyrénées-Atlantiques"/>
      </concept>
      <concept>
        <code value="DP65"/>
        <display value="Hautes-Pyrénées"/>
      </concept>
      <concept>
        <code value="DP66"/>
        <display value="Pyrénées-Orientales"/>
      </concept>
      <concept>
        <code value="DP67"/>
        <display value="Bas-Rhin"/>
      </concept>
      <concept>
        <code value="DP68"/>
        <display value="Haut-Rhin"/>
      </concept>
      <concept>
        <code value="DP69"/>
        <display value="Rhône"/>
      </concept>
      <concept>
        <code value="DP70"/>
        <display value="Haute-Saône"/>
      </concept>
      <concept>
        <code value="DP71"/>
        <display value="Saône-et-Loire"/>
      </concept>
      <concept>
        <code value="DP72"/>
        <display value="Sarthe"/>
      </concept>
      <concept>
        <code value="DP73"/>
        <display value="Savoie"/>
      </concept>
      <concept>
        <code value="DP74"/>
        <display value="Haute-Savoie"/>
      </concept>
      <concept>
        <code value="DP75"/>
        <display value="Paris"/>
      </concept>
      <concept>
        <code value="DP76"/>
        <display value="Seine-Maritime"/>
      </concept>
      <concept>
        <code value="DP77"/>
        <display value="Seine-et-Marne"/>
      </concept>
      <concept>
        <code value="DP78"/>
        <display value="Yvelines"/>
      </concept>
      <concept>
        <code value="DP79"/>
        <display value="Deux-Sèvres"/>
      </concept>
      <concept>
        <code value="DP80"/>
        <display value="Somme"/>
      </concept>
      <concept>
        <code value="DP81"/>
        <display value="Tarn"/>
      </concept>
      <concept>
        <code value="DP82"/>
        <display value="Tarn-et-Garonne"/>
      </concept>
      <concept>
        <code value="DP83"/>
        <display value="Var"/>
      </concept>
      <concept>
        <code value="DP84"/>
        <display value="Vaucluse"/>
      </concept>
      <concept>
        <code value="DP85"/>
        <display value="Vendée"/>
      </concept>
      <concept>
        <code value="DP86"/>
        <display value="Vienne"/>
      </concept>
      <concept>
        <code value="DP87"/>
        <display value="Haute-Vienne"/>
      </concept>
      <concept>
        <code value="DP88"/>
        <display value="Vosges"/>
      </concept>
      <concept>
        <code value="DP89"/>
        <display value="Yonne"/>
      </concept>
      <concept>
        <code value="DP90"/>
        <display value="Territoire de Belfort"/>
      </concept>
      <concept>
        <code value="DP91"/>
        <display value="Essonne"/>
      </concept>
      <concept>
        <code value="DP92"/>
        <display value="Hauts-de-Seine"/>
      </concept>
      <concept>
        <code value="DP93"/>
        <display value="Seine-St-Denis"/>
      </concept>
      <concept>
        <code value="DP94"/>
        <display value="Val-de-Marne"/>
      </concept>
      <concept>
        <code value="DP95"/>
        <display value="Val-d'Oise"/>
      </concept>
      <concept>
        <code value="DP971"/>
        <display value="Guadeloupe"/>
      </concept>
      <concept>
        <code value="DP972"/>
        <display value="Martinique"/>
      </concept>
      <concept>
        <code value="DP973"/>
        <display value="Guyane"/>
      </concept>
      <concept>
        <code value="DP974"/>
        <display value="Réunion"/>
      </concept>
      <concept>
        <code value="DP975"/>
        <display value="Saint-Pierre-Et-Miquelon"/>
      </concept>
      <concept>
        <code value="DP976"/>
        <display value="Mayotte"/>
      </concept>
      <concept>
        <code value="DP977"/>
        <display value="Saint-Barthélemy"/>
      </concept>
      <concept>
        <code value="DP978"/>
        <display value="Saint-Martin"/>
      </concept>
      <concept>
        <code value="DP984"/>
        <display value="Terres Australes Françaises"/>
      </concept>
      <concept>
        <code value="DP986"/>
        <display value="Wallis-Et-Futuna"/>
      </concept>
      <concept>
        <code value="DP987"/>
        <display value="Polynésie Française"/>
      </concept>
      <concept>
        <code value="DP988"/>
        <display value="Nouvelle-Calédonie"/>
      </concept>
      <concept>
        <code value="DP989"/>
        <display value="Ile de Clipperton"/>
      </concept>
      <concept>
        <code value="U999"/>
        <display value="France - Inconnu"/>
      </concept>
    </include>
  </compose>
</ValueSet>