<?xml version="1.0" encoding="UTF-8"?>

<ValueSet xmlns="http://hl7.org/fhir">
  <id value="JDV-J250-MotifStatutPersonnePriseChargeUnite"/>
  <meta>
    <versionId value="5"/>
    <lastUpdated value="2025-07-02T17:06:10.771+00:00"/>
    <profile value="http://hl7.org/fhir/StructureDefinition/shareablevalueset|4.0.1"/>
  </meta>
  <language value="fr-FR"/>
  <text>
    <status value="generated"/><div xml:lang="fr-FR" xmlns="http://www.w3.org/1999/xhtml" lang="fr-FR"><p class="res-header-id"><b>Narratif généré : EnsembleValeurs JDV-J250-MotifStatutPersonnePriseChargeUnite</b></p><a name="JDV-J250-MotifStatutPersonnePriseChargeUnite"> </a><a name="hcJDV-J250-MotifStatutPersonnePriseChargeUnite"> </a><div style="display: inline-block; background-color: #d9e0e7; padding: 6px; margin: 4px; border: 1px solid #8da1b4; border-radius: 5px; line-height: 60%"><p style="margin-bottom: 0px">version: 4; Dernière mise à jour : 2024-04-27 05:07:37+0000; Langue : fr-FR</p><p style="margin-bottom: 0px">Profil: <a href="http://hl7.org/fhir/R4/shareablevalueset.html">Shareable ValueSet</a></p></div><ul><li>Include les codes sont définis dans <a href="CodeSystem-TRE-R358-MotifStatutPersonnePriseCharge.html"><code>https://mos.esante.gouv.fr/NOS/TRE_R358-MotifStatutPersonnePriseCharge/FHIR/TRE-R358-MotifStatutPersonnePriseCharge</code></a><table class="none"><tr><td style="white-space:nowrap"><b>Code</b></td><td><b>Display</b></td></tr><tr><td><a href="CodeSystem-TRE-R358-MotifStatutPersonnePriseCharge.html#TRE-R358-MotifStatutPersonnePriseCharge-84">84</a></td><td>Le demandeur ne remplit pas les exigences d'admission</td></tr><tr><td><a href="CodeSystem-TRE-R358-MotifStatutPersonnePriseCharge.html#TRE-R358-MotifStatutPersonnePriseCharge-85">85</a></td><td>Volonté du demandeur</td></tr><tr><td><a href="CodeSystem-TRE-R358-MotifStatutPersonnePriseCharge.html#TRE-R358-MotifStatutPersonnePriseCharge-87">87</a></td><td>L'usager est admis dans un autre ESMS suite à un déménagement</td></tr><tr><td><a href="CodeSystem-TRE-R358-MotifStatutPersonnePriseCharge.html#TRE-R358-MotifStatutPersonnePriseCharge-88">88</a></td><td>Suite à la décision de la CDAPH</td></tr><tr><td><a href="CodeSystem-TRE-R358-MotifStatutPersonnePriseCharge.html#TRE-R358-MotifStatutPersonnePriseCharge-89">89</a></td><td>L'usager ne souhaite plus être pris en charge par l'ESMS</td></tr><tr><td><a href="CodeSystem-TRE-R358-MotifStatutPersonnePriseCharge.html#TRE-R358-MotifStatutPersonnePriseCharge-91">91</a></td><td>L'usager est admis dans un autre ESMS suite à une réorientation</td></tr><tr><td><a href="CodeSystem-TRE-R358-MotifStatutPersonnePriseCharge.html#TRE-R358-MotifStatutPersonnePriseCharge-92">92</a></td><td>Amélioration notoire de la situation de l'usager</td></tr><tr><td><a href="CodeSystem-TRE-R358-MotifStatutPersonnePriseCharge.html#TRE-R358-MotifStatutPersonnePriseCharge-93">93</a></td><td>Aggravation notoire de la situation de l'usager</td></tr><tr><td><a href="CodeSystem-TRE-R358-MotifStatutPersonnePriseCharge.html#TRE-R358-MotifStatutPersonnePriseCharge-95">95</a></td><td>Annulation automatique</td></tr><tr><td><a href="CodeSystem-TRE-R358-MotifStatutPersonnePriseCharge.html#TRE-R358-MotifStatutPersonnePriseCharge-98">98</a></td><td>Fin de validité de la notification</td></tr><tr><td><a href="CodeSystem-TRE-R358-MotifStatutPersonnePriseCharge.html#TRE-R358-MotifStatutPersonnePriseCharge-100">100</a></td><td>Volonté de l'usager</td></tr><tr><td><a href="CodeSystem-TRE-R358-MotifStatutPersonnePriseCharge.html#TRE-R358-MotifStatutPersonnePriseCharge-109">109</a></td><td>Déménagement</td></tr><tr><td><a href="CodeSystem-TRE-R358-MotifStatutPersonnePriseCharge.html#TRE-R358-MotifStatutPersonnePriseCharge-112">112</a></td><td>Erreur d'utilisation du logiciel</td></tr><tr><td><a href="CodeSystem-TRE-R358-MotifStatutPersonnePriseCharge.html#TRE-R358-MotifStatutPersonnePriseCharge-124">124</a></td><td>L'usager est décédé</td></tr><tr><td><a href="CodeSystem-TRE-R358-MotifStatutPersonnePriseCharge.html#TRE-R358-MotifStatutPersonnePriseCharge-125">125</a></td><td>L'usager a démissionné (ESAT)</td></tr><tr><td><a href="CodeSystem-TRE-R358-MotifStatutPersonnePriseCharge.html#TRE-R358-MotifStatutPersonnePriseCharge-126">126</a></td><td>L'usager est pris en charge par la sécurité sociale au titre de l'invalidité (ESAT)</td></tr><tr><td><a href="CodeSystem-TRE-R358-MotifStatutPersonnePriseCharge.html#TRE-R358-MotifStatutPersonnePriseCharge-127">127</a></td><td>L'usager a fait valoir ses droits à la retraite (ESAT)</td></tr><tr><td><a href="CodeSystem-TRE-R358-MotifStatutPersonnePriseCharge.html#TRE-R358-MotifStatutPersonnePriseCharge-128">128</a></td><td>L'usager est arrivé à la fin du contrat de prise en charge (SAVS/SAMSAH/SESSAD)</td></tr><tr><td><a href="CodeSystem-TRE-R358-MotifStatutPersonnePriseCharge.html#TRE-R358-MotifStatutPersonnePriseCharge-135">135</a></td><td>Fin de période d'essai</td></tr><tr><td><a href="CodeSystem-TRE-R358-MotifStatutPersonnePriseCharge.html#TRE-R358-MotifStatutPersonnePriseCharge-136">136</a></td><td>Renouvellement</td></tr><tr><td><a href="CodeSystem-TRE-R358-MotifStatutPersonnePriseCharge.html#TRE-R358-MotifStatutPersonnePriseCharge-146">146</a></td><td>L'usager a pu entrer en apprentissage</td></tr><tr><td><a href="CodeSystem-TRE-R358-MotifStatutPersonnePriseCharge.html#TRE-R358-MotifStatutPersonnePriseCharge-147">147</a></td><td>L'usager a pu se réinsérer en milieu ordinaire</td></tr><tr><td><a href="CodeSystem-TRE-R358-MotifStatutPersonnePriseCharge.html#TRE-R358-MotifStatutPersonnePriseCharge-157">157</a></td><td>Hospitalisation</td></tr><tr><td><a href="CodeSystem-TRE-R358-MotifStatutPersonnePriseCharge.html#TRE-R358-MotifStatutPersonnePriseCharge-158">158</a></td><td>L'usager est admis dans un établissement pour personnes âgées</td></tr><tr><td><a href="CodeSystem-TRE-R358-MotifStatutPersonnePriseCharge.html#TRE-R358-MotifStatutPersonnePriseCharge-159">159</a></td><td>Fin de formation</td></tr><tr><td><a href="CodeSystem-TRE-R358-MotifStatutPersonnePriseCharge.html#TRE-R358-MotifStatutPersonnePriseCharge-172">172</a></td><td>Changement de situation de l'usager</td></tr><tr><td><a href="CodeSystem-TRE-R358-MotifStatutPersonnePriseCharge.html#TRE-R358-MotifStatutPersonnePriseCharge-184">184</a></td><td>L'usager est accueilli en famille d'accueil</td></tr><tr><td><a href="CodeSystem-TRE-R358-MotifStatutPersonnePriseCharge.html#TRE-R358-MotifStatutPersonnePriseCharge-204">204</a></td><td>Fin de l'accueil temporaire</td></tr><tr><td><a href="CodeSystem-TRE-R358-MotifStatutPersonnePriseCharge.html#TRE-R358-MotifStatutPersonnePriseCharge-253">253</a></td><td>L'usager est transféré dans une autre unité</td></tr></table></li></ul></div>
  </text>
  <extension url="http://hl7.org/fhir/StructureDefinition/resource-effectivePeriod">
    <valuePeriod>
      <start value="2023-06-30T12:00:00+01:00"/>
    </valuePeriod>
  </extension>
  <url value="https://mos.esante.gouv.fr/NOS/JDV_J250-MotifStatutPersonnePriseChargeUnite/FHIR/JDV-J250-MotifStatutPersonnePriseChargeUnite"/>
  <identifier>
    <system value="urn:ietf:rfc:3986"/>
    <value value="urn:oid:1.2.250.1.213.3.4.114"/>
  </identifier>
  <version value="20240126120000"/>
  <name value="JDV_J250_MotifStatutPersonnePriseChargeUnite"/>
  <status value="active"/>
  <experimental value="false"/>
  <date value="2024-01-26T12:00:00+01:00"/>
  <publisher value="Agence du Numérique en Santé (ANS) - 2-10 Rue d'Oradour-sur-Glane, 75015 Paris"/>
  <description value="Motif du statut de la personne prise en charge au sein d'une unité"/>
  <jurisdiction>
    <coding>
      <system value="urn:iso:std:iso:3166"/>
      <code value="FRA"/>
    </coding>
  </jurisdiction>
  <compose>
    <include>
      <system value="https://mos.esante.gouv.fr/NOS/TRE_R358-MotifStatutPersonnePriseCharge/FHIR/TRE-R358-MotifStatutPersonnePriseCharge"/>
      <concept>
        <code value="84"/>
        <display value="Le demandeur ne remplit pas les exigences d'admission"/>
      </concept>
      <concept>
        <code value="85"/>
        <display value="Volonté du demandeur"/>
      </concept>
      <concept>
        <code value="87"/>
        <display value="L'usager est admis dans un autre ESMS suite à un déménagement"/>
      </concept>
      <concept>
        <code value="88"/>
        <display value="Suite à la décision de la CDAPH"/>
      </concept>
      <concept>
        <code value="89"/>
        <display value="L'usager ne souhaite plus être pris en charge par l'ESMS"/>
      </concept>
      <concept>
        <code value="91"/>
        <display value="L'usager est admis dans un autre ESMS suite à une réorientation"/>
      </concept>
      <concept>
        <code value="92"/>
        <display value="Amélioration notoire de la situation de l'usager"/>
      </concept>
      <concept>
        <code value="93"/>
        <display value="Aggravation notoire de la situation de l'usager"/>
      </concept>
      <concept>
        <code value="95"/>
        <display value="Annulation automatique"/>
      </concept>
      <concept>
        <code value="98"/>
        <display value="Fin de validité de la notification"/>
      </concept>
      <concept>
        <code value="100"/>
        <display value="Volonté de l'usager"/>
      </concept>
      <concept>
        <code value="109"/>
        <display value="Déménagement"/>
      </concept>
      <concept>
        <code value="112"/>
        <display value="Erreur d'utilisation du logiciel"/>
      </concept>
      <concept>
        <code value="124"/>
        <display value="L'usager est décédé"/>
      </concept>
      <concept>
        <code value="125"/>
        <display value="L'usager a démissionné (ESAT)"/>
      </concept>
      <concept>
        <code value="126"/>
        <display value="L'usager est pris en charge par la sécurité sociale au titre de l'invalidité (ESAT)"/>
      </concept>
      <concept>
        <code value="127"/>
        <display value="L'usager a fait valoir ses droits à la retraite (ESAT)"/>
      </concept>
      <concept>
        <code value="128"/>
        <display value="L'usager est arrivé à la fin du contrat de prise en charge (SAVS/SAMSAH/SESSAD)"/>
      </concept>
      <concept>
        <code value="135"/>
        <display value="Fin de période d'essai"/>
      </concept>
      <concept>
        <code value="136"/>
        <display value="Renouvellement"/>
      </concept>
      <concept>
        <code value="146"/>
        <display value="L'usager a pu entrer en apprentissage"/>
      </concept>
      <concept>
        <code value="147"/>
        <display value="L'usager a pu se réinsérer en milieu ordinaire"/>
      </concept>
      <concept>
        <code value="157"/>
        <display value="Hospitalisation"/>
      </concept>
      <concept>
        <code value="158"/>
        <display value="L'usager est admis dans un établissement pour personnes âgées"/>
      </concept>
      <concept>
        <code value="159"/>
        <display value="Fin de formation"/>
      </concept>
      <concept>
        <code value="172"/>
        <display value="Changement de situation de l'usager"/>
      </concept>
      <concept>
        <code value="184"/>
        <display value="L'usager est accueilli en famille d'accueil"/>
      </concept>
      <concept>
        <code value="204"/>
        <display value="Fin de l'accueil temporaire"/>
      </concept>
      <concept>
        <code value="253"/>
        <display value="L'usager est transféré dans une autre unité"/>
      </concept>
    </include>
  </compose>
</ValueSet>