<?xml version="1.0" encoding="UTF-8"?>

<ValueSet xmlns="http://hl7.org/fhir">
  <id value="vs-edqm-all"/>
  <meta>
    <versionId value="1"/>
    <lastUpdated value="2024-11-14T13:47:33.024+00:00"/>
    <profile value="http://hl7.org/fhir/StructureDefinition/shareablevalueset"/>
  </meta>
  <language value="fr-FR"/>
  <text>
    <status value="generated"/><div xmlns="http://www.w3.org/1999/xhtml">Ce jeu de valeurs inclut tous les codes issus de EDQM.</div>
  </text>
  <url value="https://smt.esante.gouv.fr/terminologie-standardterms?vs"/>
  <version value="20241114120000"/>
  <name value="ValueSet_EDQM_All"/>
  <status value="active"/>
  <experimental value="false"/>
  <date value="2025-07-30T08:19:15+00:00"/>
  <publisher value="Agence du Numérique en Santé (ANS) - 2-10 Rue d'Oradour-sur-Glane, 75015 Paris"/>
  <description value="Ce jeu de valeurs inclut tous les codes de la terminologie EDQM"/>
  <jurisdiction>
    <coding>
      <system value="urn:iso:std:iso:3166"/>
      <code value="FR"/>
    </coding>
  </jurisdiction>
  <compose>
    <include>
      <system value="https://smt.esante.gouv.fr/terminologie-standardterms"/>
    </include>
  </compose>
</ValueSet>