<?xml version="1.0" encoding="UTF-8"?>

<ValueSet xmlns="http://hl7.org/fhir">
  <id value="JDV-J12-CiviliteTitre-CISIS"/>
  <meta>
    <versionId value="2"/>
    <lastUpdated value="2025-01-06T12:44:43.391+00:00"/>
    <profile value="http://hl7.org/fhir/StructureDefinition/shareablevalueset"/>
  </meta>
  <language value="fr-FR"/>
  <text>
    <status value="generated"/><div xmlns="http://www.w3.org/1999/xhtml"><h2>JDV_J12_CiviliteTitre_CISIS</h2><tt>https://mos.esante.gouv.fr/NOS/JDV_J12-CiviliteTitre-CISIS/FHIR/JDV-J12-CiviliteTitre-CISIS</tt><p>Titre civilité - CI-SIS</p></div>
  </text>
  <extension url="http://hl7.org/fhir/StructureDefinition/resource-effectivePeriod">
    <valuePeriod>
      <start value="2016-05-18T00:00:00+01:00"/>
    </valuePeriod>
  </extension>
  <url value="https://mos.esante.gouv.fr/NOS/JDV_J12-CiviliteTitre-CISIS/FHIR/JDV-J12-CiviliteTitre-CISIS"/>
  <identifier>
    <system value="urn:ietf:rfc:3986"/>
    <value value="urn:oid:1.2.250.1.213.1.1.5.24"/>
  </identifier>
  <version value="20200424120000"/>
  <name value="JDV_J12_CiviliteTitre_CISIS"/>
  <title value="JDV J12 CiviliteTitre CISIS"/>
  <status value="retired"/>
  <experimental value="false"/>
  <date value="2020-04-24T12:00:00+01:00"/>
  <publisher value="Agence du Numérique en Santé (ANS) - 2-10 Rue d'Oradour-sur-Glane, 75015 Paris"/>
  <description value="Titre civilité - CI-SIS"/>
  <jurisdiction>
    <coding>
      <system value="urn:iso:std:iso:3166"/>
      <code value="FR"/>
    </coding>
  </jurisdiction>
  <compose>
    <include>
      <system value="https://mos.esante.gouv.fr/NOS/TRE_R81-Civilite/FHIR/TRE-R81-Civilite"/>
      <concept>
        <code value="M"/>
        <display value="Monsieur"/>
      </concept>
      <concept>
        <code value="MME"/>
        <display value="Madame"/>
      </concept>
    </include>
    <include>
      <system value="https://mos.esante.gouv.fr/NOS/TRE_R11-CiviliteExercice/FHIR/TRE-R11-CiviliteExercice"/>
      <concept>
        <code value="DR"/>
        <display value="Docteur"/>
      </concept>
      <concept>
        <code value="PR"/>
        <display value="Professeur"/>
      </concept>
    </include>
  </compose>
</ValueSet>