<?xml version="1.0" encoding="UTF-8"?>

<ValueSet xmlns="http://hl7.org/fhir">
  <id value="jdv-ufcv-motif-implant-cisis"/>
  <meta>
    <versionId value="1"/>
    <lastUpdated value="2025-06-06T11:07:32.228+00:00"/>
    <profile value="http://hl7.org/fhir/StructureDefinition/shareablevalueset"/>
  </meta>
  <language value="fr-FR"/>
  <text>
    <status value="generated"/><div xmlns="http://www.w3.org/1999/xhtml" xml:lang="fr-FR" lang="fr-FR"><p class="res-header-id"><b>Generated Narrative: ValueSet jdv-ufcv-motif-implant-cisis</b></p><a name="jdv-ufcv-motif-implant-cisis"> </a><a name="hcjdv-ufcv-motif-implant-cisis"> </a><a name="jdv-ufcv-motif-implant-cisis-fr-FR"> </a><div style="display: inline-block; background-color: #d9e0e7; padding: 6px; margin: 4px; border: 1px solid #8da1b4; border-radius: 5px; line-height: 60%"><p style="margin-bottom: 0px">version: 1; Last updated: 2025-06-06 11:07:32+0000; Language: fr-FR</p><p style="margin-bottom: 0px">Profil: <a href="http://hl7.org/fhir/R4/shareablevalueset.html">Shareable ValueSet</a></p></div><p>Ce jeu de valeur (ValueSet) inclut les codes selon les règles suivantes :</p><ul><li>Include ces codes sont définis dans <a href="CodeSystem-terminologie-cim-10.html"><code>https://smt.esante.gouv.fr/terminologie-cim-10</code></a><table class="none"><tr><td style="white-space:nowrap"><b>Code</b></td><td><b>Display</b></td></tr><tr><td>G45.9</td><td>Accident ischémique cérébral transitoire, sans précision</td></tr><tr><td>I20.9</td><td>Syndrôme angineux</td></tr><tr><td>I64</td><td>Accident vasculaire cérébral, non précisé comme étant hémorragique ou par infarctus</td></tr><tr><td>I65.2</td><td>Occlusion et sténose de l'artère carotide</td></tr><tr><td>I74.3</td><td>Embolie et thrombose des artères des membres inférieurs</td></tr><tr><td>I74.4</td><td>Embolie et thrombose des artères distales, sans précision</td></tr><tr><td>K55</td><td>Troubles vasculaires de l'intestin</td></tr><tr><td>N28.0</td><td>Ischémie et infarctus du rein</td></tr></table></li><li>Include ces codes sont définis dans <a href="CodeSystem-terminologie-cisis.html"><code>https://smt.esante.gouv.fr/fhir/CodeSystem/terminologie-cisis</code></a><table class="none"><tr><td style="white-space:nowrap"><b>Code</b></td><td><b>Display</b></td></tr><tr><td><a href="CodeSystem-terminologie-cisis.html#terminologie-cisis-MED-1317">MED-1317</a></td><td>Prévention primaire d'un sujet à haut risque</td></tr></table></li></ul></div>
  </text>
  <extension url="http://hl7.org/fhir/StructureDefinition/resource-effectivePeriod">
    <valuePeriod>
      <start value="2010-01-01T00:00:00+01:00"/>
    </valuePeriod>
  </extension>
  <url value="https://smt.esante.gouv.fr/fhir/ValueSet/jdv-ufcv-motif-implant-cisis"/>
  <identifier>
    <system value="urn:ietf:rfc:3986"/>
    <value value="urn:oid:1.2.250.1.213.1.1.4.2.13"/>
  </identifier>
  <version value="20250606103858"/>
  <name value="JdvUfcvMotifImplantCisis"/>
  <title value="JDV UFCV Motif Implant CISIS"/>
  <status value="active"/>
  <experimental value="false"/>
  <date value="2025-06-06T10:38:58+01:00"/>
  <publisher value="Agence du Numérique en Santé(ANS) -2 - 10 Rue d'Oradour-sur-Glane, 75015 Paris"/>
  <description value="JDV UFCV Motif Implant CISIS"/>
  <jurisdiction>
    <coding>
      <system value="urn:iso:std:iso:3166"/>
      <code value="FR"/>
    </coding>
  </jurisdiction>
  <compose>
    <include>
      <system value="https://smt.esante.gouv.fr/terminologie-cim-10"/>
      <concept>
        <code value="G45.9"/>
        <display value="Accident ischémique cérébral transitoire, sans précision"/>
      </concept>
      <concept>
        <code value="I20.9"/>
        <display value="Syndrôme angineux"/>
      </concept>
      <concept>
        <code value="I64"/>
        <display value="Accident vasculaire cérébral, non précisé comme étant hémorragique ou par infarctus"/>
      </concept>
      <concept>
        <code value="I65.2"/>
        <display value="Occlusion et sténose de l'artère carotide"/>
      </concept>
      <concept>
        <code value="I74.3"/>
        <display value="Embolie et thrombose des artères des membres inférieurs"/>
      </concept>
      <concept>
        <code value="I74.4"/>
        <display value="Embolie et thrombose des artères distales, sans précision"/>
      </concept>
      <concept>
        <code value="K55"/>
        <display value="Troubles vasculaires de l'intestin"/>
      </concept>
      <concept>
        <code value="N28.0"/>
        <display value="Ischémie et infarctus du rein"/>
      </concept>
    </include>
    <include>
      <system value="https://smt.esante.gouv.fr/fhir/CodeSystem/terminologie-cisis"/>
      <concept>
        <code value="MED-1317"/>
        <display value="Prévention primaire d'un sujet à haut risque"/>
      </concept>
    </include>
  </compose>
</ValueSet>