{"resourceType":"CodeSystem","id":"TRE-R228-UnitePrix","meta":{"versionId":"5","lastUpdated":"2025-07-02T18:16:18.395+00:00","profile":["http://hl7.org/fhir/StructureDefinition/shareablecodesystem"]},"text":{"status":"generated","div":"<div xmlns=\"http://www.w3.org/1999/xhtml\"><p class=\"res-header-id\"><b>Narratif généré : CodeSystem TRE-R228-UnitePrix</b></p><a name=\"TRE-R228-UnitePrix\"> </a><a name=\"hcTRE-R228-UnitePrix\"> </a><div style=\"display: inline-block; background-color: #d9e0e7; padding: 6px; margin: 4px; border: 1px solid #8da1b4; border-radius: 5px; line-height: 60%\"><p style=\"margin-bottom: 0px\">version: 4; Dernière mise à jour : 2024-08-28 05:12:35+0000</p><p style=\"margin-bottom: 0px\">Profil: <a href=\"http://hl7.org/fhir/R4/shareablecodesystem.html\">Shareable CodeSystem</a></p></div><p><b>Propriétés</b></p><p><b>Cette terminologie de référence (CodeSystem) définit les propriétés suivantes pour ses concepts</b></p><table class=\"grid\"><tr><td><b>Nom</b></td><td><b>Code</b></td><td><b>Type</b></td><td><b>Description</b></td></tr><tr><td>dateValid</td><td>dateValid</td><td>dateTime</td><td>date de validité d'un code concept</td></tr><tr><td>dateMaj</td><td>dateMaj</td><td>dateTime</td><td>Date de mise à jour d'un code concept</td></tr><tr><td>dateFin</td><td>dateFin</td><td>dateTime</td><td>Date de fin d'exploitation d'un code concept</td></tr></table><p><b>Concepts</b></p><p>This case-insensitive code system <code>https://mos.esante.gouv.fr/NOS/TRE_R228-UnitePrix/FHIR/TRE-R228-UnitePrix</code> defines the following codes:</p><table class=\"codes\"><tr><td style=\"white-space:nowrap\"><b>Code</b></td><td><b>Display</b></td><td><b>dateValid</b></td><td><b>dateMaj</b></td></tr><tr><td style=\"white-space:nowrap\">1<a name=\"TRE-R228-UnitePrix-1\"> </a></td><td>Tarif horaire</td><td>2017-03-22T12:00:00+01:00</td><td>2017-03-22T12:00:00+01:00</td></tr><tr><td style=\"white-space:nowrap\">2<a name=\"TRE-R228-UnitePrix-2\"> </a></td><td>Tarif journalier</td><td>2017-03-22T12:00:00+01:00</td><td>2017-03-22T12:00:00+01:00</td></tr><tr><td style=\"white-space:nowrap\">3<a name=\"TRE-R228-UnitePrix-3\"> </a></td><td>Tarif mensuel</td><td>2017-03-22T12:00:00+01:00</td><td>2017-03-22T12:00:00+01:00</td></tr><tr><td style=\"white-space:nowrap\">4<a name=\"TRE-R228-UnitePrix-4\"> </a></td><td>Tarif unitaire</td><td>2017-03-22T12:00:00+01:00</td><td>2017-03-22T12:00:00+01:00</td></tr></table></div>"},"extension":[{"url":"http://hl7.org/fhir/StructureDefinition/resource-effectivePeriod","valuePeriod":{"start":"2017-03-22T12:00:00+01:00"}}],"url":"https://mos.esante.gouv.fr/NOS/TRE_R228-UnitePrix/FHIR/TRE-R228-UnitePrix","identifier":[{"system":"urn:ietf:rfc:3986","value":"urn:oid:1.2.250.1.213.3.3.18"}],"version":"20231215120000","name":"TRE_R228_UnitePrix","status":"active","experimental":false,"date":"2023-12-15T12:00:00+01:00","publisher":"Agence du Numérique en Santé (ANS) - 2-10 Rue d'Oradour-sur-Glane, 75015 Paris","description":"Unité de prix","jurisdiction":[{"coding":[{"system":"urn:iso:std:iso:3166","code":"FR"}]}],"caseSensitive":false,"content":"complete","property":[{"code":"dateValid","description":"date de validité d'un code concept","type":"dateTime"},{"code":"dateMaj","description":"Date de mise à jour d'un code concept","type":"dateTime"},{"code":"dateFin","description":"Date de fin d'exploitation d'un code concept","type":"dateTime"},{"code":"deprecationDate","uri":"http://hl7.org/fhir/concept-properties#deprecationDate","description":"Date Concept was deprecated","type":"dateTime"},{"code":"status","uri":"http://hl7.org/fhir/concept-properties#status","description":"A property that indicates the status of the concept.","type":"code"},{"code":"retirementDate","uri":"http://hl7.org/fhir/concept-properties#retirementDate","description":"Date Concept was retired","type":"dateTime"}],"concept":[{"code":"1","display":"Tarif horaire","property":[{"code":"dateValid","valueDateTime":"2017-03-22T12:00:00+01:00"},{"code":"dateMaj","valueDateTime":"2017-03-22T12:00:00+01:00"},{"code":"status","valueCode":"active"}]},{"code":"2","display":"Tarif journalier","property":[{"code":"dateValid","valueDateTime":"2017-03-22T12:00:00+01:00"},{"code":"dateMaj","valueDateTime":"2017-03-22T12:00:00+01:00"},{"code":"status","valueCode":"active"}]},{"code":"3","display":"Tarif mensuel","property":[{"code":"dateValid","valueDateTime":"2017-03-22T12:00:00+01:00"},{"code":"dateMaj","valueDateTime":"2017-03-22T12:00:00+01:00"},{"code":"status","valueCode":"active"}]},{"code":"4","display":"Tarif unitaire","property":[{"code":"dateValid","valueDateTime":"2017-03-22T12:00:00+01:00"},{"code":"dateMaj","valueDateTime":"2017-03-22T12:00:00+01:00"},{"code":"status","valueCode":"active"}]}]}