{"resourceType":"ValueSet","id":"jdv-complication-cisis","meta":{"versionId":"4","lastUpdated":"2025-06-25T09:13:24.554+00:00","profile":["http://hl7.org/fhir/StructureDefinition/shareablevalueset"]},"language":"fr-FR","text":{"status":"generated","div":"<div xmlns=\"http://www.w3.org/1999/xhtml\" xml:lang=\"fr-FR\" lang=\"fr-FR\"><p class=\"res-header-id\"><b>Generated Narrative: ValueSet jdv-complication-cisis</b></p><a name=\"jdv-complication-cisis\"> </a><a name=\"hcjdv-complication-cisis\"> </a><a name=\"jdv-complication-cisis-fr-FR\"> </a><div style=\"display: inline-block; background-color: #d9e0e7; padding: 6px; margin: 4px; border: 1px solid #8da1b4; border-radius: 5px; line-height: 60%\"><p style=\"margin-bottom: 0px\">version: 4; Last updated: 2025-06-25 09:13:24+0000; Language: fr-FR</p><p style=\"margin-bottom: 0px\">Profil: <a href=\"http://hl7.org/fhir/R4/shareablevalueset.html\">Shareable ValueSet</a></p></div><p>Ce jeu de valeur (ValueSet) inclut les codes selon les règles suivantes :</p><ul><li>Include ces codes sont définis dans <a href=\"CodeSystem-terminologie-cim-10.html\"><code>https://smt.esante.gouv.fr/terminologie-cim-10</code></a><table class=\"none\"><tr><td style=\"white-space:nowrap\"><b>Code</b></td><td><b>Display</b></td></tr><tr><td>R56.8</td><td>Convulsions, autres et non précisées</td></tr><tr><td>I50.9</td><td>Insuffisance cardiaque, sans précision</td></tr><tr><td>B99</td><td>Maladies infectieuses, autres et non précisées</td></tr></table></li><li>Include ces codes sont définis dans <a href=\"CodeSystem-terminologie-cisis.html\"><code>https://smt.esante.gouv.fr/fhir/CodeSystem/terminologie-cisis</code></a><table class=\"none\"><tr><td style=\"white-space:nowrap\"><b>Code</b></td><td><b>Display</b></td></tr><tr><td><a href=\"CodeSystem-terminologie-cisis.html#terminologie-cisis-MED-503\">MED-503</a></td><td>Aggravation neurologique</td></tr><tr><td><a href=\"CodeSystem-terminologie-cisis.html#terminologie-cisis-MED-504\">MED-504</a></td><td>Troubles de la déglution justifiant une gastrostomie</td></tr><tr><td><a href=\"CodeSystem-terminologie-cisis.html#terminologie-cisis-MED-518\">MED-518</a></td><td>Complication pulmonaire</td></tr><tr><td><a href=\"CodeSystem-terminologie-cisis.html#terminologie-cisis-MED-519\">MED-519</a></td><td>Complication thromboembolique</td></tr><tr><td><a href=\"CodeSystem-terminologie-cisis.html#terminologie-cisis-MED-520\">MED-520</a></td><td>Complication urinaire</td></tr><tr><td><a href=\"CodeSystem-terminologie-cisis.html#terminologie-cisis-MED-521\">MED-521</a></td><td>Complication digestive</td></tr><tr><td><a href=\"CodeSystem-terminologie-cisis.html#terminologie-cisis-MED-522\">MED-522</a></td><td>Complication neuropsychiatrique</td></tr><tr><td><a href=\"CodeSystem-terminologie-cisis.html#terminologie-cisis-GEN-092.4601.4601\">GEN-092.01.01</a></td><td>Autre problème</td></tr></table></li></ul></div>"},"extension":[{"url":"http://hl7.org/fhir/StructureDefinition/resource-effectivePeriod","valuePeriod":{"start":"2010-01-01T00:00:00+01:00"}}],"url":"https://smt.esante.gouv.fr/fhir/ValueSet/jdv-complication-cisis","identifier":[{"system":"urn:ietf:rfc:3986","value":"urn:oid:1.2.250.1.213.1.1.5.217"}],"version":"20250624152100","name":"JdvComplicationCisis","title":"JDV Complication CISIS","status":"active","experimental":false,"date":"2025-06-24T15:21:00+01:00","publisher":"Agence du Numérique en Santé(ANS) -2 - 10 Rue d'Oradour-sur-Glane, 75015 Paris","description":"JDV Complication CISIS","jurisdiction":[{"coding":[{"system":"urn:iso:std:iso:3166","code":"FR"}]}],"compose":{"include":[{"system":"https://smt.esante.gouv.fr/terminologie-cim-10","concept":[{"code":"R56.8","display":"Convulsions, autres et non précisées"},{"code":"I50.9","display":"Insuffisance cardiaque, sans précision"},{"code":"B99","display":"Maladies infectieuses, autres et non précisées"}]},{"system":"https://smt.esante.gouv.fr/fhir/CodeSystem/terminologie-cisis","concept":[{"code":"MED-503","display":"Aggravation neurologique"},{"code":"MED-504","display":"Troubles de la déglution justifiant une gastrostomie"},{"code":"MED-518","display":"Complication pulmonaire"},{"code":"MED-519","display":"Complication thromboembolique"},{"code":"MED-520","display":"Complication urinaire"},{"code":"MED-521","display":"Complication digestive"},{"code":"MED-522","display":"Complication neuropsychiatrique"},{"code":"GEN-092.01.01","display":"Autre problème"}]}]}}