<?xml version="1.0" encoding="UTF-8"?><ValueSet xmlns="http://hl7.org/fhir"><id value="jdv-score-mallampati-cisis"/><meta><versionId value="5"/><lastUpdated value="2025-10-29T10:44:43.322+01:00"/><profile value="http://hl7.org/fhir/StructureDefinition/shareablevalueset"/></meta><language value="fr-FR"/><text><status value="generated"/><div xmlns="http://www.w3.org/1999/xhtml" xml:lang="fr-FR" lang="fr-FR"><p class="res-header-id"><b>Generated Narrative: ValueSet jdv-score-mallampati-cisis</b></p><a name="jdv-score-mallampati-cisis"> </a><a name="hcjdv-score-mallampati-cisis"> </a><a name="jdv-score-mallampati-cisis-fr-FR"> </a><div style="display: inline-block; background-color: #d9e0e7; padding: 6px; margin: 4px; border: 1px solid #8da1b4; border-radius: 5px; line-height: 60%"><p style="margin-bottom: 0px">version: 5; Last updated: 2025-10-29 10:44:43+0100; Language: fr-FR</p><p style="margin-bottom: 0px">Profil: <a href="http://hl7.org/fhir/R4/shareablevalueset.html">Shareable ValueSet</a></p></div><ul><li>Include ces codes sont définis dans <a href="http://www.snomed.org/"><code>http://snomed.info/sct</code></a><table class="none"><tr><td style="white-space:nowrap"><b>Code</b></td><td><b>Display</b></td></tr><tr><td><a href="http://snomed.info/id/425247007">425247007</a></td><td>classe I de Mallampati</td></tr><tr><td><a href="http://snomed.info/id/424694002">424694002</a></td><td>classe II de Mallampati</td></tr><tr><td><a href="http://snomed.info/id/424915003">424915003</a></td><td>classe III de Mallampati</td></tr><tr><td><a href="http://snomed.info/id/424397003">424397003</a></td><td>classe IV de Mallampati</td></tr></table></li></ul></div></text><extension url="http://hl7.org/fhir/StructureDefinition/resource-effectivePeriod"><valuePeriod><start value="2020-12-23T00:00:00+01:00"/></valuePeriod></extension><url value="https://smt.esante.gouv.fr/fhir/ValueSet/jdv-score-mallampati-cisis"/><identifier><system value="urn:ietf:rfc:3986"/><value value="urn:oid:1.2.250.1.213.1.1.5.484"/></identifier><version value="20251028115834"/><name value="JdvScoreMallampatiCisis"/><title value="JDV Score Mallampati CISIS"/><status value="active"/><experimental value="false"/><date value="2025-10-28T11:58:34+01:00"/><publisher value="Agence du Numérique en Santé(ANS) -2 - 10 Rue d'Oradour-sur-Glane, 75015 Paris"/><description value="JDV Score Mallampati CISIS"/><jurisdiction><coding><system value="urn:iso:std:iso:3166"/><code value="FRA"/></coding></jurisdiction><compose><include><system value="http://snomed.info/sct"/><concept><code value="425247007"/><display value="classe I de Mallampati"/></concept><concept><code value="424694002"/><display value="classe II de Mallampati"/></concept><concept><code value="424915003"/><display value="classe III de Mallampati"/></concept><concept><code value="424397003"/><display value="classe IV de Mallampati"/></concept></include></compose></ValueSet>