<?xml version="1.0" encoding="UTF-8"?><ValueSet xmlns="http://hl7.org/fhir"><id value="jdv-nihss-commandes-cisis"/><meta><versionId value="3"/><lastUpdated value="2025-10-29T10:44:18.644+01:00"/><profile value="http://hl7.org/fhir/StructureDefinition/shareablevalueset"/></meta><language value="fr-FR"/><text><status value="generated"/><div xmlns="http://www.w3.org/1999/xhtml" xml:lang="fr-FR" lang="fr-FR"><p class="res-header-id"><b>Generated Narrative: ValueSet jdv-nihss-commandes-cisis</b></p><a name="jdv-nihss-commandes-cisis"> </a><a name="hcjdv-nihss-commandes-cisis"> </a><a name="jdv-nihss-commandes-cisis-fr-FR"> </a><div style="display: inline-block; background-color: #d9e0e7; padding: 6px; margin: 4px; border: 1px solid #8da1b4; border-radius: 5px; line-height: 60%"><p style="margin-bottom: 0px">version: 3; Last updated: 2025-10-29 10:44:18+0100; Language: fr-FR</p><p style="margin-bottom: 0px">Profil: <a href="http://hl7.org/fhir/R4/shareablevalueset.html">Shareable ValueSet</a></p></div><ul><li>Include ces codes sont définis dans <a href="http://loinc.org"><code>http://loinc.org</code></a><table class="none"><tr><td style="white-space:nowrap"><b>Code</b></td><td><b>Display</b></td></tr><tr><td><a href="https://loinc.org/LA18443-4/">LA18443-4</a></td><td>Exécute les deux ordres correctement.</td></tr><tr><td><a href="https://loinc.org/LA18444-2/">LA18444-2</a></td><td>Exécute un seul ordre sur les deux.</td></tr><tr><td><a href="https://loinc.org/LA18445-9/">LA18445-9</a></td><td>N'exécute aucun des deux ordres.</td></tr></table></li></ul></div></text><extension url="http://hl7.org/fhir/StructureDefinition/resource-effectivePeriod"><valuePeriod><start value="2010-01-01T00:00:00+01:00"/></valuePeriod></extension><url value="https://smt.esante.gouv.fr/fhir/ValueSet/jdv-nihss-commandes-cisis"/><identifier><system value="urn:ietf:rfc:3986"/><value value="urn:oid:1.2.250.1.213.1.1.5.181"/></identifier><version value="20251028115834"/><name value="JdvNihssCommandesCisis"/><title value="JDV Nihss Commandes CISIS"/><status value="active"/><experimental value="false"/><date value="2025-10-28T11:58:34+01:00"/><publisher value="Agence du Numérique en Santé(ANS) -2 - 10 Rue d'Oradour-sur-Glane, 75015 Paris"/><description value="JDV Nihss Commandes CISIS"/><jurisdiction><coding><system value="urn:iso:std:iso:3166"/><code value="FRA"/></coding></jurisdiction><compose><include><system value="http://loinc.org"/><concept><code value="LA18443-4"/><display value="Exécute les deux ordres correctement."/></concept><concept><code value="LA18444-2"/><display value="Exécute un seul ordre sur les deux."/></concept><concept><code value="LA18445-9"/><display value="N'exécute aucun des deux ordres."/></concept></include></compose></ValueSet>