<?xml version="1.0" encoding="UTF-8"?><ValueSet xmlns="http://hl7.org/fhir"><id value="jdv-couverture-sociale-cisis"/><meta><versionId value="4"/><lastUpdated value="2025-06-25T09:13:40.748+00:00"/><profile value="http://hl7.org/fhir/StructureDefinition/shareablevalueset"/></meta><language value="fr-FR"/><text><status value="generated"/><div xmlns="http://www.w3.org/1999/xhtml" xml:lang="fr-FR" lang="fr-FR"><p class="res-header-id"><b>Generated Narrative: ValueSet jdv-couverture-sociale-cisis</b></p><a name="jdv-couverture-sociale-cisis"> </a><a name="hcjdv-couverture-sociale-cisis"> </a><a name="jdv-couverture-sociale-cisis-fr-FR"> </a><div style="display: inline-block; background-color: #d9e0e7; padding: 6px; margin: 4px; border: 1px solid #8da1b4; border-radius: 5px; line-height: 60%"><p style="margin-bottom: 0px">version: 4; Last updated: 2025-06-25 09:13:40+0000; Language: fr-FR</p><p style="margin-bottom: 0px">Profil: <a href="http://hl7.org/fhir/R4/shareablevalueset.html">Shareable ValueSet</a></p></div><ul><li>Include ces codes sont définis dans <a href="CodeSystem-terminologie-cisis.html"><code>https://smt.esante.gouv.fr/fhir/CodeSystem/terminologie-cisis</code></a><table class="none"><tr><td style="white-space:nowrap"><b>Code</b></td><td><b>Display</b></td></tr><tr><td><a href="CodeSystem-terminologie-cisis.html#terminologie-cisis-GEN-412">GEN-412</a></td><td>Assurance maladie (Sécurité sociale)</td></tr><tr><td><a href="CodeSystem-terminologie-cisis.html#terminologie-cisis-GEN-107">GEN-107</a></td><td>Aide médicale de l’état (AME)</td></tr><tr><td><a href="CodeSystem-terminologie-cisis.html#terminologie-cisis-GEN-092.4608.4609">GEN-092.08.09</a></td><td>Autre situation pour la couverture sociale</td></tr></table></li></ul></div></text><extension url="http://hl7.org/fhir/StructureDefinition/resource-effectivePeriod"><valuePeriod><start value="2010-01-01T00:00:00+01:00"/></valuePeriod></extension><url value="https://smt.esante.gouv.fr/fhir/ValueSet/jdv-couverture-sociale-cisis"/><identifier><system value="urn:ietf:rfc:3986"/><value value="urn:oid:1.2.250.1.213.1.1.5.125"/></identifier><version value="20250624152100"/><name value="JdvCouvertureSocialeCisis"/><title value="JDV Couverture Sociale CISIS"/><status value="active"/><experimental value="false"/><date value="2025-06-24T15:21:00+01:00"/><publisher value="Agence du Numérique en Santé(ANS) -2 - 10 Rue d'Oradour-sur-Glane, 75015 Paris"/><description value="JDV Couverture Sociale CISIS"/><jurisdiction><coding><system value="urn:iso:std:iso:3166"/><code value="FRA"/></coding></jurisdiction><compose><include><system value="https://smt.esante.gouv.fr/fhir/CodeSystem/terminologie-cisis"/><concept><code value="GEN-412"/><display value="Assurance maladie (Sécurité sociale)"/></concept><concept><code value="GEN-107"/><display value="Aide médicale de l’état (AME)"/></concept><concept><code value="GEN-092.08.09"/><display value="Autre situation pour la couverture sociale"/></concept></include></compose></ValueSet>