<?xml version="1.0" encoding="UTF-8"?>

<ConceptMap xmlns="http://hl7.org/fhir">
  <id value="alignement-bdpm-cipucd"/>
  <meta>
    <versionId value="17"/>
    <lastUpdated value="2025-12-04T14:34:28.067+01:00"/>
    <tag>
      <system value="http://terminology.hl7.org/CodeSystem/v3-ObservationValue"/>
      <code value="SUBSETTED"/>
      <display value="Resource encoded in summary mode"/>
    </tag>
  </meta>
  <text>
    <status value="generated"/><div xmlns="http://www.w3.org/1999/xhtml"><p class="res-header-id"><b>Generated Narrative: ConceptMap alignement-bdpm-cipucd</b></p><a name="alignement-bdpm-cipucd"> </a><a name="hcalignement-bdpm-cipucd"> </a><a name="alignement-bdpm-cipucd-fr-FR"> </a><div style="display: inline-block; background-color: #d9e0e7; padding: 6px; margin: 4px; border: 1px solid #8da1b4; border-radius: 5px; line-height: 60%"><p style="margin-bottom: 0px">version: 17; Last updated: 2025-12-04 14:34:28+0100</p><p style="margin-bottom: 0px">Tag: Resource encoded in summary mode (Details: ObservationValue code SUBSETTED = 'Resource encoded in summary mode')</p></div><p>Mapping from <a href="ValueSet-vs-bdpm-all.html">ValueSet_BDPM_All</a> to <a href="ValueSet-vs-cipucd-all.html">ValueSet_CIPUCD_All</a></p><br/></div>
  </text>
  <url value="https://smt.esante.gouv.fr/fhir/ConceptMap/alignement-bdpm-cipucd"/>
  <version value="2025-12"/>
  <name value="Alignement_Codes_Presentation_BDPM_CIPUCD"/>
  <title value="Aligner les codes de présentation de la BDPM avec les codes CIP du référentiel CIP-UCD"/>
  <status value="active"/>
  <date value="2025-12-03"/>
  <publisher value="Agence du numérique en santé"/>
  <contact>
    <telecom>
      <system value="url"/>
      <value value="https://smt.esante.gouv.fr/fhir/ConceptMap/alignement-bdpm-cipucd"/>
    </telecom>
  </contact>
  <useContext>
    <code>
      <system value="http://terminology.hl7.org/CodeSystem/usage-context-type"/>
      <code value="task"/>
    </code>
    <valueCodeableConcept>
      <coding>
        <system value="https://smt.esante.gouv.fr/terminologie-ncit"/>
        <code value="C142485"/>
        <display value="alignement des données"/>
      </coding>
      <text value="Aligner les codes CIP BDPM avec les codes CIP du référentiel CIP UCD."/>
    </valueCodeableConcept>
  </useContext>
  <jurisdiction>
    <coding>
      <system value="urn:iso:std:iso:3166"/>
      <code value="FRA"/>
    </coding>
  </jurisdiction>
  <sourceCanonical value="https://smt.esante.gouv.fr/terminologie-bdpm?vs|20241106120000"/>
  <targetCanonical value="https://smt.esante.gouv.fr/terminologie-cip_ucd?vs|20241114120000"/>
</ConceptMap>