<?xml version="1.0" encoding="UTF-8"?>

<ValueSet xmlns="http://hl7.org/fhir">
  <id value="jdv-autre-symptome-avc-cisis"/>
  <meta>
    <versionId value="6"/>
    <lastUpdated value="2025-12-17T15:43:06.762+01:00"/>
    <profile value="http://hl7.org/fhir/StructureDefinition/shareablevalueset|4.0.1"/>
  </meta>
  <language value="fr-FR"/>
  <text>
    <status value="generated"/><div xmlns="http://www.w3.org/1999/xhtml" xml:lang="fr-FR" lang="fr-FR"><p class="res-header-id"><b>Generated Narrative: ValueSet jdv-autre-symptome-avc-cisis</b></p><a name="jdv-autre-symptome-avc-cisis"> </a><a name="hcjdv-autre-symptome-avc-cisis"> </a><a name="jdv-autre-symptome-avc-cisis-fr-FR"> </a><div style="display: inline-block; background-color: #d9e0e7; padding: 6px; margin: 4px; border: 1px solid #8da1b4; border-radius: 5px; line-height: 60%"><p style="margin-bottom: 0px">version: 6; Last updated: 2025-12-17 15:43:06+0100; Language: fr-FR</p><p style="margin-bottom: 0px">Profil: <a href="http://hl7.org/fhir/R4/shareablevalueset.html">Shareable ValueSetversion: null4.0.1)</a></p></div><p>Ce jeu de valeur (ValueSet) inclut les codes selon les règles suivantes :</p><ul><li>Include ces codes sont définis dans <a href="http://terminology.hl7.org/5.0.0/CodeSystem-icd10.html"><code>http://hl7.org/fhir/sid/icd-10</code></a><table class="none"><tr><td style="white-space:nowrap"><b>Code</b></td><td><b>Display</b></td></tr><tr><td>Y06.9</td><td>Délaissement et abandon par une personne non précisée</td></tr><tr><td>G44</td><td>Autres syndromes d'algies céphaliques</td></tr><tr><td>R41.8</td><td>Symptômes et signes relatifs aux fonctions cognitives et à la conscience, autres et non précisés</td></tr><tr><td>R41.0</td><td>Désorientation, sans précision</td></tr><tr><td>R47.02</td><td>Aphasie, autre et sans précision</td></tr><tr><td>R47.1</td><td>Dysarthrie et anarthrie</td></tr><tr><td>G90.9</td><td>Affection du système nerveux autonome, sans précision</td></tr></table></li><li>Include ces codes sont définis dans <a href="http://www.snomed.org/"><code>http://snomed.info/sct</code></a><table class="none"><tr><td style="white-space:nowrap"><b>Code</b></td><td><b>Display</b></td></tr><tr><td><a href="http://snomed.info/id/61683000">61683000</a></td><td>drop attack</td></tr><tr><td><a href="http://snomed.info/id/399090003">399090003</a></td><td>vertige subjectif</td></tr><tr><td><a href="http://snomed.info/id/88052002">88052002</a></td><td>mutisme</td></tr></table></li></ul></div>
  </text>
  <extension url="http://hl7.org/fhir/StructureDefinition/resource-effectivePeriod">
    <valuePeriod>
      <start value="2010-01-01T00:00:00+01:00"/>
    </valuePeriod>
  </extension>
  <url value="https://smt.esante.gouv.fr/fhir/ValueSet/jdv-autre-symptome-avc-cisis"/>
  <identifier>
    <system value="urn:ietf:rfc:3986"/>
    <value value="urn:oid:1.2.250.1.213.1.1.5.159"/>
  </identifier>
  <version value="20251216141840"/>
  <name value="JdvAutreSymptomeAvcCisis"/>
  <title value="JDV Autre Symptome Avc CISIS"/>
  <status value="active"/>
  <experimental value="false"/>
  <date value="2025-12-16T14:18:40+01:00"/>
  <publisher value="Agence du Numérique en Santé(ANS) -2 - 10 Rue d'Oradour-sur-Glane, 75015 Paris"/>
  <description value="JDV Autre Symptome Avc CISIS"/>
  <jurisdiction>
    <coding>
      <system value="urn:iso:std:iso:3166"/>
      <code value="FRA"/>
    </coding>
  </jurisdiction>
  <compose>
    <include>
      <system value="http://hl7.org/fhir/sid/icd-10"/>
      <concept>
        <code value="Y06.9"/>
        <display value="Délaissement et abandon par une personne non précisée"/>
      </concept>
      <concept>
        <code value="G44"/>
        <display value="Autres syndromes d'algies céphaliques"/>
      </concept>
      <concept>
        <code value="R41.8"/>
        <display value="Symptômes et signes relatifs aux fonctions cognitives et à la conscience, autres et non précisés"/>
      </concept>
      <concept>
        <code value="R41.0"/>
        <display value="Désorientation, sans précision"/>
      </concept>
      <concept>
        <code value="R47.02"/>
        <display value="Aphasie, autre et sans précision"/>
      </concept>
      <concept>
        <code value="R47.1"/>
        <display value="Dysarthrie et anarthrie"/>
      </concept>
      <concept>
        <code value="G90.9"/>
        <display value="Affection du système nerveux autonome, sans précision"/>
      </concept>
    </include>
    <include>
      <system value="http://snomed.info/sct"/>
      <concept>
        <code value="61683000"/>
        <display value="drop attack"/>
      </concept>
      <concept>
        <code value="399090003"/>
        <display value="vertige subjectif"/>
      </concept>
      <concept>
        <code value="88052002"/>
        <display value="mutisme"/>
      </concept>
    </include>
  </compose>
</ValueSet>