<?xml version="1.0" encoding="UTF-8"?>

<ValueSet xmlns="http://hl7.org/fhir">
  <id value="jdv-site-intervention-cisis"/>
  <meta>
    <versionId value="6"/>
    <lastUpdated value="2025-12-17T15:46:52.696+01:00"/>
    <profile value="http://hl7.org/fhir/StructureDefinition/shareablevalueset|4.0.1"/>
  </meta>
  <language value="fr-FR"/>
  <text>
    <status value="generated"/><div xmlns="http://www.w3.org/1999/xhtml" xml:lang="fr-FR" lang="fr-FR"><p class="res-header-id"><b>Generated Narrative: ValueSet jdv-site-intervention-cisis</b></p><a name="jdv-site-intervention-cisis"> </a><a name="hcjdv-site-intervention-cisis"> </a><a name="jdv-site-intervention-cisis-fr-FR"> </a><div style="display: inline-block; background-color: #d9e0e7; padding: 6px; margin: 4px; border: 1px solid #8da1b4; border-radius: 5px; line-height: 60%"><p style="margin-bottom: 0px">version: 6; Last updated: 2025-12-17 15:46:52+0100; Language: fr-FR</p><p style="margin-bottom: 0px">Profil: <a href="http://hl7.org/fhir/R4/shareablevalueset.html">Shareable ValueSetversion: null4.0.1)</a></p></div><ul><li>Include ces codes sont définis dans <a href="http://www.snomed.org/"><code>http://snomed.info/sct</code></a><table class="none"><tr><td style="white-space:nowrap"><b>Code</b></td><td><b>Display</b></td></tr><tr><td><a href="http://snomed.info/id/15825003">15825003</a></td><td>aorte</td></tr><tr><td><a href="http://snomed.info/id/41801008">41801008</a></td><td>artère coronaire</td></tr><tr><td><a href="http://snomed.info/id/22286001">22286001</a></td><td>artère carotide externe</td></tr><tr><td><a href="http://snomed.info/id/85234005">85234005</a></td><td>artère vertébrale</td></tr><tr><td><a href="http://snomed.info/id/36765005">36765005</a></td><td>artère subclavière</td></tr><tr><td><a href="http://snomed.info/id/10293006">10293006</a></td><td>artère iliaque</td></tr><tr><td><a href="http://snomed.info/id/127955005">127955005</a></td><td>artère intracrânienne</td></tr><tr><td><a href="http://snomed.info/id/61685007">61685007</a></td><td>membre inférieur</td></tr></table></li></ul></div>
  </text>
  <extension url="http://hl7.org/fhir/StructureDefinition/resource-effectivePeriod">
    <valuePeriod>
      <start value="2010-01-01T00:00:00+01:00"/>
    </valuePeriod>
  </extension>
  <url value="https://smt.esante.gouv.fr/fhir/ValueSet/jdv-site-intervention-cisis"/>
  <identifier>
    <system value="urn:ietf:rfc:3986"/>
    <value value="urn:oid:1.2.250.1.213.1.1.5.169"/>
  </identifier>
  <version value="20251216141840"/>
  <name value="JdvSiteInterventionCisis"/>
  <title value="JDV Site Intervention CISIS"/>
  <status value="active"/>
  <experimental value="false"/>
  <date value="2025-12-16T14:18:40+01:00"/>
  <publisher value="Agence du Numérique en Santé(ANS) -2 - 10 Rue d'Oradour-sur-Glane, 75015 Paris"/>
  <description value="JDV Site Intervention CISIS"/>
  <jurisdiction>
    <coding>
      <system value="urn:iso:std:iso:3166"/>
      <code value="FRA"/>
    </coding>
  </jurisdiction>
  <compose>
    <include>
      <system value="http://snomed.info/sct"/>
      <concept>
        <code value="15825003"/>
        <display value="aorte"/>
      </concept>
      <concept>
        <code value="41801008"/>
        <display value="artère coronaire"/>
      </concept>
      <concept>
        <code value="22286001"/>
        <display value="artère carotide externe"/>
      </concept>
      <concept>
        <code value="85234005"/>
        <display value="artère vertébrale"/>
      </concept>
      <concept>
        <code value="36765005"/>
        <display value="artère subclavière"/>
      </concept>
      <concept>
        <code value="10293006"/>
        <display value="artère iliaque"/>
      </concept>
      <concept>
        <code value="127955005"/>
        <display value="artère intracrânienne"/>
      </concept>
      <concept>
        <code value="61685007"/>
        <display value="membre inférieur"/>
      </concept>
    </include>
  </compose>
</ValueSet>