<?xml version="1.0" encoding="UTF-8"?>

<ValueSet xmlns="http://hl7.org/fhir">
  <id value="jdv-etat-perinee-cisis"/>
  <meta>
    <versionId value="6"/>
    <lastUpdated value="2025-12-17T15:43:55.655+01:00"/>
    <profile value="http://hl7.org/fhir/StructureDefinition/shareablevalueset|4.0.1"/>
  </meta>
  <language value="fr-FR"/>
  <text>
    <status value="generated"/><div xmlns="http://www.w3.org/1999/xhtml" xml:lang="fr-FR" lang="fr-FR"><p class="res-header-id"><b>Generated Narrative: ValueSet jdv-etat-perinee-cisis</b></p><a name="jdv-etat-perinee-cisis"> </a><a name="hcjdv-etat-perinee-cisis"> </a><a name="jdv-etat-perinee-cisis-fr-FR"> </a><div style="display: inline-block; background-color: #d9e0e7; padding: 6px; margin: 4px; border: 1px solid #8da1b4; border-radius: 5px; line-height: 60%"><p style="margin-bottom: 0px">version: 6; Last updated: 2025-12-17 15:43:55+0100; Language: fr-FR</p><p style="margin-bottom: 0px">Profil: <a href="http://hl7.org/fhir/R4/shareablevalueset.html">Shareable ValueSetversion: null4.0.1)</a></p></div><p>Ce jeu de valeur (ValueSet) inclut les codes selon les règles suivantes :</p><ul><li>Include ces codes sont définis dans <a href="http://terminology.hl7.org/5.0.0/CodeSystem-icd10.html"><code>http://hl7.org/fhir/sid/icd-10</code></a><table class="none"><tr><td style="white-space:nowrap"><b>Code</b></td><td><b>Display</b></td></tr><tr><td>O70.0</td><td>Déchirure obstétricale du périnée, du premier degré</td></tr><tr><td>O70.1</td><td>Déchirure obstétricale du périnée, du deuxième degré</td></tr><tr><td>O70.2</td><td>Déchirure obstétricale du périnée, du troisième degré</td></tr><tr><td>O70.3</td><td>Déchirure obstétricale du périnée, du quatrième degré</td></tr></table></li><li>Include ces codes sont définis dans <a href="http://www.snomed.org/"><code>http://snomed.info/sct</code></a><table class="none"><tr><td style="white-space:nowrap"><b>Code</b></td><td><b>Display</b></td></tr><tr><td><a href="http://snomed.info/id/289854007">289854007</a></td><td>périnée intact</td></tr><tr><td><a href="http://snomed.info/id/860603002">860603002</a></td><td>plaie d'épisiotomie</td></tr></table></li></ul></div>
  </text>
  <extension url="http://hl7.org/fhir/StructureDefinition/resource-effectivePeriod">
    <valuePeriod>
      <start value="2023-08-03T00:00:00+01:00"/>
    </valuePeriod>
  </extension>
  <url value="https://smt.esante.gouv.fr/fhir/ValueSet/jdv-etat-perinee-cisis"/>
  <identifier>
    <system value="urn:ietf:rfc:3986"/>
    <value value="urn:oid:1.2.250.1.213.1.1.5.734"/>
  </identifier>
  <version value="20251216141839"/>
  <name value="JdvEtatPerineeCisis"/>
  <title value="JDV Etat Perinee CISIS"/>
  <status value="active"/>
  <experimental value="false"/>
  <date value="2025-12-16T14:18:39+01:00"/>
  <publisher value="Agence du Numérique en Santé(ANS) -2 - 10 Rue d'Oradour-sur-Glane, 75015 Paris"/>
  <description value="JDV Etat Perinee CISIS"/>
  <jurisdiction>
    <coding>
      <system value="urn:iso:std:iso:3166"/>
      <code value="FRA"/>
    </coding>
  </jurisdiction>
  <compose>
    <include>
      <system value="http://hl7.org/fhir/sid/icd-10"/>
      <concept>
        <code value="O70.0"/>
        <display value="Déchirure obstétricale du périnée, du premier degré"/>
      </concept>
      <concept>
        <code value="O70.1"/>
        <display value="Déchirure obstétricale du périnée, du deuxième degré"/>
      </concept>
      <concept>
        <code value="O70.2"/>
        <display value="Déchirure obstétricale du périnée, du troisième degré"/>
      </concept>
      <concept>
        <code value="O70.3"/>
        <display value="Déchirure obstétricale du périnée, du quatrième degré"/>
      </concept>
    </include>
    <include>
      <system value="http://snomed.info/sct"/>
      <concept>
        <code value="289854007"/>
        <display value="périnée intact"/>
      </concept>
      <concept>
        <code value="860603002"/>
        <display value="plaie d'épisiotomie"/>
      </concept>
    </include>
  </compose>
</ValueSet>