<?xml version="1.0" encoding="UTF-8"?><CodeSystem xmlns="http://hl7.org/fhir"><id value="TRE-R32-StatutHospitalier"/><meta><versionId value="5"/><lastUpdated value="2025-07-02T18:17:29.880+00:00"/><profile value="http://hl7.org/fhir/StructureDefinition/shareablecodesystem"/></meta><text><status value="generated"/><div xmlns="http://www.w3.org/1999/xhtml"><p class="res-header-id"><b>Narratif généré : CodeSystem TRE-R32-StatutHospitalier</b></p><a name="TRE-R32-StatutHospitalier"> </a><a name="hcTRE-R32-StatutHospitalier"> </a><div style="display: inline-block; background-color: #d9e0e7; padding: 6px; margin: 4px; border: 1px solid #8da1b4; border-radius: 5px; line-height: 60%"><p style="margin-bottom: 0px">version: 4; Dernière mise à jour : 2024-08-28 05:13:25+0000</p><p style="margin-bottom: 0px">Profil: <a href="http://hl7.org/fhir/R4/shareablecodesystem.html">Shareable CodeSystem</a></p></div><p><b>Propriétés</b></p><p><b>Cette terminologie de référence (CodeSystem) définit les propriétés suivantes pour ses concepts</b></p><table class="grid"><tr><td><b>Nom</b></td><td><b>Code</b></td><td><b>Type</b></td><td><b>Description</b></td></tr><tr><td>dateValid</td><td>dateValid</td><td>dateTime</td><td>date de validité d'un code concept</td></tr><tr><td>dateMaj</td><td>dateMaj</td><td>dateTime</td><td>Date de mise à jour d'un code concept</td></tr><tr><td>dateFin</td><td>dateFin</td><td>dateTime</td><td>Date de fin d'exploitation d'un code concept</td></tr></table><p><b>Concepts</b></p><p>This case-insensitive code system <code>https://mos.esante.gouv.fr/NOS/TRE_R32-StatutHospitalier/FHIR/TRE-R32-StatutHospitalier</code> defines the following codes:</p><table class="codes"><tr><td style="white-space:nowrap"><b>Code</b></td><td><b>Display</b></td><td><b>dateValid</b></td><td><b>dateMaj</b></td><td><b>French (France) (fr)</b></td></tr><tr><td style="white-space:nowrap">SH01<a name="TRE-R32-StatutHospitalier-SH01"> </a></td><td>Professeur des universités - Praticien hospitalier (PU-PH) (décret n° 84-135)</td><td>2007-07-25T15:04:44+01:00</td><td>2016-09-01T00:00:00+01:00</td><td>PU-PH</td></tr><tr><td style="white-space:nowrap">SH02<a name="TRE-R32-StatutHospitalier-SH02"> </a></td><td>Maître de conférences des universités - Praticien hospitalier (décret n° 84-135)</td><td>2007-07-25T15:04:44+01:00</td><td>2016-09-01T00:00:00+01:00</td><td>MCU-PH</td></tr><tr><td style="white-space:nowrap">SH03<a name="TRE-R32-StatutHospitalier-SH03"> </a></td><td>Chef de clinique des universités - Assistant des hôpitaux (décret n° 84-135)</td><td>2007-07-25T15:04:44+01:00</td><td>2016-09-01T00:00:00+01:00</td><td>CCA</td></tr><tr><td style="white-space:nowrap">SH04<a name="TRE-R32-StatutHospitalier-SH04"> </a></td><td>Assistant hospitalier universitaire (AHU) (décret n° 84-135)</td><td>2007-07-25T15:04:44+01:00</td><td>2016-09-01T00:00:00+01:00</td><td>AHU</td></tr><tr><td style="white-space:nowrap">SH05<a name="TRE-R32-StatutHospitalier-SH05"> </a></td><td>Professeur des universités - Praticien hospitalier des CSERD (décret n° 90-92)</td><td>2007-07-25T15:04:44+01:00</td><td>2016-09-01T00:00:00+01:00</td><td>PU-PH dentaire</td></tr><tr><td style="white-space:nowrap">SH06<a name="TRE-R32-StatutHospitalier-SH06"> </a></td><td>Maître de conf des universités - Praticien hospit des CSERD (décret n° 90-92)</td><td>2007-07-25T15:04:44+01:00</td><td>2016-09-01T00:00:00+01:00</td><td>MCU-PH dentaire</td></tr><tr><td style="white-space:nowrap">SH07<a name="TRE-R32-StatutHospitalier-SH07"> </a></td><td>Assistant hospitalier universitaire (AHU) des CSERD (décret n° 90-92)</td><td>2007-07-25T15:04:44+01:00</td><td>2016-09-01T00:00:00+01:00</td><td>AHU dentaire</td></tr><tr><td style="white-space:nowrap">SH08<a name="TRE-R32-StatutHospitalier-SH08"> </a></td><td>Praticien hospitalier temps plein (R6152-1 et suivants du CSP)</td><td>2007-07-25T15:04:44+01:00</td><td>2016-09-01T00:00:00+01:00</td><td>PH temps plein</td></tr><tr><td style="white-space:nowrap">SH09<a name="TRE-R32-StatutHospitalier-SH09"> </a></td><td>Praticien hospitalier temps partiel (R6152-201 et suivants du CSP)</td><td>2007-07-25T15:04:44+01:00</td><td>2016-09-01T00:00:00+01:00</td><td>PH temps partiel</td></tr><tr><td style="white-space:nowrap">SH10<a name="TRE-R32-StatutHospitalier-SH10"> </a></td><td>Assistant des hôpitaux et Assistant associé (R6152-501 et suivants du CSP)</td><td>2007-07-25T15:04:44+01:00</td><td>2016-09-01T00:00:00+01:00</td><td>Assistant des hôpitaux</td></tr><tr><td style="white-space:nowrap">SH11<a name="TRE-R32-StatutHospitalier-SH11"> </a></td><td>Praticien attaché et Praticien attaché associé (R6152-601 et suivants du CSP)</td><td>2007-07-25T15:04:44+01:00</td><td>2016-09-01T00:00:00+01:00</td><td>Praticien attaché</td></tr><tr><td style="white-space:nowrap">SH12<a name="TRE-R32-StatutHospitalier-SH12"> </a></td><td>Praticien contractuel (R 6152-401 et suivants du CSP)</td><td>2007-07-25T15:04:44+01:00</td><td>2016-09-01T00:00:00+01:00</td><td>Praticien contractuel</td></tr><tr><td style="white-space:nowrap">SH13<a name="TRE-R32-StatutHospitalier-SH13"> </a></td><td>Praticien adjoint contractuel (décret n° 95-569)</td><td>2007-07-25T15:04:44+01:00</td><td>2016-09-01T00:00:00+01:00</td><td>PAC</td></tr><tr><td style="white-space:nowrap">SH14<a name="TRE-R32-StatutHospitalier-SH14"> </a></td><td>Interne (R6153-1 et suivants du CSP)</td><td>2007-07-25T15:04:44+01:00</td><td>2016-09-01T00:00:00+01:00</td><td>Interne</td></tr><tr><td style="white-space:nowrap">SH15<a name="TRE-R32-StatutHospitalier-SH15"> </a></td><td>Praticien Hospitalier-Universitaire (PHU) (décret n° 84-135)</td><td>2007-07-25T15:04:44+01:00</td><td>2016-09-01T00:00:00+01:00</td><td>PHU</td></tr><tr><td style="white-space:nowrap">SH16<a name="TRE-R32-StatutHospitalier-SH16"> </a></td><td>Praticien hospitalier associé (R6152-1 et suivants du CSP)</td><td>2007-07-25T15:04:44+01:00</td><td>2016-09-01T00:00:00+01:00</td><td>PH associé</td></tr><tr><td style="white-space:nowrap">SH17<a name="TRE-R32-StatutHospitalier-SH17"> </a></td><td>Praticien hospitalier provisoire (abrogé depuis le 06/10/2006)</td><td>2007-07-25T00:00:00+01:00</td><td>2016-09-01T00:00:00+01:00</td><td>PH provisoire</td></tr><tr><td style="white-space:nowrap">SH18<a name="TRE-R32-StatutHospitalier-SH18"> </a></td><td>Clinicien hospitalier (R6152-701 et suivants du CSP)</td><td>2007-07-25T00:00:00+01:00</td><td>2016-09-01T00:00:00+01:00</td><td>Clinicien hospitalier</td></tr><tr><td style="white-space:nowrap">SH99<a name="TRE-R32-StatutHospitalier-SH99"> </a></td><td>Salarié hospitalier</td><td>2007-07-25T15:04:44+01:00</td><td>2016-09-01T00:00:00+01:00</td><td/></tr></table></div></text><extension url="http://hl7.org/fhir/StructureDefinition/resource-effectivePeriod"><valuePeriod><start value="2007-07-25T15:04:44+01:00"/></valuePeriod></extension><url value="https://mos.esante.gouv.fr/NOS/TRE_R32-StatutHospitalier/FHIR/TRE-R32-StatutHospitalier"/><identifier><system value="urn:ietf:rfc:3986"/><value value="urn:oid:1.2.250.1.213.1.6.1.21"/></identifier><version value="20231215120000"/><name value="TRE_R32_StatutHospitalier"/><status value="active"/><experimental value="false"/><date value="2023-12-15T12:00:00+01:00"/><publisher value="Agence du Numérique en Santé (ANS) - 2-10 Rue d'Oradour-sur-Glane, 75015 Paris"/><description value="Statut hospitalier"/><jurisdiction><coding><system value="urn:iso:std:iso:3166"/><code value="FR"/></coding></jurisdiction><caseSensitive value="false"/><content value="complete"/><property><code value="dateValid"/><description value="date de validité d'un code concept"/><type value="dateTime"/></property><property><code value="dateMaj"/><description value="Date de mise à jour d'un code concept"/><type value="dateTime"/></property><property><code value="dateFin"/><description value="Date de fin d'exploitation d'un code concept"/><type value="dateTime"/></property><property><code value="deprecationDate"/><uri value="http://hl7.org/fhir/concept-properties#deprecationDate"/><description value="Date Concept was deprecated"/><type value="dateTime"/></property><property><code value="status"/><uri value="http://hl7.org/fhir/concept-properties#status"/><description value="A property that indicates the status of the concept."/><type value="code"/></property><property><code value="retirementDate"/><uri value="http://hl7.org/fhir/concept-properties#retirementDate"/><description value="Date Concept was retired"/><type value="dateTime"/></property><concept><code value="SH01"/><display value="Professeur des universités - Praticien hospitalier (PU-PH) (décret n° 84-135)"/><designation><language value="fr-FR"/><use><system value="http://snomed.info/sct"/><code value="900000000000013009"/></use><value value="PU-PH"/></designation><designation><language value="fr-FR"/><use><system value="http://snomed.info/sct"/><code value="900000000000013009"/></use><value value="Professeur des universités-praticien hospitalier (PU-PH)"/></designation><property><code value="dateValid"/><valueDateTime value="2007-07-25T15:04:44+01:00"/></property><property><code value="dateMaj"/><valueDateTime value="2016-09-01T00:00:00+01:00"/></property><property><valueCode value="active"/></property></concept><concept><code value="SH02"/><display value="Maître de conférences des universités - Praticien hospitalier (décret n° 84-135)"/><designation><language value="fr-FR"/><use><system value="http://snomed.info/sct"/><code value="900000000000013009"/></use><value value="MCU-PH"/></designation><designation><language value="fr-FR"/><use><system value="http://snomed.info/sct"/><code value="900000000000013009"/></use><value value="Maître de conférences des universités - Praticien hospitalier (MCU-PH)"/></designation><property><code value="dateValid"/><valueDateTime value="2007-07-25T15:04:44+01:00"/></property><property><code value="dateMaj"/><valueDateTime value="2016-09-01T00:00:00+01:00"/></property><property><valueCode value="active"/></property></concept><concept><code value="SH03"/><display value="Chef de clinique des universités - Assistant des hôpitaux (décret n° 84-135)"/><designation><language value="fr-FR"/><use><system value="http://snomed.info/sct"/><code value="900000000000013009"/></use><value value="CCA"/></designation><designation><language value="fr-FR"/><use><system value="http://snomed.info/sct"/><code value="900000000000013009"/></use><value value="Chef de clinique des universités-assistant des hôpitaux (CCA)"/></designation><property><code value="dateValid"/><valueDateTime value="2007-07-25T15:04:44+01:00"/></property><property><code value="dateMaj"/><valueDateTime value="2016-09-01T00:00:00+01:00"/></property><property><valueCode value="active"/></property></concept><concept><code value="SH04"/><display value="Assistant hospitalier universitaire (AHU) (décret n° 84-135)"/><designation><language value="fr-FR"/><use><system value="http://snomed.info/sct"/><code value="900000000000013009"/></use><value value="AHU"/></designation><designation><language value="fr-FR"/><use><system value="http://snomed.info/sct"/><code value="900000000000013009"/></use><value value="Assistant hospitalier universitaire (AHU)"/></designation><property><code value="dateValid"/><valueDateTime value="2007-07-25T15:04:44+01:00"/></property><property><code value="dateMaj"/><valueDateTime value="2016-09-01T00:00:00+01:00"/></property><property><valueCode value="active"/></property></concept><concept><code value="SH05"/><display value="Professeur des universités - Praticien hospitalier des CSERD (décret n° 90-92)"/><designation><language value="fr-FR"/><use><system value="http://snomed.info/sct"/><code value="900000000000013009"/></use><value value="PU-PH dentaire"/></designation><designation><language value="fr-FR"/><use><system value="http://snomed.info/sct"/><code value="900000000000013009"/></use><value value="Professeur des universités-praticien hospitalier (PU-PH) des centres de soins, d'enseignement et de recherche dentaires (CSERD)"/></designation><property><code value="dateValid"/><valueDateTime value="2007-07-25T15:04:44+01:00"/></property><property><code value="dateMaj"/><valueDateTime value="2016-09-01T00:00:00+01:00"/></property><property><valueCode value="active"/></property></concept><concept><code value="SH06"/><display value="Maître de conf des universités - Praticien hospit des CSERD (décret n° 90-92)"/><designation><language value="fr-FR"/><use><system value="http://snomed.info/sct"/><code value="900000000000013009"/></use><value value="MCU-PH dentaire"/></designation><designation><language value="fr-FR"/><use><system value="http://snomed.info/sct"/><code value="900000000000013009"/></use><value value="Maître de conférences des universités-praticien hospitalier (MCU-PH) des CSERD"/></designation><property><code value="dateValid"/><valueDateTime value="2007-07-25T15:04:44+01:00"/></property><property><code value="dateMaj"/><valueDateTime value="2016-09-01T00:00:00+01:00"/></property><property><valueCode value="active"/></property></concept><concept><code value="SH07"/><display value="Assistant hospitalier universitaire (AHU) des CSERD (décret n° 90-92)"/><designation><language value="fr-FR"/><use><system value="http://snomed.info/sct"/><code value="900000000000013009"/></use><value value="AHU dentaire"/></designation><designation><language value="fr-FR"/><use><system value="http://snomed.info/sct"/><code value="900000000000013009"/></use><value value="Assistant hospitalier universitaire (AHU) des centres de soins, d'enseignement et de recherche dentaires (CSERD)"/></designation><property><code value="dateValid"/><valueDateTime value="2007-07-25T15:04:44+01:00"/></property><property><code value="dateMaj"/><valueDateTime value="2016-09-01T00:00:00+01:00"/></property><property><valueCode value="active"/></property></concept><concept><code value="SH08"/><display value="Praticien hospitalier temps plein (R6152-1 et suivants du CSP)"/><designation><language value="fr-FR"/><use><system value="http://snomed.info/sct"/><code value="900000000000013009"/></use><value value="PH temps plein"/></designation><designation><language value="fr-FR"/><use><system value="http://snomed.info/sct"/><code value="900000000000013009"/></use><value value="Praticien hospitalier temps plein"/></designation><property><code value="dateValid"/><valueDateTime value="2007-07-25T15:04:44+01:00"/></property><property><code value="dateMaj"/><valueDateTime value="2016-09-01T00:00:00+01:00"/></property><property><valueCode value="active"/></property></concept><concept><code value="SH09"/><display value="Praticien hospitalier temps partiel (R6152-201 et suivants du CSP)"/><designation><language value="fr-FR"/><use><system value="http://snomed.info/sct"/><code value="900000000000013009"/></use><value value="PH temps partiel"/></designation><designation><language value="fr-FR"/><use><system value="http://snomed.info/sct"/><code value="900000000000013009"/></use><value value="Praticien hospitalier temps partiel"/></designation><property><code value="dateValid"/><valueDateTime value="2007-07-25T15:04:44+01:00"/></property><property><code value="dateMaj"/><valueDateTime value="2016-09-01T00:00:00+01:00"/></property><property><valueCode value="active"/></property></concept><concept><code value="SH10"/><display value="Assistant des hôpitaux et Assistant associé (R6152-501 et suivants du CSP)"/><designation><language value="fr-FR"/><use><system value="http://snomed.info/sct"/><code value="900000000000013009"/></use><value value="Assistant des hôpitaux"/></designation><designation><language value="fr-FR"/><use><system value="http://snomed.info/sct"/><code value="900000000000013009"/></use><value value="Assistant des hôpitaux et Assistant associé"/></designation><property><code value="dateValid"/><valueDateTime value="2007-07-25T15:04:44+01:00"/></property><property><code value="dateMaj"/><valueDateTime value="2016-09-01T00:00:00+01:00"/></property><property><valueCode value="active"/></property></concept><concept><code value="SH11"/><display value="Praticien attaché et Praticien attaché associé (R6152-601 et suivants du CSP)"/><designation><language value="fr-FR"/><use><system value="http://snomed.info/sct"/><code value="900000000000013009"/></use><value value="Praticien attaché"/></designation><designation><language value="fr-FR"/><use><system value="http://snomed.info/sct"/><code value="900000000000013009"/></use><value value="Praticien attaché et Praticien attaché associé"/></designation><property><code value="dateValid"/><valueDateTime value="2007-07-25T15:04:44+01:00"/></property><property><code value="dateMaj"/><valueDateTime value="2016-09-01T00:00:00+01:00"/></property><property><valueCode value="active"/></property></concept><concept><code value="SH12"/><display value="Praticien contractuel (R 6152-401 et suivants du CSP)"/><designation><language value="fr-FR"/><use><system value="http://snomed.info/sct"/><code value="900000000000013009"/></use><value value="Praticien contractuel"/></designation><property><code value="dateValid"/><valueDateTime value="2007-07-25T15:04:44+01:00"/></property><property><code value="dateMaj"/><valueDateTime value="2016-09-01T00:00:00+01:00"/></property><property><valueCode value="active"/></property></concept><concept><code value="SH13"/><display value="Praticien adjoint contractuel (décret n° 95-569)"/><designation><language value="fr-FR"/><use><system value="http://snomed.info/sct"/><code value="900000000000013009"/></use><value value="PAC"/></designation><designation><language value="fr-FR"/><use><system value="http://snomed.info/sct"/><code value="900000000000013009"/></use><value value="Praticien adjoint contractuel"/></designation><property><code value="dateValid"/><valueDateTime value="2007-07-25T15:04:44+01:00"/></property><property><code value="dateMaj"/><valueDateTime value="2016-09-01T00:00:00+01:00"/></property><property><valueCode value="active"/></property></concept><concept><code value="SH14"/><display value="Interne (R6153-1 et suivants du CSP)"/><designation><language value="fr-FR"/><use><system value="http://snomed.info/sct"/><code value="900000000000013009"/></use><value value="Interne"/></designation><property><code value="dateValid"/><valueDateTime value="2007-07-25T15:04:44+01:00"/></property><property><code value="dateMaj"/><valueDateTime value="2016-09-01T00:00:00+01:00"/></property><property><valueCode value="active"/></property></concept><concept><code value="SH15"/><display value="Praticien Hospitalier-Universitaire (PHU) (décret n° 84-135)"/><designation><language value="fr-FR"/><use><system value="http://snomed.info/sct"/><code value="900000000000013009"/></use><value value="PHU"/></designation><designation><language value="fr-FR"/><use><system value="http://snomed.info/sct"/><code value="900000000000013009"/></use><value value="Praticien Hospitalier-Universitaire (PHU)"/></designation><property><code value="dateValid"/><valueDateTime value="2007-07-25T15:04:44+01:00"/></property><property><code value="dateMaj"/><valueDateTime value="2016-09-01T00:00:00+01:00"/></property><property><valueCode value="active"/></property></concept><concept><code value="SH16"/><display value="Praticien hospitalier associé (R6152-1 et suivants du CSP)"/><designation><language value="fr-FR"/><use><system value="http://snomed.info/sct"/><code value="900000000000013009"/></use><value value="PH associé"/></designation><designation><language value="fr-FR"/><use><system value="http://snomed.info/sct"/><code value="900000000000013009"/></use><value value="Praticien hospitalier associé"/></designation><property><code value="dateValid"/><valueDateTime value="2007-07-25T15:04:44+01:00"/></property><property><code value="dateMaj"/><valueDateTime value="2016-09-01T00:00:00+01:00"/></property><property><valueCode value="active"/></property></concept><concept><code value="SH17"/><display value="Praticien hospitalier provisoire (abrogé depuis le 06/10/2006)"/><designation><language value="fr-FR"/><use><system value="http://snomed.info/sct"/><code value="900000000000013009"/></use><value value="PH provisoire"/></designation><designation><language value="fr-FR"/><use><system value="http://snomed.info/sct"/><code value="900000000000013009"/></use><value value="Praticien hospitalier provisoire"/></designation><property><code value="dateValid"/><valueDateTime value="2007-07-25T00:00:00+01:00"/></property><property><code value="dateMaj"/><valueDateTime value="2016-09-01T00:00:00+01:00"/></property><property><valueCode value="active"/></property></concept><concept><code value="SH18"/><display value="Clinicien hospitalier (R6152-701 et suivants du CSP)"/><designation><language value="fr-FR"/><use><system value="http://snomed.info/sct"/><code value="900000000000013009"/></use><value value="Clinicien hospitalier"/></designation><property><code value="dateValid"/><valueDateTime value="2007-07-25T00:00:00+01:00"/></property><property><code value="dateMaj"/><valueDateTime value="2016-09-01T00:00:00+01:00"/></property><property><valueCode value="active"/></property></concept><concept><code value="SH99"/><display value="Salarié hospitalier"/><property><code value="dateValid"/><valueDateTime value="2007-07-25T15:04:44+01:00"/></property><property><code value="dateMaj"/><valueDateTime value="2016-09-01T00:00:00+01:00"/></property><property><valueCode value="active"/></property></concept></CodeSystem>