<?xml version="1.0" encoding="UTF-8"?><ConceptMap xmlns="http://hl7.org/fhir"><id value="ASS-A12-CorresMediaTypeCDANonStructure-XdsFormatCode-CISIS"/><text><status value="generated"/><div xmlns="http://www.w3.org/1999/xhtml"><p class="res-header-id"><b>Generated Narrative: ConceptMap ASS-A12-CorresMediaTypeCDANonStructure-XdsFormatCode-CISIS</b></p><a name="ASS-A12-CorresMediaTypeCDANonStructure-XdsFormatCode-CISIS"> </a><a name="hcASS-A12-CorresMediaTypeCDANonStructure-XdsFormatCode-CISIS"> </a><a name="ASS-A12-CorresMediaTypeCDANonStructure-XdsFormatCode-CISIS-fr-FR"> </a><p>Mapping from <a href="ValueSet-TRE-R222-MediaTypeCorpsCDANonStructure-all.html">JDV-MediaTypeCorpsCDANonStructure</a> to <a href="ValueSet-JDV-J10-XdsFormatCode-CISIS.html">JDV_J10_XdsFormatCode_CISIS</a></p><br/><p><b>Group 1 </b>Mapping from <a href="CodeSystem-TRE-R222-MediaTypeCorpsCDANonStructure.html">TRE_R222_MediaTypeCorpsCDANonStructure</a> to <a href="CodeSystem-TRE-A11-IheFormatCode.html">TRE_A11_IheFormatCode</a></p><table class="grid"><tr><td><b>Source Code</b></td><td><b>relation</b></td><td><b>Target Code</b></td></tr><tr><td>application/pdf (Document CDA à corps non structuré en Pdf/A-1)</td><td><a href="http://hl7.org/fhir/R5/codesystem-concept-map-relationship.html#equivalent" title="equivalent">is equivalent to</a></td><td>urn:ihe:iti:xds-sd:pdf:2008 (Document à corps non structuré en Pdf/A-1)</td></tr><tr><td>text/plain (Document CDA à corps non structuré en texte brut)</td><td><a href="http://hl7.org/fhir/R5/codesystem-concept-map-relationship.html#equivalent" title="equivalent">is equivalent to</a></td><td>urn:ihe:iti:xds-sd:text:2008 (Document à corps non structuré en texte brut)</td></tr><tr><td>text/rtf (Document CDA à corps non structuré en format rtf)</td><td><a href="http://hl7.org/fhir/R5/codesystem-concept-map-relationship.html#equivalent" title="equivalent">is equivalent to</a></td><td>urn:ihe:iti-fr:xds-sd:rtf:2010 (Document à corps non structuré en format rtf)</td></tr><tr><td>image/jpeg (Document CDA à corps non structuré en format jpeg)</td><td><a href="http://hl7.org/fhir/R5/codesystem-concept-map-relationship.html#equivalent" title="equivalent">is equivalent to</a></td><td>urn:ihe:iti-fr:xds-sd:jpeg:2010 (Document à corps non structuré en format jpeg)</td></tr><tr><td>image/tiff (Document CDA à corps non structuré en format tiff)</td><td><a href="http://hl7.org/fhir/R5/codesystem-concept-map-relationship.html#equivalent" title="equivalent">is equivalent to</a></td><td>urn:ihe:iti-fr:xds-sd:tiff:2010 (Document à corps non structuré en format tiff)</td></tr></table></div></text><url value="https://mos.esante.gouv.fr/NOS/ASS_A12_CorresMediaTypeCDANonStructure-XdsFormatCode-CISIS"/><version value="5.0.0"/><name value="ASS_A12_CorresMediaTypeCDANonStructure_XdsFormatCode_CISIS"/><title value="ASS_A12_CorresMediaTypeCDANonStructure-XdsFormatCode-CISIS"/><status value="active"/><experimental value="false"/><date value="2025-07-30T07:55:12+00:00"/><publisher value="ANS"/><contact><name value="ANS"/><telecom><system value="url"/><value value="https://esante.gouv.fr"/></telecom></contact><description value="Association  qui permet de deduire l'attribut XDS 'formatCode' à partir  de l'attribut 'component/nonXMLBody/text@mediaType' du CDA N1"/><useContext><code><system value="http://terminology.hl7.org/CodeSystem/usage-context-type"/><code value="task"/></code><valueCodeableConcept><text value="Pour la constitution des metadata XDS"/></valueCodeableConcept></useContext><jurisdiction><coding><system value="urn:iso:std:iso:3166"/><code value="FR"/></coding></jurisdiction><sourceUri value="https://mos.esante.gouv.fr/NOS/JDV-MediaTypeCorpsCDANonStructure?vs"/><targetUri value="https://mos.esante.gouv.fr/NOS/JDV_J10-XdsFormatCode-CISIS/FHIR/JDV-J10-XdsFormatCode-CISIS"/><group><source value="https://mos.esante.gouv.fr/NOS/TRE_R222-MediaTypeCorpsCDANonStructure/FHIR/TRE-R222-MediaTypeCorpsCDANonStructure"/><target value="https://mos.esante.gouv.fr/NOS/TRE_A11-IheFormatCode/FHIR/TRE-A11-IheFormatCode"/><element><code value="application/pdf"/><target><code value="urn:ihe:iti:xds-sd:pdf:2008"/><equivalence value="equivalent"/></target></element><element><code value="text/plain"/><target><code value="urn:ihe:iti:xds-sd:text:2008"/><equivalence value="equivalent"/></target></element><element><code value="text/rtf"/><target><code value="urn:ihe:iti-fr:xds-sd:rtf:2010"/><equivalence value="equivalent"/></target></element><element><code value="image/jpeg"/><target><code value="urn:ihe:iti-fr:xds-sd:jpeg:2010"/><equivalence value="equivalent"/></target></element><element><code value="image/tiff"/><target><code value="urn:ihe:iti-fr:xds-sd:tiff:2010"/><equivalence value="equivalent"/></target></element></group></ConceptMap>