<?xml version="1.0" encoding="UTF-8"?><ValueSet xmlns="http://hl7.org/fhir"><id value="jdv-importance-clinique-cisis"/><meta><versionId value="4"/><lastUpdated value="2025-06-25T09:14:21.615+00:00"/><profile value="http://hl7.org/fhir/StructureDefinition/shareablevalueset"/></meta><language value="fr-FR"/><text><status value="generated"/><div xmlns="http://www.w3.org/1999/xhtml" xml:lang="fr-FR" lang="fr-FR"><p class="res-header-id"><b>Generated Narrative: ValueSet jdv-importance-clinique-cisis</b></p><a name="jdv-importance-clinique-cisis"> </a><a name="hcjdv-importance-clinique-cisis"> </a><a name="jdv-importance-clinique-cisis-fr-FR"> </a><div style="display: inline-block; background-color: #d9e0e7; padding: 6px; margin: 4px; border: 1px solid #8da1b4; border-radius: 5px; line-height: 60%"><p style="margin-bottom: 0px">version: 4; Last updated: 2025-06-25 09:14:21+0000; Language: fr-FR</p><p style="margin-bottom: 0px">Profil: <a href="http://hl7.org/fhir/R4/shareablevalueset.html">Shareable ValueSet</a></p></div><ul><li>Include ces codes sont définis dans <a href="http://www.snomed.org/"><code>http://snomed.info/sct</code></a><table class="none"><tr><td style="white-space:nowrap"><b>Code</b></td><td><b>Display</b></td></tr><tr><td><a href="http://snomed.info/id/371926006">371926006</a></td><td>extrêmement important</td></tr><tr><td><a href="http://snomed.info/id/386134007">386134007</a></td><td>important</td></tr><tr><td><a href="http://snomed.info/id/371927002">371927002</a></td><td>modérément important</td></tr><tr><td><a href="http://snomed.info/id/371928007">371928007</a></td><td>non important</td></tr></table></li></ul></div></text><extension url="http://hl7.org/fhir/StructureDefinition/resource-effectivePeriod"><valuePeriod><start value="2019-04-01T00:00:00+01:00"/></valuePeriod></extension><url value="https://smt.esante.gouv.fr/fhir/ValueSet/jdv-importance-clinique-cisis"/><identifier><system value="urn:ietf:rfc:3986"/><value value="urn:oid:1.2.250.1.213.1.1.5.153"/></identifier><version value="20250624152101"/><name value="JdvImportancCliniqueCisis"/><title value="JDV Importance Clinique CISIS"/><status value="active"/><experimental value="false"/><date value="2025-06-24T15:21:01+01:00"/><publisher value="Agence du Numérique en Santé(ANS) -2 - 10 Rue d'Oradour-sur-Glane, 75015 Paris"/><description value="JDV Importance Clinique CISIS"/><jurisdiction><coding><system value="urn:iso:std:iso:3166"/><code value="FR"/></coding></jurisdiction><compose><include><system value="http://snomed.info/sct"/><concept><code value="371926006"/><display value="extrêmement important"/></concept><concept><code value="386134007"/><display value="important"/></concept><concept><code value="371927002"/><display value="modérément important"/></concept><concept><code value="371928007"/><display value="non important"/></concept></include></compose></ValueSet>