<?xml version="1.0" encoding="UTF-8"?><CodeSystem xmlns="http://hl7.org/fhir"><id value="TRE-R45-FonctionQualifiee"/><meta><versionId value="4"/><lastUpdated value="2024-08-28T05:13:52.836+00:00"/><profile value="http://hl7.org/fhir/StructureDefinition/shareablecodesystem"/></meta><text><status value="generated"/><div xmlns="http://www.w3.org/1999/xhtml"><p class="res-header-id"><b>Generated Narrative: CodeSystem TRE-R45-FonctionQualifiee</b></p><a name="TRE-R45-FonctionQualifiee"> </a><a name="hcTRE-R45-FonctionQualifiee"> </a><a name="TRE-R45-FonctionQualifiee-fr-FR"> </a><div style="display: inline-block; background-color: #d9e0e7; padding: 6px; margin: 4px; border: 1px solid #8da1b4; border-radius: 5px; line-height: 60%"><p style="margin-bottom: 0px">version: 4; Last updated: 2024-08-28 05:13:52+0000</p><p style="margin-bottom: 0px">Profil: <a href="http://hl7.org/fhir/R4/shareablecodesystem.html">Shareable CodeSystem</a></p></div><p><b>Propriétés</b></p><p><b>Cette terminologie de référence (CodeSystem) définit les propriétés suivantes pour ses concepts</b></p><table class="grid"><tr><td><b>Nom</b></td><td><b>Code</b></td><td><b>Type</b></td><td><b>Description</b></td></tr><tr><td>dateValid</td><td>dateValid</td><td>dateTime</td><td>date de validité d'un code concept</td></tr><tr><td>dateMaj</td><td>dateMaj</td><td>dateTime</td><td>Date de mise à jour d'un code concept</td></tr><tr><td>dateFin</td><td>dateFin</td><td>dateTime</td><td>Date de fin d'exploitation d'un code concept</td></tr></table><p><b>Concepts</b></p><p>This case-insensitive code system <code>https://mos.esante.gouv.fr/NOS/TRE_R45-FonctionQualifiee/FHIR/TRE-R45-FonctionQualifiee</code> defines the following codes:</p><table class="codes"><tr><td style="white-space:nowrap"><b>Code</b></td><td><b>Display</b></td><td><b>dateValid</b></td><td><b>dateMaj</b></td><td><b>French (France) (fr)</b></td></tr><tr><td style="white-space:nowrap">FQ01<a name="TRE-R45-FonctionQualifiee-FQ01"> </a></td><td>Expérience pratique art R.5124-16 du CSP Fabricant (FQ)</td><td>2007-07-26T00:00:00+01:00</td><td>2016-09-01T00:00:00+01:00</td><td>Expér prat R.5124-16 Fabricant</td></tr><tr><td style="white-space:nowrap">FQ02<a name="TRE-R45-FonctionQualifiee-FQ02"> </a></td><td>Expérience pratique art R.5124-16 du CSP Exploitant (FQ)</td><td>2007-07-26T00:00:00+01:00</td><td>2016-09-01T00:00:00+01:00</td><td>Expér prat R.5124-16 Exploit</td></tr><tr><td style="white-space:nowrap">FQ03<a name="TRE-R45-FonctionQualifiee-FQ03"> </a></td><td>Expérience pratique art R.5124-16 du CSP Thérapie cellulaire (FQ)</td><td>2007-07-26T00:00:00+01:00</td><td>2016-09-01T00:00:00+01:00</td><td>Expér prat R.5124-16 Thér cel</td></tr><tr><td style="white-space:nowrap">FQ04<a name="TRE-R45-FonctionQualifiee-FQ04"> </a></td><td>Expérience pratique art R.5124-18 du CSP Pharmacie (FQ)</td><td>2007-07-26T00:00:00+01:00</td><td>2016-09-01T00:00:00+01:00</td><td>Expér prat R.5124-18 Pharmacie</td></tr><tr><td style="white-space:nowrap">FQ05<a name="TRE-R45-FonctionQualifiee-FQ05"> </a></td><td>Expérience pratique art R.5141-129 du CSP Autovaccins (FQ)</td><td>2007-07-26T00:00:00+01:00</td><td>2016-09-01T00:00:00+01:00</td><td>Expér prat R.5141-129 Autovac</td></tr></table></div></text><extension url="http://hl7.org/fhir/StructureDefinition/resource-effectivePeriod"><valuePeriod><start value="2013-06-28T00:00:00+01:00"/></valuePeriod></extension><url value="https://mos.esante.gouv.fr/NOS/TRE_R45-FonctionQualifiee/FHIR/TRE-R45-FonctionQualifiee"/><identifier><system value="urn:ietf:rfc:3986"/><value value="urn:oid:1.2.250.1.213.2.35"/></identifier><version value="20231215120000"/><name value="TRE_R45_FonctionQualifiee"/><status value="active"/><experimental value="false"/><date value="2023-12-15T12:00:00+01:00"/><publisher value="Agence du Numérique en Santé (ANS) - 2-10 Rue d'Oradour-sur-Glane, 75015 Paris"/><description value="Fonction qualifiée"/><caseSensitive value="false"/><content value="complete"/><property><code value="dateValid"/><description value="date de validité d'un code concept"/><type value="dateTime"/></property><property><code value="dateMaj"/><description value="Date de mise à jour d'un code concept"/><type value="dateTime"/></property><property><code value="dateFin"/><description value="Date de fin d'exploitation d'un code concept"/><type value="dateTime"/></property><concept><code value="FQ01"/><display value="Expérience pratique art R.5124-16 du CSP Fabricant (FQ)"/><designation><language value="fr-FR"/><use><system value="http://snomed.info/sct"/><code value="900000000000013009"/></use><value value="Expér prat R.5124-16 Fabricant"/></designation><property><code value="dateValid"/><valueDateTime value="2007-07-26T00:00:00+01:00"/></property><property><code value="dateMaj"/><valueDateTime value="2016-09-01T00:00:00+01:00"/></property></concept><concept><code value="FQ02"/><display value="Expérience pratique art R.5124-16 du CSP Exploitant (FQ)"/><designation><language value="fr-FR"/><use><system value="http://snomed.info/sct"/><code value="900000000000013009"/></use><value value="Expér prat R.5124-16 Exploit"/></designation><property><code value="dateValid"/><valueDateTime value="2007-07-26T00:00:00+01:00"/></property><property><code value="dateMaj"/><valueDateTime value="2016-09-01T00:00:00+01:00"/></property></concept><concept><code value="FQ03"/><display value="Expérience pratique art R.5124-16 du CSP Thérapie cellulaire (FQ)"/><designation><language value="fr-FR"/><use><system value="http://snomed.info/sct"/><code value="900000000000013009"/></use><value value="Expér prat R.5124-16 Thér cel"/></designation><property><code value="dateValid"/><valueDateTime value="2007-07-26T00:00:00+01:00"/></property><property><code value="dateMaj"/><valueDateTime value="2016-09-01T00:00:00+01:00"/></property></concept><concept><code value="FQ04"/><display value="Expérience pratique art R.5124-18 du CSP Pharmacie (FQ)"/><designation><language value="fr-FR"/><use><system value="http://snomed.info/sct"/><code value="900000000000013009"/></use><value value="Expér prat R.5124-18 Pharmacie"/></designation><property><code value="dateValid"/><valueDateTime value="2007-07-26T00:00:00+01:00"/></property><property><code value="dateMaj"/><valueDateTime value="2016-09-01T00:00:00+01:00"/></property></concept><concept><code value="FQ05"/><display value="Expérience pratique art R.5141-129 du CSP Autovaccins (FQ)"/><designation><language value="fr-FR"/><use><system value="http://snomed.info/sct"/><code value="900000000000013009"/></use><value value="Expér prat R.5141-129 Autovac"/></designation><property><code value="dateValid"/><valueDateTime value="2007-07-26T00:00:00+01:00"/></property><property><code value="dateMaj"/><valueDateTime value="2016-09-01T00:00:00+01:00"/></property></concept></CodeSystem>