<?xml version="1.0" encoding="UTF-8"?><ValueSet xmlns="http://hl7.org/fhir"><id value="JDV-J249-TerritoireSante-ROR"/><meta><versionId value="4"/><lastUpdated value="2025-07-02T17:06:09.845+00:00"/><profile value="http://hl7.org/fhir/StructureDefinition/shareablevalueset|4.0.1"/></meta><language value="fr-FR"/><text><status value="generated"/><div xml:lang="fr-FR" xmlns="http://www.w3.org/1999/xhtml" lang="fr-FR"><p class="res-header-id"><b>Narratif généré : EnsembleValeurs JDV-J249-TerritoireSante-ROR</b></p><a name="JDV-J249-TerritoireSante-ROR"> </a><a name="hcJDV-J249-TerritoireSante-ROR"> </a><div style="display: inline-block; background-color: #d9e0e7; padding: 6px; margin: 4px; border: 1px solid #8da1b4; border-radius: 5px; line-height: 60%"><p style="margin-bottom: 0px">version: 3; Dernière mise à jour : 2024-04-27 05:07:36+0000; Langue : fr-FR</p><p style="margin-bottom: 0px">Profil: <a href="http://hl7.org/fhir/R4/shareablevalueset.html">Shareable ValueSet</a></p></div><ul><li>Include les codes sont définis dans <a href="CodeSystem-TRE-R88-TerritoireSante.html"><code>https://mos.esante.gouv.fr/NOS/TRE_R88-TerritoireSante/FHIR/TRE-R88-TerritoireSante</code></a><table class="none"><tr><td style="white-space:nowrap"><b>Code</b></td><td><b>Display</b></td></tr><tr><td><a href="CodeSystem-TRE-R88-TerritoireSante.html#TRE-R88-TerritoireSante-001">001</a></td><td>Sud Yonne Haut-Nivernais</td></tr><tr><td><a href="CodeSystem-TRE-R88-TerritoireSante.html#TRE-R88-TerritoireSante-002">002</a></td><td>Bourgogne méridionale</td></tr><tr><td><a href="CodeSystem-TRE-R88-TerritoireSante.html#TRE-R88-TerritoireSante-011">011</a></td><td>Centre</td></tr><tr><td><a href="CodeSystem-TRE-R88-TerritoireSante.html#TRE-R88-TerritoireSante-012">012</a></td><td>Sud Basse-Terre</td></tr><tr><td><a href="CodeSystem-TRE-R88-TerritoireSante.html#TRE-R88-TerritoireSante-013">013</a></td><td>Iles du nord</td></tr><tr><td><a href="CodeSystem-TRE-R88-TerritoireSante.html#TRE-R88-TerritoireSante-021">021</a></td><td>Nord Caraïbe</td></tr><tr><td><a href="CodeSystem-TRE-R88-TerritoireSante.html#TRE-R88-TerritoireSante-022">022</a></td><td>Nord Atlantique</td></tr><tr><td><a href="CodeSystem-TRE-R88-TerritoireSante.html#TRE-R88-TerritoireSante-023">023</a></td><td>Centre</td></tr><tr><td><a href="CodeSystem-TRE-R88-TerritoireSante.html#TRE-R88-TerritoireSante-024">024</a></td><td>Sud</td></tr><tr><td><a href="CodeSystem-TRE-R88-TerritoireSante.html#TRE-R88-TerritoireSante-031">031</a></td><td>Guyane</td></tr><tr><td><a href="CodeSystem-TRE-R88-TerritoireSante.html#TRE-R88-TerritoireSante-041">041</a></td><td>Territoire Ouest</td></tr><tr><td><a href="CodeSystem-TRE-R88-TerritoireSante.html#TRE-R88-TerritoireSante-042">042</a></td><td>Territoire Nord-Est</td></tr><tr><td><a href="CodeSystem-TRE-R88-TerritoireSante.html#TRE-R88-TerritoireSante-043">043</a></td><td>Territoire Sud</td></tr><tr><td><a href="CodeSystem-TRE-R88-TerritoireSante.html#TRE-R88-TerritoireSante-061">061</a></td><td>Mayotte</td></tr><tr><td><a href="CodeSystem-TRE-R88-TerritoireSante.html#TRE-R88-TerritoireSante-111">111</a></td><td>Essonne</td></tr><tr><td><a href="CodeSystem-TRE-R88-TerritoireSante.html#TRE-R88-TerritoireSante-112">112</a></td><td>Hauts-de-Seine</td></tr><tr><td><a href="CodeSystem-TRE-R88-TerritoireSante.html#TRE-R88-TerritoireSante-113">113</a></td><td>Paris</td></tr><tr><td><a href="CodeSystem-TRE-R88-TerritoireSante.html#TRE-R88-TerritoireSante-114">114</a></td><td>Seine-et-Marne</td></tr><tr><td><a href="CodeSystem-TRE-R88-TerritoireSante.html#TRE-R88-TerritoireSante-115">115</a></td><td>Seine-Saint-Denis</td></tr><tr><td><a href="CodeSystem-TRE-R88-TerritoireSante.html#TRE-R88-TerritoireSante-116">116</a></td><td>Val-de-Marne</td></tr><tr><td><a href="CodeSystem-TRE-R88-TerritoireSante.html#TRE-R88-TerritoireSante-117">117</a></td><td>Val-d'Oise</td></tr><tr><td><a href="CodeSystem-TRE-R88-TerritoireSante.html#TRE-R88-TerritoireSante-118">118</a></td><td>Yvelines</td></tr><tr><td><a href="CodeSystem-TRE-R88-TerritoireSante.html#TRE-R88-TerritoireSante-211">211</a></td><td>Nord (51-08)</td></tr><tr><td><a href="CodeSystem-TRE-R88-TerritoireSante.html#TRE-R88-TerritoireSante-212">212</a></td><td>Sud (52-10)</td></tr><tr><td><a href="CodeSystem-TRE-R88-TerritoireSante.html#TRE-R88-TerritoireSante-221">221</a></td><td>Oise Est</td></tr><tr><td><a href="CodeSystem-TRE-R88-TerritoireSante.html#TRE-R88-TerritoireSante-222">222</a></td><td>Oise Ouest</td></tr><tr><td><a href="CodeSystem-TRE-R88-TerritoireSante.html#TRE-R88-TerritoireSante-223">223</a></td><td>Aisne Nord Haute Somme</td></tr><tr><td><a href="CodeSystem-TRE-R88-TerritoireSante.html#TRE-R88-TerritoireSante-224">224</a></td><td>Somme</td></tr><tr><td><a href="CodeSystem-TRE-R88-TerritoireSante.html#TRE-R88-TerritoireSante-225">225</a></td><td>Aisne Sud</td></tr><tr><td><a href="CodeSystem-TRE-R88-TerritoireSante.html#TRE-R88-TerritoireSante-231">231</a></td><td>Rouen-Elbeuf</td></tr><tr><td><a href="CodeSystem-TRE-R88-TerritoireSante.html#TRE-R88-TerritoireSante-232">232</a></td><td>Dieppe</td></tr><tr><td><a href="CodeSystem-TRE-R88-TerritoireSante.html#TRE-R88-TerritoireSante-233">233</a></td><td>Le Havre</td></tr><tr><td><a href="CodeSystem-TRE-R88-TerritoireSante.html#TRE-R88-TerritoireSante-234">234</a></td><td>Evreux-Vernon</td></tr><tr><td><a href="CodeSystem-TRE-R88-TerritoireSante.html#TRE-R88-TerritoireSante-241">241</a></td><td>Territoire Cher (18)</td></tr><tr><td><a href="CodeSystem-TRE-R88-TerritoireSante.html#TRE-R88-TerritoireSante-242">242</a></td><td>Territoire Eure et Loir (28)</td></tr><tr><td><a href="CodeSystem-TRE-R88-TerritoireSante.html#TRE-R88-TerritoireSante-243">243</a></td><td>Territoire Indre (36)</td></tr><tr><td><a href="CodeSystem-TRE-R88-TerritoireSante.html#TRE-R88-TerritoireSante-244">244</a></td><td>Territoire Indre et Loire (37)</td></tr><tr><td><a href="CodeSystem-TRE-R88-TerritoireSante.html#TRE-R88-TerritoireSante-245">245</a></td><td>Territoire Loir et Cher (41)</td></tr><tr><td><a href="CodeSystem-TRE-R88-TerritoireSante.html#TRE-R88-TerritoireSante-246">246</a></td><td>Territoire Loiret (45)</td></tr><tr><td><a href="CodeSystem-TRE-R88-TerritoireSante.html#TRE-R88-TerritoireSante-251">251</a></td><td>Calvados</td></tr><tr><td><a href="CodeSystem-TRE-R88-TerritoireSante.html#TRE-R88-TerritoireSante-252">252</a></td><td>Manche</td></tr><tr><td><a href="CodeSystem-TRE-R88-TerritoireSante.html#TRE-R88-TerritoireSante-253">253</a></td><td>Orne</td></tr><tr><td><a href="CodeSystem-TRE-R88-TerritoireSante.html#TRE-R88-TerritoireSante-261">261</a></td><td>Côte d'Or</td></tr><tr><td><a href="CodeSystem-TRE-R88-TerritoireSante.html#TRE-R88-TerritoireSante-262">262</a></td><td>Nièvre</td></tr><tr><td><a href="CodeSystem-TRE-R88-TerritoireSante.html#TRE-R88-TerritoireSante-263">263</a></td><td>Saône et Loire Bresse-Morvan</td></tr><tr><td><a href="CodeSystem-TRE-R88-TerritoireSante.html#TRE-R88-TerritoireSante-264">264</a></td><td>Nord Yonne</td></tr><tr><td><a href="CodeSystem-TRE-R88-TerritoireSante.html#TRE-R88-TerritoireSante-311">311</a></td><td>Artois</td></tr><tr><td><a href="CodeSystem-TRE-R88-TerritoireSante.html#TRE-R88-TerritoireSante-312">312</a></td><td>Hainaut</td></tr><tr><td><a href="CodeSystem-TRE-R88-TerritoireSante.html#TRE-R88-TerritoireSante-313">313</a></td><td>Littoral</td></tr><tr><td><a href="CodeSystem-TRE-R88-TerritoireSante.html#TRE-R88-TerritoireSante-314">314</a></td><td>Métropole</td></tr><tr><td><a href="CodeSystem-TRE-R88-TerritoireSante.html#TRE-R88-TerritoireSante-321">321</a></td><td>Aisne</td></tr><tr><td><a href="CodeSystem-TRE-R88-TerritoireSante.html#TRE-R88-TerritoireSante-322">322</a></td><td>Métropole Flandre</td></tr><tr><td><a href="CodeSystem-TRE-R88-TerritoireSante.html#TRE-R88-TerritoireSante-323">323</a></td><td>Hainaut</td></tr><tr><td><a href="CodeSystem-TRE-R88-TerritoireSante.html#TRE-R88-TerritoireSante-324">324</a></td><td>Oise</td></tr><tr><td><a href="CodeSystem-TRE-R88-TerritoireSante.html#TRE-R88-TerritoireSante-325">325</a></td><td>Pas de Calais</td></tr><tr><td><a href="CodeSystem-TRE-R88-TerritoireSante.html#TRE-R88-TerritoireSante-326">326</a></td><td>Somme</td></tr><tr><td><a href="CodeSystem-TRE-R88-TerritoireSante.html#TRE-R88-TerritoireSante-411">411</a></td><td>Meuse</td></tr><tr><td><a href="CodeSystem-TRE-R88-TerritoireSante.html#TRE-R88-TerritoireSante-412">412</a></td><td>Meurthe-et-Moselle</td></tr><tr><td><a href="CodeSystem-TRE-R88-TerritoireSante.html#TRE-R88-TerritoireSante-413">413</a></td><td>Moselle</td></tr><tr><td><a href="CodeSystem-TRE-R88-TerritoireSante.html#TRE-R88-TerritoireSante-414">414</a></td><td>Vosges</td></tr><tr><td><a href="CodeSystem-TRE-R88-TerritoireSante.html#TRE-R88-TerritoireSante-421">421</a></td><td>Haguenau</td></tr><tr><td><a href="CodeSystem-TRE-R88-TerritoireSante.html#TRE-R88-TerritoireSante-422">422</a></td><td>Strasbourg</td></tr><tr><td><a href="CodeSystem-TRE-R88-TerritoireSante.html#TRE-R88-TerritoireSante-423">423</a></td><td>Colmar</td></tr><tr><td><a href="CodeSystem-TRE-R88-TerritoireSante.html#TRE-R88-TerritoireSante-424">424</a></td><td>Mulhouse</td></tr><tr><td><a href="CodeSystem-TRE-R88-TerritoireSante.html#TRE-R88-TerritoireSante-431">431</a></td><td>Centre Franche-Comté</td></tr><tr><td><a href="CodeSystem-TRE-R88-TerritoireSante.html#TRE-R88-TerritoireSante-432">432</a></td><td>Jura</td></tr><tr><td><a href="CodeSystem-TRE-R88-TerritoireSante.html#TRE-R88-TerritoireSante-433">433</a></td><td>Haute-Saône</td></tr><tr><td><a href="CodeSystem-TRE-R88-TerritoireSante.html#TRE-R88-TerritoireSante-434">434</a></td><td>Nord Franche-Comté</td></tr><tr><td><a href="CodeSystem-TRE-R88-TerritoireSante.html#TRE-R88-TerritoireSante-521">521</a></td><td>Territoire 1 Loire-Atlantique</td></tr><tr><td><a href="CodeSystem-TRE-R88-TerritoireSante.html#TRE-R88-TerritoireSante-522">522</a></td><td>Territoire 2 Maine et Loire</td></tr><tr><td><a href="CodeSystem-TRE-R88-TerritoireSante.html#TRE-R88-TerritoireSante-523">523</a></td><td>Territoire 3 Mayenne</td></tr><tr><td><a href="CodeSystem-TRE-R88-TerritoireSante.html#TRE-R88-TerritoireSante-524">524</a></td><td>Territoire 4 Sarthe</td></tr><tr><td><a href="CodeSystem-TRE-R88-TerritoireSante.html#TRE-R88-TerritoireSante-525">525</a></td><td>Territoire 5 Vendée</td></tr><tr><td><a href="CodeSystem-TRE-R88-TerritoireSante.html#TRE-R88-TerritoireSante-531">531</a></td><td>Brest/Carhaix/Morlaix</td></tr><tr><td><a href="CodeSystem-TRE-R88-TerritoireSante.html#TRE-R88-TerritoireSante-532">532</a></td><td>Quimper/Douarnenez/Pont l'Abbé</td></tr><tr><td><a href="CodeSystem-TRE-R88-TerritoireSante.html#TRE-R88-TerritoireSante-533">533</a></td><td>Lorient/Quimperlé</td></tr><tr><td><a href="CodeSystem-TRE-R88-TerritoireSante.html#TRE-R88-TerritoireSante-534">534</a></td><td>Vannes/Ploërmel/Malestroit</td></tr><tr><td><a href="CodeSystem-TRE-R88-TerritoireSante.html#TRE-R88-TerritoireSante-535">535</a></td><td>Rennes/Fougères/Vitré/Redon</td></tr><tr><td><a href="CodeSystem-TRE-R88-TerritoireSante.html#TRE-R88-TerritoireSante-536">536</a></td><td>Saint-Malo/Dinan</td></tr><tr><td><a href="CodeSystem-TRE-R88-TerritoireSante.html#TRE-R88-TerritoireSante-537">537</a></td><td>Saint-Brieuc/Guingamp/Lannion</td></tr><tr><td><a href="CodeSystem-TRE-R88-TerritoireSante.html#TRE-R88-TerritoireSante-538">538</a></td><td>Pontivy/Loudéac</td></tr><tr><td><a href="CodeSystem-TRE-R88-TerritoireSante.html#TRE-R88-TerritoireSante-541">541</a></td><td>Charente</td></tr><tr><td><a href="CodeSystem-TRE-R88-TerritoireSante.html#TRE-R88-TerritoireSante-543">543</a></td><td>Charente Maritime</td></tr><tr><td><a href="CodeSystem-TRE-R88-TerritoireSante.html#TRE-R88-TerritoireSante-544">544</a></td><td>Deux-Sèvres</td></tr><tr><td><a href="CodeSystem-TRE-R88-TerritoireSante.html#TRE-R88-TerritoireSante-545">545</a></td><td>Vienne</td></tr><tr><td><a href="CodeSystem-TRE-R88-TerritoireSante.html#TRE-R88-TerritoireSante-721">721</a></td><td>Dordogne</td></tr><tr><td><a href="CodeSystem-TRE-R88-TerritoireSante.html#TRE-R88-TerritoireSante-722">722</a></td><td>Gironde</td></tr><tr><td><a href="CodeSystem-TRE-R88-TerritoireSante.html#TRE-R88-TerritoireSante-723">723</a></td><td>Landes</td></tr><tr><td><a href="CodeSystem-TRE-R88-TerritoireSante.html#TRE-R88-TerritoireSante-724">724</a></td><td>Lot et Garonne</td></tr><tr><td><a href="CodeSystem-TRE-R88-TerritoireSante.html#TRE-R88-TerritoireSante-725">725</a></td><td>Navarre Côte Basque</td></tr><tr><td><a href="CodeSystem-TRE-R88-TerritoireSante.html#TRE-R88-TerritoireSante-726">726</a></td><td>Béarn et Soule</td></tr><tr><td><a href="CodeSystem-TRE-R88-TerritoireSante.html#TRE-R88-TerritoireSante-727">727</a></td><td>Pyrénées Atlantiques</td></tr><tr><td><a href="CodeSystem-TRE-R88-TerritoireSante.html#TRE-R88-TerritoireSante-731">731</a></td><td>Ariège</td></tr><tr><td><a href="CodeSystem-TRE-R88-TerritoireSante.html#TRE-R88-TerritoireSante-732">732</a></td><td>Aveyron</td></tr><tr><td><a href="CodeSystem-TRE-R88-TerritoireSante.html#TRE-R88-TerritoireSante-733">733</a></td><td>Hte Garonne</td></tr><tr><td><a href="CodeSystem-TRE-R88-TerritoireSante.html#TRE-R88-TerritoireSante-734">734</a></td><td>Gers</td></tr><tr><td><a href="CodeSystem-TRE-R88-TerritoireSante.html#TRE-R88-TerritoireSante-735">735</a></td><td>Lot</td></tr><tr><td><a href="CodeSystem-TRE-R88-TerritoireSante.html#TRE-R88-TerritoireSante-736">736</a></td><td>Htes-Pyrénées</td></tr><tr><td><a href="CodeSystem-TRE-R88-TerritoireSante.html#TRE-R88-TerritoireSante-737">737</a></td><td>Tarn</td></tr><tr><td><a href="CodeSystem-TRE-R88-TerritoireSante.html#TRE-R88-TerritoireSante-738">738</a></td><td>Tarn et Garonne</td></tr><tr><td><a href="CodeSystem-TRE-R88-TerritoireSante.html#TRE-R88-TerritoireSante-741">741</a></td><td>Corrèze</td></tr><tr><td><a href="CodeSystem-TRE-R88-TerritoireSante.html#TRE-R88-TerritoireSante-742">742</a></td><td>Creuse</td></tr><tr><td><a href="CodeSystem-TRE-R88-TerritoireSante.html#TRE-R88-TerritoireSante-743">743</a></td><td>Haute Vienne</td></tr><tr><td><a href="CodeSystem-TRE-R88-TerritoireSante.html#TRE-R88-TerritoireSante-821">821</a></td><td>TS01 - Centre</td></tr><tr><td><a href="CodeSystem-TRE-R88-TerritoireSante.html#TRE-R88-TerritoireSante-822">822</a></td><td>TS02 - Est</td></tr><tr><td><a href="CodeSystem-TRE-R88-TerritoireSante.html#TRE-R88-TerritoireSante-823">823</a></td><td>TS03 - Nord</td></tr><tr><td><a href="CodeSystem-TRE-R88-TerritoireSante.html#TRE-R88-TerritoireSante-824">824</a></td><td>TS04 - Ouest</td></tr><tr><td><a href="CodeSystem-TRE-R88-TerritoireSante.html#TRE-R88-TerritoireSante-825">825</a></td><td>TS05 - Sud</td></tr><tr><td><a href="CodeSystem-TRE-R88-TerritoireSante.html#TRE-R88-TerritoireSante-832">832</a></td><td>Cantal</td></tr><tr><td><a href="CodeSystem-TRE-R88-TerritoireSante.html#TRE-R88-TerritoireSante-833">833</a></td><td>Haute-Loire</td></tr><tr><td><a href="CodeSystem-TRE-R88-TerritoireSante.html#TRE-R88-TerritoireSante-834">834</a></td><td>Puy de Dôme</td></tr><tr><td><a href="CodeSystem-TRE-R88-TerritoireSante.html#TRE-R88-TerritoireSante-835">835</a></td><td>Ain</td></tr><tr><td><a href="CodeSystem-TRE-R88-TerritoireSante.html#TRE-R88-TerritoireSante-836">836</a></td><td>Allier-Puy-de-Dôme</td></tr><tr><td><a href="CodeSystem-TRE-R88-TerritoireSante.html#TRE-R88-TerritoireSante-837">837</a></td><td>Drôme-Ardèche</td></tr><tr><td><a href="CodeSystem-TRE-R88-TerritoireSante.html#TRE-R88-TerritoireSante-838">838</a></td><td>Haute-Savoie</td></tr><tr><td><a href="CodeSystem-TRE-R88-TerritoireSante.html#TRE-R88-TerritoireSante-839">839</a></td><td>Isère</td></tr><tr><td><a href="CodeSystem-TRE-R88-TerritoireSante.html#TRE-R88-TerritoireSante-840">840</a></td><td>Loire</td></tr><tr><td><a href="CodeSystem-TRE-R88-TerritoireSante.html#TRE-R88-TerritoireSante-841">841</a></td><td>Rhône</td></tr><tr><td><a href="CodeSystem-TRE-R88-TerritoireSante.html#TRE-R88-TerritoireSante-842">842</a></td><td>Savoie</td></tr><tr><td><a href="CodeSystem-TRE-R88-TerritoireSante.html#TRE-R88-TerritoireSante-911">911</a></td><td>Aude</td></tr><tr><td><a href="CodeSystem-TRE-R88-TerritoireSante.html#TRE-R88-TerritoireSante-912">912</a></td><td>Gard</td></tr><tr><td><a href="CodeSystem-TRE-R88-TerritoireSante.html#TRE-R88-TerritoireSante-913">913</a></td><td>Hérault</td></tr><tr><td><a href="CodeSystem-TRE-R88-TerritoireSante.html#TRE-R88-TerritoireSante-914">914</a></td><td>Lozère</td></tr><tr><td><a href="CodeSystem-TRE-R88-TerritoireSante.html#TRE-R88-TerritoireSante-915">915</a></td><td>Pyrénées Orientales</td></tr><tr><td><a href="CodeSystem-TRE-R88-TerritoireSante.html#TRE-R88-TerritoireSante-931">931</a></td><td>Alpes de Haute Provence</td></tr><tr><td><a href="CodeSystem-TRE-R88-TerritoireSante.html#TRE-R88-TerritoireSante-932">932</a></td><td>Alpes Maritimes</td></tr><tr><td><a href="CodeSystem-TRE-R88-TerritoireSante.html#TRE-R88-TerritoireSante-933">933</a></td><td>Bouches du Rhône</td></tr><tr><td><a href="CodeSystem-TRE-R88-TerritoireSante.html#TRE-R88-TerritoireSante-934">934</a></td><td>Hautes Alpes</td></tr><tr><td><a href="CodeSystem-TRE-R88-TerritoireSante.html#TRE-R88-TerritoireSante-935">935</a></td><td>Var</td></tr><tr><td><a href="CodeSystem-TRE-R88-TerritoireSante.html#TRE-R88-TerritoireSante-936">936</a></td><td>Vaucluse</td></tr><tr><td><a href="CodeSystem-TRE-R88-TerritoireSante.html#TRE-R88-TerritoireSante-941">941</a></td><td>Corse Nord</td></tr><tr><td><a href="CodeSystem-TRE-R88-TerritoireSante.html#TRE-R88-TerritoireSante-942">942</a></td><td>Corse Sud</td></tr></table></li></ul></div></text><extension url="http://hl7.org/fhir/StructureDefinition/resource-effectivePeriod"><valuePeriod><start value="2023-03-31T12:00:00+01:00"/></valuePeriod></extension><url value="https://mos.esante.gouv.fr/NOS/JDV_J249-TerritoireSante-ROR/FHIR/JDV-J249-TerritoireSante-ROR"/><identifier><system value="urn:ietf:rfc:3986"/><value value="urn:oid:1.2.250.1.213.3.4.113"/></identifier><version value="20230331120000"/><name value="JDV_J249_TerritoireSante_ROR"/><status value="active"/><experimental value="false"/><date value="2023-03-31T12:00:00+01:00"/><publisher value="Agence du Numérique en Santé (ANS) - 2-10 Rue d'Oradour-sur-Glane, 75015 Paris"/><description value="Territoire de Santé (au sens ARS) en France - ROR"/><jurisdiction><coding><system value="urn:iso:std:iso:3166"/><code value="FRA"/></coding></jurisdiction><compose><include><system value="https://mos.esante.gouv.fr/NOS/TRE_R88-TerritoireSante/FHIR/TRE-R88-TerritoireSante"/><concept><code value="001"/><display value="Sud Yonne Haut-Nivernais"/></concept><concept><code value="002"/><display value="Bourgogne méridionale"/></concept><concept><code value="011"/><display value="Centre"/></concept><concept><code value="012"/><display value="Sud Basse-Terre"/></concept><concept><code value="013"/><display value="Iles du nord"/></concept><concept><code value="021"/><display value="Nord Caraïbe"/></concept><concept><code value="022"/><display value="Nord Atlantique"/></concept><concept><code value="023"/><display value="Centre"/></concept><concept><code value="024"/><display value="Sud"/></concept><concept><code value="031"/><display value="Guyane"/></concept><concept><code value="041"/><display value="Territoire Ouest"/></concept><concept><code value="042"/><display value="Territoire Nord-Est"/></concept><concept><code value="043"/><display value="Territoire Sud"/></concept><concept><code value="061"/><display value="Mayotte"/></concept><concept><code value="111"/><display value="Essonne"/></concept><concept><code value="112"/><display value="Hauts-de-Seine"/></concept><concept><code value="113"/><display value="Paris"/></concept><concept><code value="114"/><display value="Seine-et-Marne"/></concept><concept><code value="115"/><display value="Seine-Saint-Denis"/></concept><concept><code value="116"/><display value="Val-de-Marne"/></concept><concept><code value="117"/><display value="Val-d'Oise"/></concept><concept><code value="118"/><display value="Yvelines"/></concept><concept><code value="211"/><display value="Nord (51-08)"/></concept><concept><code value="212"/><display value="Sud (52-10)"/></concept><concept><code value="221"/><display value="Oise Est"/></concept><concept><code value="222"/><display value="Oise Ouest"/></concept><concept><code value="223"/><display value="Aisne Nord Haute Somme"/></concept><concept><code value="224"/><display value="Somme"/></concept><concept><code value="225"/><display value="Aisne Sud"/></concept><concept><code value="231"/><display value="Rouen-Elbeuf"/></concept><concept><code value="232"/><display value="Dieppe"/></concept><concept><code value="233"/><display value="Le Havre"/></concept><concept><code value="234"/><display value="Evreux-Vernon"/></concept><concept><code value="241"/><display value="Territoire Cher (18)"/></concept><concept><code value="242"/><display value="Territoire Eure et Loir (28)"/></concept><concept><code value="243"/><display value="Territoire Indre (36)"/></concept><concept><code value="244"/><display value="Territoire Indre et Loire (37)"/></concept><concept><code value="245"/><display value="Territoire Loir et Cher (41)"/></concept><concept><code value="246"/><display value="Territoire Loiret (45)"/></concept><concept><code value="251"/><display value="Calvados"/></concept><concept><code value="252"/><display value="Manche"/></concept><concept><code value="253"/><display value="Orne"/></concept><concept><code value="261"/><display value="Côte d'Or"/></concept><concept><code value="262"/><display value="Nièvre"/></concept><concept><code value="263"/><display value="Saône et Loire Bresse-Morvan"/></concept><concept><code value="264"/><display value="Nord Yonne"/></concept><concept><code value="311"/><display value="Artois"/></concept><concept><code value="312"/><display value="Hainaut"/></concept><concept><code value="313"/><display value="Littoral"/></concept><concept><code value="314"/><display value="Métropole"/></concept><concept><code value="321"/><display value="Aisne"/></concept><concept><code value="322"/><display value="Métropole Flandre"/></concept><concept><code value="323"/><display value="Hainaut"/></concept><concept><code value="324"/><display value="Oise"/></concept><concept><code value="325"/><display value="Pas de Calais"/></concept><concept><code value="326"/><display value="Somme"/></concept><concept><code value="411"/><display value="Meuse"/></concept><concept><code value="412"/><display value="Meurthe-et-Moselle"/></concept><concept><code value="413"/><display value="Moselle"/></concept><concept><code value="414"/><display value="Vosges"/></concept><concept><code value="421"/><display value="Haguenau"/></concept><concept><code value="422"/><display value="Strasbourg"/></concept><concept><code value="423"/><display value="Colmar"/></concept><concept><code value="424"/><display value="Mulhouse"/></concept><concept><code value="431"/><display value="Centre Franche-Comté"/></concept><concept><code value="432"/><display value="Jura"/></concept><concept><code value="433"/><display value="Haute-Saône"/></concept><concept><code value="434"/><display value="Nord Franche-Comté"/></concept><concept><code value="521"/><display value="Territoire 1 Loire-Atlantique"/></concept><concept><code value="522"/><display value="Territoire 2 Maine et Loire"/></concept><concept><code value="523"/><display value="Territoire 3 Mayenne"/></concept><concept><code value="524"/><display value="Territoire 4 Sarthe"/></concept><concept><code value="525"/><display value="Territoire 5 Vendée"/></concept><concept><code value="531"/><display value="Brest/Carhaix/Morlaix"/></concept><concept><code value="532"/><display value="Quimper/Douarnenez/Pont l'Abbé"/></concept><concept><code value="533"/><display value="Lorient/Quimperlé"/></concept><concept><code value="534"/><display value="Vannes/Ploërmel/Malestroit"/></concept><concept><code value="535"/><display value="Rennes/Fougères/Vitré/Redon"/></concept><concept><code value="536"/><display value="Saint-Malo/Dinan"/></concept><concept><code value="537"/><display value="Saint-Brieuc/Guingamp/Lannion"/></concept><concept><code value="538"/><display value="Pontivy/Loudéac"/></concept><concept><code value="541"/><display value="Charente"/></concept><concept><code value="543"/><display value="Charente Maritime"/></concept><concept><code value="544"/><display value="Deux-Sèvres"/></concept><concept><code value="545"/><display value="Vienne"/></concept><concept><code value="721"/><display value="Dordogne"/></concept><concept><code value="722"/><display value="Gironde"/></concept><concept><code value="723"/><display value="Landes"/></concept><concept><code value="724"/><display value="Lot et Garonne"/></concept><concept><code value="725"/><display value="Navarre Côte Basque"/></concept><concept><code value="726"/><display value="Béarn et Soule"/></concept><concept><code value="727"/><display value="Pyrénées Atlantiques"/></concept><concept><code value="731"/><display value="Ariège"/></concept><concept><code value="732"/><display value="Aveyron"/></concept><concept><code value="733"/><display value="Hte Garonne"/></concept><concept><code value="734"/><display value="Gers"/></concept><concept><code value="735"/><display value="Lot"/></concept><concept><code value="736"/><display value="Htes-Pyrénées"/></concept><concept><code value="737"/><display value="Tarn"/></concept><concept><code value="738"/><display value="Tarn et Garonne"/></concept><concept><code value="741"/><display value="Corrèze"/></concept><concept><code value="742"/><display value="Creuse"/></concept><concept><code value="743"/><display value="Haute Vienne"/></concept><concept><code value="821"/><display value="TS01 - Centre"/></concept><concept><code value="822"/><display value="TS02 - Est"/></concept><concept><code value="823"/><display value="TS03 - Nord"/></concept><concept><code value="824"/><display value="TS04 - Ouest"/></concept><concept><code value="825"/><display value="TS05 - Sud"/></concept><concept><code value="832"/><display value="Cantal"/></concept><concept><code value="833"/><display value="Haute-Loire"/></concept><concept><code value="834"/><display value="Puy de Dôme"/></concept><concept><code value="835"/><display value="Ain"/></concept><concept><code value="836"/><display value="Allier-Puy-de-Dôme"/></concept><concept><code value="837"/><display value="Drôme-Ardèche"/></concept><concept><code value="838"/><display value="Haute-Savoie"/></concept><concept><code value="839"/><display value="Isère"/></concept><concept><code value="840"/><display value="Loire"/></concept><concept><code value="841"/><display value="Rhône"/></concept><concept><code value="842"/><display value="Savoie"/></concept><concept><code value="911"/><display value="Aude"/></concept><concept><code value="912"/><display value="Gard"/></concept><concept><code value="913"/><display value="Hérault"/></concept><concept><code value="914"/><display value="Lozère"/></concept><concept><code value="915"/><display value="Pyrénées Orientales"/></concept><concept><code value="931"/><display value="Alpes de Haute Provence"/></concept><concept><code value="932"/><display value="Alpes Maritimes"/></concept><concept><code value="933"/><display value="Bouches du Rhône"/></concept><concept><code value="934"/><display value="Hautes Alpes"/></concept><concept><code value="935"/><display value="Var"/></concept><concept><code value="936"/><display value="Vaucluse"/></concept><concept><code value="941"/><display value="Corse Nord"/></concept><concept><code value="942"/><display value="Corse Sud"/></concept></include></compose></ValueSet>