<?xml version="1.0" encoding="UTF-8"?><ValueSet xmlns="http://hl7.org/fhir"><id value="jdv-hl7-allergyintolerance-clinical-cisis"/><meta><versionId value="6"/><lastUpdated value="2025-12-17T15:42:39.776+01:00"/><profile value="http://hl7.org/fhir/StructureDefinition/shareablevalueset|4.0.1"/></meta><language value="fr-FR"/><text><status value="extensions"/><div xmlns="http://www.w3.org/1999/xhtml" xml:lang="fr-FR" lang="fr-FR"><p class="res-header-id"><b>Generated Narrative: ValueSet jdv-hl7-allergyintolerance-clinical-cisis</b></p><a name="jdv-hl7-allergyintolerance-clinical-cisis"> </a><a name="hcjdv-hl7-allergyintolerance-clinical-cisis"> </a><a name="jdv-hl7-allergyintolerance-clinical-cisis-fr-FR"> </a><div style="display: inline-block; background-color: #d9e0e7; padding: 6px; margin: 4px; border: 1px solid #8da1b4; border-radius: 5px; line-height: 60%"><p style="margin-bottom: 0px">version: 6; Last updated: 2025-12-17 15:42:39+0100; Language: fr-FR</p><p style="margin-bottom: 0px">Profil: <a href="http://hl7.org/fhir/R4/shareablevalueset.html">Shareable ValueSetversion: null4.0.1)</a></p></div><ul><li>Include ces codes sont définis dans <a href="http://terminology.hl7.org/7.0.1/CodeSystem-allergyintolerance-clinical.html"><code>http://terminology.hl7.org/CodeSystem/allergyintolerance-clinical</code></a><table class="none"><tr><td style="white-space:nowrap"><b>Code</b></td><td><b>Display</b></td><td><b>Définition</b></td></tr><tr><td><a href="http://terminology.hl7.org/7.0.1/CodeSystem-allergyintolerance-clinical.html#allergyintolerance-clinical-active">active</a></td><td>Actif</td><td>The subject is currently experiencing, or is at risk of, a reaction to the identified substance.</td></tr><tr><td><a href="http://terminology.hl7.org/7.0.1/CodeSystem-allergyintolerance-clinical.html#allergyintolerance-clinical-inactive">inactive</a></td><td>Inactif</td><td>The subject is no longer at risk of a reaction to the identified substance.</td></tr><tr><td><a href="http://terminology.hl7.org/7.0.1/CodeSystem-allergyintolerance-clinical.html#allergyintolerance-clinical-resolved">resolved</a></td><td>Résolu</td><td>A reaction to the identified substance has been clinically reassessed by testing or re-exposure and is considered no longer to be present. Re-exposure could be accidental, unplanned, or outside of any clinical setting.</td></tr></table></li></ul></div></text><extension url="http://hl7.org/fhir/StructureDefinition/resource-effectivePeriod"><valuePeriod><start value="2022-01-01T00:00:00+01:00"/></valuePeriod></extension><url value="https://smt.esante.gouv.fr/fhir/ValueSet/jdv-hl7-allergyintolerance-clinical-cisis"/><identifier><system value="urn:ietf:rfc:3986"/><value value="urn:oid:2.16.840.1.113883.4.642.3.1372"/></identifier><version value="20251216141838"/><name value="AllergyIntoleranceClinicalStatusCodes"/><title value="AllergyIntolerance Clinical Status Codes"/><status value="active"/><experimental value="false"/><date value="2025-12-16T14:18:38+01:00"/><publisher value="Agence du Numérique en Santé(ANS) -2 - 10 Rue d'Oradour-sur-Glane, 75015 Paris"/><description value="AllergyIntolerance Clinical Status Codes"/><jurisdiction><coding><system value="urn:iso:std:iso:3166"/><code value="FRA"/></coding></jurisdiction><compose><include><system value="http://terminology.hl7.org/CodeSystem/allergyintolerance-clinical"/><concept><code value="active"/><display value="Actif"/></concept><concept><code value="inactive"/><display value="Inactif"/></concept><concept><code value="resolved"/><display value="Résolu"/></concept></include></compose></ValueSet>