<?xml version="1.0" encoding="UTF-8"?><CodeSystem xmlns="http://hl7.org/fhir"><id value="TRE-R234-TypeNote"/><meta><versionId value="4"/><lastUpdated value="2024-08-28T05:12:38.557+00:00"/><profile value="http://hl7.org/fhir/StructureDefinition/shareablecodesystem"/></meta><text><status value="generated"/><div xmlns="http://www.w3.org/1999/xhtml"><p class="res-header-id"><b>Generated Narrative: CodeSystem TRE-R234-TypeNote</b></p><a name="TRE-R234-TypeNote"> </a><a name="hcTRE-R234-TypeNote"> </a><a name="TRE-R234-TypeNote-fr-FR"> </a><div style="display: inline-block; background-color: #d9e0e7; padding: 6px; margin: 4px; border: 1px solid #8da1b4; border-radius: 5px; line-height: 60%"><p style="margin-bottom: 0px">version: 4; Last updated: 2024-08-28 05:12:38+0000</p><p style="margin-bottom: 0px">Profile: <a href="http://hl7.org/fhir/R4/shareablecodesystem.html">Shareable CodeSystem</a></p></div><p><b>Properties</b></p><p><b>This code system defines the following properties for its concepts</b></p><table class="grid"><tr><td><b>Name</b></td><td><b>Code</b></td><td><b>Type</b></td><td><b>Description</b></td></tr><tr><td>dateValid</td><td>dateValid</td><td>dateTime</td><td>date de validité d'un code concept</td></tr><tr><td>dateMaj</td><td>dateMaj</td><td>dateTime</td><td>Date de mise à jour d'un code concept</td></tr><tr><td>dateFin</td><td>dateFin</td><td>dateTime</td><td>Date de fin d'exploitation d'un code concept</td></tr></table><p><b>Concepts</b></p><p>This case-insensitive code system <code>https://mos.esante.gouv.fr/NOS/TRE_R234-TypeNote/FHIR/TRE-R234-TypeNote</code> defines the following codes:</p><table class="codes"><tr><td style="white-space:nowrap"><b>Code</b></td><td><b>Display</b></td><td><b>dateValid</b></td><td><b>dateMaj</b></td></tr><tr><td style="white-space:nowrap">DEM-AVIS<a name="TRE-R234-TypeNote-DEM-AVIS"> </a></td><td>Demande d'avis</td><td>2017-10-13T12:00:00+01:00</td><td>2017-10-13T12:00:00+01:00</td></tr><tr><td style="white-space:nowrap">GEN<a name="TRE-R234-TypeNote-GEN"> </a></td><td>Note générale</td><td>2017-10-13T12:00:00+01:00</td><td>2017-10-13T12:00:00+01:00</td></tr><tr><td style="white-space:nowrap">INST<a name="TRE-R234-TypeNote-INST"> </a></td><td>Instruction</td><td>2017-10-13T12:00:00+01:00</td><td>2017-10-13T12:00:00+01:00</td></tr><tr><td style="white-space:nowrap">INTERV<a name="TRE-R234-TypeNote-INTERV"> </a></td><td>Note d'intervention</td><td>2017-10-13T12:00:00+01:00</td><td>2017-10-13T12:00:00+01:00</td></tr><tr><td style="white-space:nowrap">OBS<a name="TRE-R234-TypeNote-OBS"> </a></td><td>Note d'observation</td><td>2017-10-13T12:00:00+01:00</td><td>2017-10-13T12:00:00+01:00</td></tr></table></div></text><extension url="http://hl7.org/fhir/StructureDefinition/resource-effectivePeriod"><valuePeriod><start value="2017-10-13T12:00:00+01:00"/></valuePeriod></extension><url value="https://mos.esante.gouv.fr/NOS/TRE_R234-TypeNote/FHIR/TRE-R234-TypeNote"/><identifier><system value="urn:ietf:rfc:3986"/><value value="urn:oid:1.2.250.1.213.1.1.4.334"/></identifier><version value="20231215120000"/><name value="TRE_R234_TypeNote"/><status value="active"/><experimental value="false"/><date value="2023-12-15T12:00:00+01:00"/><publisher value="Agence du Numérique en Santé (ANS) - 2-10 Rue d'Oradour-sur-Glane, 75015 Paris"/><description value="Type de note"/><caseSensitive value="false"/><content value="complete"/><property><code value="dateValid"/><description value="date de validité d'un code concept"/><type value="dateTime"/></property><property><code value="dateMaj"/><description value="Date de mise à jour d'un code concept"/><type value="dateTime"/></property><property><code value="dateFin"/><description value="Date de fin d'exploitation d'un code concept"/><type value="dateTime"/></property><concept><code value="DEM-AVIS"/><display value="Demande d'avis"/><property><code value="dateValid"/><valueDateTime value="2017-10-13T12:00:00+01:00"/></property><property><code value="dateMaj"/><valueDateTime value="2017-10-13T12:00:00+01:00"/></property></concept><concept><code value="GEN"/><display value="Note générale"/><property><code value="dateValid"/><valueDateTime value="2017-10-13T12:00:00+01:00"/></property><property><code value="dateMaj"/><valueDateTime value="2017-10-13T12:00:00+01:00"/></property></concept><concept><code value="INST"/><display value="Instruction"/><property><code value="dateValid"/><valueDateTime value="2017-10-13T12:00:00+01:00"/></property><property><code value="dateMaj"/><valueDateTime value="2017-10-13T12:00:00+01:00"/></property></concept><concept><code value="INTERV"/><display value="Note d'intervention"/><property><code value="dateValid"/><valueDateTime value="2017-10-13T12:00:00+01:00"/></property><property><code value="dateMaj"/><valueDateTime value="2017-10-13T12:00:00+01:00"/></property></concept><concept><code value="OBS"/><display value="Note d'observation"/><property><code value="dateValid"/><valueDateTime value="2017-10-13T12:00:00+01:00"/></property><property><code value="dateMaj"/><valueDateTime value="2017-10-13T12:00:00+01:00"/></property></concept></CodeSystem>