<?xml version="1.0" encoding="UTF-8"?><ValueSet xmlns="http://hl7.org/fhir"><id value="JDV-J228-TypeCaracteristiqueEquipement-ROR"/><meta><versionId value="3"/><lastUpdated value="2024-04-27T05:07:27.552+00:00"/><profile value="http://hl7.org/fhir/StructureDefinition/shareablevalueset"/></meta><language value="fr-FR"/><text><status value="extensions"/><div xmlns="http://www.w3.org/1999/xhtml" xml:lang="fr-FR" lang="fr-FR"><p class="res-header-id"><b>Generated Narrative: ValueSet JDV-J228-TypeCaracteristiqueEquipement-ROR</b></p><a name="JDV-J228-TypeCaracteristiqueEquipement-ROR"> </a><a name="hcJDV-J228-TypeCaracteristiqueEquipement-ROR"> </a><a name="JDV-J228-TypeCaracteristiqueEquipement-ROR-fr-FR"> </a><div style="display: inline-block; background-color: #d9e0e7; padding: 6px; margin: 4px; border: 1px solid #8da1b4; border-radius: 5px; line-height: 60%"><p style="margin-bottom: 0px">version: 3; Last updated: 2024-04-27 05:07:27+0000; Language: fr-FR</p><p style="margin-bottom: 0px">Profile: <a href="http://hl7.org/fhir/R4/shareablevalueset.html">Shareable ValueSet</a></p></div><ul><li>Include these codes as defined in <a href="CodeSystem-TRE-R340-TypeCaracteristiqueEquipement.html"><code>https://mos.esante.gouv.fr/NOS/TRE_R340-TypeCaracteristiqueEquipement/FHIR/TRE-R340-TypeCaracteristiqueEquipement</code></a><table class="none"><tr><td style="white-space:nowrap"><b>Code</b></td><td><b>Display</b></td><td><b>Definition</b></td></tr><tr><td><a href="CodeSystem-TRE-R340-TypeCaracteristiqueEquipement.html#TRE-R340-TypeCaracteristiqueEquipement-001">001</a></td><td>Poids maximum</td><td>Poids maximum supporté par l'équipement</td></tr><tr><td><a href="CodeSystem-TRE-R340-TypeCaracteristiqueEquipement.html#TRE-R340-TypeCaracteristiqueEquipement-002">002</a></td><td>Diamètre maximum</td><td>Diamètre maximum autorisé par l'équipement</td></tr></table></li></ul></div></text><extension url="http://hl7.org/fhir/StructureDefinition/resource-effectivePeriod"><valuePeriod><start value="2022-08-26T12:00:00+01:00"/></valuePeriod></extension><url value="https://mos.esante.gouv.fr/NOS/JDV_J228-TypeCaracteristiqueEquipement-ROR/FHIR/JDV-J228-TypeCaracteristiqueEquipement-ROR"/><identifier><system value="urn:ietf:rfc:3986"/><value value="urn:oid:1.2.250.1.213.3.4.60"/></identifier><version value="20220826120000"/><name value="JDV_J228_TypeCaracteristiqueEquipement_ROR"/><status value="active"/><experimental value="false"/><date value="2022-08-26T12:00:00+01:00"/><publisher value="Agence du Numérique en Santé (ANS) - 2-10 Rue d'Oradour-sur-Glane, 75015 Paris"/><description value="Type de caractéristique équipement"/><compose><include><system value="https://mos.esante.gouv.fr/NOS/TRE_R340-TypeCaracteristiqueEquipement/FHIR/TRE-R340-TypeCaracteristiqueEquipement"/><concept><code value="001"/><display value="Poids maximum"/></concept><concept><code value="002"/><display value="Diamètre maximum"/></concept></include></compose></ValueSet>