<?xml version="1.0" encoding="UTF-8"?>

<ValueSet xmlns="http://hl7.org/fhir">
  <id value="1.2.250.1.213.1.1.4.321.9"/>
  <meta>
    <versionId value="1"/>
    <lastUpdated value="2024-12-19T05:02:01.059+00:00"/>
    <profile value="http://hl7.org/fhir/StructureDefinition/shareablevalueset"/>
  </meta>
  <text>
    <status value="generated"/><div xmlns="http://www.w3.org/1999/xhtml"><p class="res-header-id"><b>Generated Narrative: ValueSet 1.2.250.1.213.1.1.4.321.9</b></p><a name="1.2.250.1.213.1.1.4.321.9"> </a><a name="hc1.2.250.1.213.1.1.4.321.9"> </a><a name="1.2.250.1.213.1.1.4.321.9-fr-FR"> </a><div style="display: inline-block; background-color: #d9e0e7; padding: 6px; margin: 4px; border: 1px solid #8da1b4; border-radius: 5px; line-height: 60%"><p style="margin-bottom: 0px">version: 1; Last updated: 2024-12-19 05:02:01+0000</p><p style="margin-bottom: 0px">Profile: <a href="http://hl7.org/fhir/R4/shareablevalueset.html">Shareable ValueSet</a></p></div><ul><li>Include these codes as defined in <code>1.2.250.1.213.2.12</code><table class="none"><tr><td style="white-space:nowrap"><b>Code</b></td><td><b>Display</b></td></tr><tr><td>T-42000</td><td>aorte</td></tr><tr><td>T-43000</td><td>artère coronaire</td></tr><tr><td>T-45010</td><td>artère carotide</td></tr><tr><td>T-45700</td><td>artère vertébrale</td></tr><tr><td>T-46100</td><td>artère sous-clavière</td></tr><tr><td>T-46700</td><td>artère iliaque</td></tr><tr><td>T-D1400</td><td>intracrânien</td></tr><tr><td>T-D9000</td><td>membre inférieur</td></tr></table></li></ul></div>
  </text>
  <extension url="http://hl7.org/fhir/StructureDefinition/resource-effectivePeriod">
    <valuePeriod>
      <start value="2021-03-15T00:00:00+01:00"/>
    </valuePeriod>
  </extension>
  <url value="https://smt.esante.gouv.fr/fhir/ValueSet/1.2.250.1.213.1.1.4.321.9"/>
  <identifier>
    <system value="urn:ietf:rfc:3986"/>
    <value value="urn:oid:1.2.250.1.213.1.1.4.321.9"/>
  </identifier>
  <version value="20241213000000"/>
  <name value="AVC_siteIntervention"/>
  <title value="AVC_siteIntervention"/>
  <status value="retired"/>
  <experimental value="false"/>
  <date value="2024-12-13T00:00:00+01:00"/>
  <publisher value="Agence du Numérique en Santé(ANS) -2 - 10 Rue d'Oradour-sur-Glane, 75015 Paris"/>
  <description value="AVC_siteIntervention"/>
  <compose>
    <include>
      <system value="1.2.250.1.213.2.12"/>
      <concept>
        <code value="T-42000"/>
        <display value="aorte"/>
      </concept>
      <concept>
        <code value="T-43000"/>
        <display value="artère coronaire"/>
      </concept>
      <concept>
        <code value="T-45010"/>
        <display value="artère carotide"/>
      </concept>
      <concept>
        <code value="T-45700"/>
        <display value="artère vertébrale"/>
      </concept>
      <concept>
        <code value="T-46100"/>
        <display value="artère sous-clavière"/>
      </concept>
      <concept>
        <code value="T-46700"/>
        <display value="artère iliaque"/>
      </concept>
      <concept>
        <code value="T-D1400"/>
        <display value="intracrânien"/>
      </concept>
      <concept>
        <code value="T-D9000"/>
        <display value="membre inférieur"/>
      </concept>
    </include>
  </compose>
</ValueSet>