<?xml version="1.0" encoding="UTF-8"?>
<RetrieveValueSetResponse xmlns="urn:ihe:iti:svs:2008"
                          xmlns:xsi="http://www.w3.org/2001/XMLSchema-instance">
   <ValueSet dateFin=""
             dateMaj="20221231000000"
             dateValid="20210315000000"
             description="JDV_PrimSecTumeur_CISIS"
             displayName="JDV_PrimSecTumeur_CISIS"
             id="1.2.250.1.213.1.1.4.2.281.4"
             typeFichier="JDV"
             urlFichier="">
      <ConceptList>
         <Concept code="MED-238" codeSystem="" displayName="Tumeur primitive"/>
         <Concept code="MED-258" codeSystem="" displayName="Nouvelle localisation"/>
         <Concept code="MED-259"
                  codeSystem=""
                  displayName="Caractère primitif ou secondaire ne pouvant être établi"/>
         <Concept code="M-80006" codeSystem="" displayName="Métastase"/>
      </ConceptList>
   </ValueSet>
</RetrieveValueSetResponse>
