<?xml version="1.0" encoding="UTF-8"?>
<RetrieveValueSetResponse xmlns="urn:ihe:iti:svs:2008"
                          xmlns:xsi="http://www.w3.org/2001/XMLSchema-instance">
   <ValueSet dateFin=""
             dateMaj="20230404000000"
             dateValid="20210315000000"
             description="JDV_Peau_melanome_Observation_anatomie_pathologique_CISIS"
             displayName="JDV_Peau_melanome_Observation_anatomie_pathologique_CISIS"
             id="1.2.250.1.213.1.1.5.367"
             typeFichier="JDV"
             urlFichier="">
      <ConceptList>
         <concept code="16"
                  codeSystem=""
                  displayName="Peau (mélanome)-Taille de la tumeur maligne invasive (épaisseur)"/>
         <concept code="72"
                  codeSystem=""
                  displayName="Peau (mélanome)-Grade histologique (Clark)"/>
         <concept code="269"
                  codeSystem=""
                  displayName="Peau (mélanome)-Atteinte des limites de résection par la tumeur in situ"/>
         <concept code="316"
                  codeSystem=""
                  displayName="Peau (mélanome)-Atteinte des limites de résection par la tumeur maligne invasive"/>
         <concept code="317"
                  codeSystem=""
                  displayName="Peau (mélanome)-Distance tumeur maligne invasive/plus proche limite de résection"/>
         <concept code="318"
                  codeSystem=""
                  displayName="Peau (mélanome)-Emboles vasculaires"/>
         <concept code="319"
                  codeSystem=""
                  displayName="Peau (mélanome)-Exerèse ganglionnaire"/>
         <concept code="320"
                  codeSystem=""
                  displayName="Peau (mélanome)-Infiltration péri-nerveuse"/>
         <concept code="321"
                  codeSystem=""
                  displayName="Peau (mélanome)-Invasion de la capsule"/>
         <concept code="322"
                  codeSystem=""
                  displayName="Peau (mélanome)-Localisation de la tumeur dans l'organe"/>
         <concept code="323"
                  codeSystem=""
                  displayName="Peau (mélanome)-Localisation de(s) limite(s) de résection"/>
         <concept code="324"
                  codeSystem=""
                  displayName="Peau (mélanome)-Nombre de ganglion(s) envahi(s)"/>
         <concept code="325"
                  codeSystem=""
                  displayName="Peau (mélanome)-Nombre de ganglion(s) examiné(s)"/>
         <concept code="326"
                  codeSystem=""
                  displayName="Peau (mélanome)-Organe-region-prelevement-CISIS"/>
         <concept code="327" codeSystem="" displayName="Peau (mélanome)-pN"/>
         <concept code="328"
                  codeSystem=""
                  displayName="Peau (mélanome)-Procédure de prélèvement"/>
         <concept code="329" codeSystem="" displayName="Peau (mélanome)-pT"/>
         <concept code="330"
                  codeSystem=""
                  displayName="Peau (mélanome)-Taille de la métastase ganglionnaire"/>
         <concept code="331"
                  codeSystem=""
                  displayName="Peau (mélanome)-Taille de tumeur maligne invasive (plus grande dimension)"/>
         <concept code="332"
                  codeSystem=""
                  displayName="Peau (mélanome)-Taille du prélèvement (plus grande dimension)"/>
         <concept code="333"
                  codeSystem=""
                  displayName="Peau (mélanome)-Type-histologique-lesion-neoplasique-maligne-invasive-CISIS"/>
         <concept code="334"
                  codeSystem=""
                  displayName="Peau (mélanome)-Ulcération en zone tumorale"/>
      </ConceptList>
   </ValueSet>
</RetrieveValueSetResponse>
