<?xml version="1.0" encoding="UTF-8"?>
<RetrieveValueSetResponse xmlns="urn:ihe:iti:svs:2008"
                          xmlns:xsi="http://www.w3.org/2001/XMLSchema-instance">
   <ValueSet dateFin=""
             dateMaj="20231109000000"
             dateValid="20210315000000"
             description="JDV_TypeAnalgesie_CISIS"
             displayName="JDV_TypeAnalgesie_CISIS"
             id="1.2.250.1.213.1.1.5.114"
             typeFichier="JDV"
             urlFichier="">
      <ConceptList>
         <Concept code="MED-168"
                  codeSystem=""
                  displayName="Analgésie au cours du travail"/>
         <Concept code="MED-222" codeSystem="" displayName="Pas d'anesthésie"/>
         <Concept code="GEN-092.03.04" codeSystem="" displayName="Autre anesthésie"/>
         <Concept code="50697003"
                  codeSystem="2.16.840.1.113883.6.96"
                  displayName="anesthésie générale"/>
         <Concept code="231249005"
                  codeSystem="2.16.840.1.113883.6.96"
                  displayName="anesthésie rachidienne"/>
         <Concept code="18946005"
                  codeSystem="2.16.840.1.113883.6.96"
                  displayName="anesthésie épidurale"/>
      </ConceptList>
   </ValueSet>
</RetrieveValueSetResponse>
