{"resourceType":"ValueSet","id":"jdv-resultat-depistage-nitriturie-cisis","meta":{"versionId":"6","lastUpdated":"2025-12-17T15:46:27.900+01:00","profile":["http://hl7.org/fhir/StructureDefinition/shareablevalueset|4.0.1"]},"language":"fr-FR","text":{"status":"generated","div":"<div xmlns=\"http://www.w3.org/1999/xhtml\" xml:lang=\"fr-FR\" lang=\"fr-FR\"><p class=\"res-header-id\"><b>Generated Narrative: ValueSet jdv-resultat-depistage-nitriturie-cisis</b></p><a name=\"jdv-resultat-depistage-nitriturie-cisis\"> </a><a name=\"hcjdv-resultat-depistage-nitriturie-cisis\"> </a><a name=\"jdv-resultat-depistage-nitriturie-cisis-fr-FR\"> </a><div style=\"display: inline-block; background-color: #d9e0e7; padding: 6px; margin: 4px; border: 1px solid #8da1b4; border-radius: 5px; line-height: 60%\"><p style=\"margin-bottom: 0px\">version: 6; Last updated: 2025-12-17 15:46:27+0100; Language: fr-FR</p><p style=\"margin-bottom: 0px\">Profil: <a href=\"http://hl7.org/fhir/R4/shareablevalueset.html\">Shareable ValueSetversion: null4.0.1)</a></p></div><ul><li>Include ces codes sont définis dans <a href=\"http://www.snomed.org/\"><code>http://snomed.info/sct</code></a><table class=\"none\"><tr><td style=\"white-space:nowrap\"><b>Code</b></td><td><b>Display</b></td></tr><tr><td><a href=\"http://snomed.info/id/260385009\">260385009</a></td><td>négatif(-ive)</td></tr><tr><td><a href=\"http://snomed.info/id/260405006\">260405006</a></td><td>trace</td></tr><tr><td><a href=\"http://snomed.info/id/10828004\">10828004</a></td><td>positif(-ive)</td></tr></table></li></ul></div>"},"extension":[{"url":"http://hl7.org/fhir/StructureDefinition/resource-effectivePeriod","valuePeriod":{"start":"2024-03-07T00:00:00+01:00"}}],"url":"https://smt.esante.gouv.fr/fhir/ValueSet/jdv-resultat-depistage-nitriturie-cisis","identifier":[{"system":"urn:ietf:rfc:3986","value":"urn:oid:1.2.250.1.213.1.1.5.780"}],"version":"20251216141838","name":"JdvResultatDepistageNitriturieCisis","title":"JDV Resultat Depistage Nitriturie CISIS","status":"active","experimental":false,"date":"2025-12-16T14:18:38+01:00","publisher":"Agence du Numérique en Santé(ANS) -2 - 10 Rue d'Oradour-sur-Glane, 75015 Paris","description":"JDV Resultat Depistage Nitriturie CISIS","jurisdiction":[{"coding":[{"system":"urn:iso:std:iso:3166","code":"FRA"}]}],"compose":{"include":[{"system":"http://snomed.info/sct","concept":[{"code":"260385009","display":"négatif(-ive)"},{"code":"260405006","display":"trace"},{"code":"10828004","display":"positif(-ive)"}]}]}}