{"resourceType":"ValueSet","id":"jdv-score-cormack-cisis","meta":{"versionId":"6","lastUpdated":"2025-12-17T15:46:42.866+01:00","profile":["http://hl7.org/fhir/StructureDefinition/shareablevalueset|4.0.1"]},"language":"fr-FR","text":{"status":"generated","div":"<div xmlns=\"http://www.w3.org/1999/xhtml\" xml:lang=\"fr-FR\" lang=\"fr-FR\"><p class=\"res-header-id\"><b>Generated Narrative: ValueSet jdv-score-cormack-cisis</b></p><a name=\"jdv-score-cormack-cisis\"> </a><a name=\"hcjdv-score-cormack-cisis\"> </a><a name=\"jdv-score-cormack-cisis-fr-FR\"> </a><div style=\"display: inline-block; background-color: #d9e0e7; padding: 6px; margin: 4px; border: 1px solid #8da1b4; border-radius: 5px; line-height: 60%\"><p style=\"margin-bottom: 0px\">version: 6; Last updated: 2025-12-17 15:46:42+0100; Language: fr-FR</p><p style=\"margin-bottom: 0px\">Profil: <a href=\"http://hl7.org/fhir/R4/shareablevalueset.html\">Shareable ValueSetversion: null4.0.1)</a></p></div><ul><li>Include ces codes sont définis dans <a href=\"http://www.snomed.org/\"><code>http://snomed.info/sct</code></a><table class=\"none\"><tr><td style=\"white-space:nowrap\"><b>Code</b></td><td><b>Display</b></td></tr><tr><td><a href=\"http://snomed.info/id/417548001\">417548001</a></td><td>Cormack et Lehane grade 1</td></tr><tr><td><a href=\"http://snomed.info/id/417666002\">417666002</a></td><td>Cormack et Lehane grade 2</td></tr><tr><td><a href=\"http://snomed.info/id/416876007\">416876007</a></td><td>Cormack et Lehane grade 3</td></tr><tr><td><a href=\"http://snomed.info/id/416141007\">416141007</a></td><td>Cormack et Lehane grade 4</td></tr></table></li></ul></div>"},"extension":[{"url":"http://hl7.org/fhir/StructureDefinition/resource-effectivePeriod","valuePeriod":{"start":"2020-05-11T00:00:00+01:00"}}],"url":"https://smt.esante.gouv.fr/fhir/ValueSet/jdv-score-cormack-cisis","identifier":[{"system":"urn:ietf:rfc:3986","value":"urn:oid:1.2.250.1.213.1.1.5.502"}],"version":"20251216141838","name":"JdvScoreCormackCisis","title":"JDV Score Cormack CISIS","status":"active","experimental":false,"date":"2025-12-16T14:18:38+01:00","publisher":"Agence du Numérique en Santé(ANS) -2 - 10 Rue d'Oradour-sur-Glane, 75015 Paris","description":"JDV Score Cormack CISIS","jurisdiction":[{"coding":[{"system":"urn:iso:std:iso:3166","code":"FRA"}]}],"compose":{"include":[{"system":"http://snomed.info/sct","concept":[{"code":"417548001","display":"Cormack et Lehane grade 1"},{"code":"417666002","display":"Cormack et Lehane grade 2"},{"code":"416876007","display":"Cormack et Lehane grade 3"},{"code":"416141007","display":"Cormack et Lehane grade 4"}]}]}}