<?xml version="1.0" encoding="UTF-8"?>

<ValueSet xmlns="http://hl7.org/fhir">
  <id value="1.2.250.1.213.1.1.5.30"/>
  <meta>
    <versionId value="1"/>
    <lastUpdated value="2024-12-19T05:02:37.285+00:00"/>
    <profile value="http://hl7.org/fhir/StructureDefinition/shareablevalueset"/>
  </meta>
  <language value="fr-FR"/>
  <text>
    <status value="generated"/><div xmlns="http://www.w3.org/1999/xhtml" xml:lang="fr-FR" lang="fr-FR"><p class="res-header-id"><b>Generated Narrative: ValueSet 1.2.250.1.213.1.1.5.30</b></p><a name="1.2.250.1.213.1.1.5.30"> </a><a name="hc1.2.250.1.213.1.1.5.30"> </a><a name="1.2.250.1.213.1.1.5.30-fr-FR"> </a><div style="display: inline-block; background-color: #d9e0e7; padding: 6px; margin: 4px; border: 1px solid #8da1b4; border-radius: 5px; line-height: 60%"><p style="margin-bottom: 0px">version: 1; Last updated: 2024-12-19 05:02:37+0000; Language: fr-FR</p><p style="margin-bottom: 0px">Profil: <a href="http://hl7.org/fhir/R4/shareablevalueset.html">Shareable ValueSet</a></p></div><ul><li>Include ces codes sont définis dans <code>1.2.250.1.213.2.12</code><table class="none"><tr><td style="white-space:nowrap"><b>Code</b></td><td><b>Display</b></td></tr><tr><td>F-0446A</td><td>Pas de traitement médicamenteux prescrit</td></tr><tr><td>F-0446A</td><td>Pas de traitement médicamenteux prescrit</td></tr><tr><td>F-04498</td><td>Traitement médicamenteux non connu</td></tr><tr><td>F-04498</td><td>Traitement médicamenteux non connu</td></tr><tr><td>F-049F6</td><td>Pas d'auto-médication</td></tr><tr><td>F-049F6</td><td>Pas d'auto-médication</td></tr></table></li></ul></div>
  </text>
  <extension url="http://hl7.org/fhir/StructureDefinition/resource-effectivePeriod">
    <valuePeriod>
      <start value="2021-03-15T00:00:00+01:00"/>
    </valuePeriod>
  </extension>
  <url value="https://smt.esante.gouv.fr/fhir/ValueSet/1.2.250.1.213.1.1.5.30"/>
  <identifier>
    <system value="urn:ietf:rfc:3986"/>
    <value value="urn:oid:1.2.250.1.213.1.1.5.30"/>
  </identifier>
  <version value="20241213000000"/>
  <name value="JDV_CodeNoMedication_CISIS"/>
  <title value="JDV_CodeNoMedication_CISIS"/>
  <status value="retired"/>
  <experimental value="false"/>
  <date value="2024-12-13T00:00:00+01:00"/>
  <publisher value="Agence du Numérique en Santé(ANS) -2 - 10 Rue d'Oradour-sur-Glane, 75015 Paris"/>
  <description value="JDV_CodeNoMedication_CISIS"/>
  <compose>
    <include>
      <system value="1.2.250.1.213.2.12"/>
      <concept>
        <code value="F-0446A"/>
        <display value="Pas de traitement médicamenteux prescrit"/>
      </concept>
      <concept>
        <code value="F-0446A"/>
        <display value="Pas de traitement médicamenteux prescrit"/>
      </concept>
      <concept>
        <code value="F-04498"/>
        <display value="Traitement médicamenteux non connu"/>
      </concept>
      <concept>
        <code value="F-04498"/>
        <display value="Traitement médicamenteux non connu"/>
      </concept>
      <concept>
        <code value="F-049F6"/>
        <display value="Pas d'auto-médication"/>
      </concept>
      <concept>
        <code value="F-049F6"/>
        <display value="Pas d'auto-médication"/>
      </concept>
    </include>
  </compose>
</ValueSet>