<?xml version="1.0" encoding="UTF-8"?>

<ValueSet xmlns="http://hl7.org/fhir">
  <id value="1.2.250.1.213.1.1.5.422"/>
  <meta>
    <versionId value="1"/>
    <lastUpdated value="2024-12-19T05:06:25.815+00:00"/>
    <profile value="http://hl7.org/fhir/StructureDefinition/shareablevalueset"/>
  </meta>
  <language value="fr-FR"/>
  <text>
    <status value="generated"/><div xmlns="http://www.w3.org/1999/xhtml" xml:lang="fr-FR" lang="fr-FR"><p class="res-header-id"><b>Generated Narrative: ValueSet 1.2.250.1.213.1.1.5.422</b></p><a name="1.2.250.1.213.1.1.5.422"> </a><a name="hc1.2.250.1.213.1.1.5.422"> </a><a name="1.2.250.1.213.1.1.5.422-fr-FR"> </a><div style="display: inline-block; background-color: #d9e0e7; padding: 6px; margin: 4px; border: 1px solid #8da1b4; border-radius: 5px; line-height: 60%"><p style="margin-bottom: 0px">version: 1; Last updated: 2024-12-19 05:06:25+0000; Language: fr-FR</p><p style="margin-bottom: 0px">Profil: <a href="http://hl7.org/fhir/R4/shareablevalueset.html">Shareable ValueSet</a></p></div><ul><li>Include ces codes sont définis dans <code>1.3.6.1.4.1.19376.1.8.2.1</code><table class="none"><tr><td style="white-space:nowrap"><b>Code</b></td><td><b>Display</b></td></tr><tr><td>675</td><td>Quadrant supéro-externe</td></tr><tr><td>676</td><td>Quadrant inféro-externe</td></tr><tr><td>677</td><td>Quadrant supéro-interne</td></tr><tr><td>678</td><td>Quadrant inféro-interne</td></tr><tr><td>679</td><td>Union des quadrants supérieurs</td></tr><tr><td>680</td><td>Union des quadrants externes</td></tr><tr><td>681</td><td>Union des quadrants internes</td></tr><tr><td>682</td><td>Union des quadrants inférieurs</td></tr><tr><td>683</td><td>Mamelon</td></tr><tr><td>684</td><td>Central</td></tr><tr><td>685</td><td>Prolongement axillaire</td></tr><tr><td>686</td><td>Sillon sous-mammaire</td></tr></table></li></ul></div>
  </text>
  <extension url="http://hl7.org/fhir/StructureDefinition/resource-effectivePeriod">
    <valuePeriod>
      <start value="2021-03-15T00:00:00+01:00"/>
    </valuePeriod>
  </extension>
  <url value="https://smt.esante.gouv.fr/fhir/ValueSet/1.2.250.1.213.1.1.5.422"/>
  <identifier>
    <system value="urn:ietf:rfc:3986"/>
    <value value="urn:oid:1.2.250.1.213.1.1.5.422"/>
  </identifier>
  <version value="20230404000000"/>
  <name value="JDV_Sein_Localisation_tumeur_CISIS"/>
  <title value="JDV_Sein_Localisation_tumeur_CISIS"/>
  <status value="retired"/>
  <experimental value="false"/>
  <date value="2023-04-04T00:00:00+01:00"/>
  <publisher value="Agence du Numérique en Santé(ANS) -2 - 10 Rue d'Oradour-sur-Glane, 75015 Paris"/>
  <description value="JDV_Sein_Localisation_tumeur_CISIS"/>
  <compose>
    <include>
      <system value="1.3.6.1.4.1.19376.1.8.2.1"/>
      <concept>
        <code value="675"/>
        <display value="Quadrant supéro-externe"/>
      </concept>
      <concept>
        <code value="676"/>
        <display value="Quadrant inféro-externe"/>
      </concept>
      <concept>
        <code value="677"/>
        <display value="Quadrant supéro-interne"/>
      </concept>
      <concept>
        <code value="678"/>
        <display value="Quadrant inféro-interne"/>
      </concept>
      <concept>
        <code value="679"/>
        <display value="Union des quadrants supérieurs"/>
      </concept>
      <concept>
        <code value="680"/>
        <display value="Union des quadrants externes"/>
      </concept>
      <concept>
        <code value="681"/>
        <display value="Union des quadrants internes"/>
      </concept>
      <concept>
        <code value="682"/>
        <display value="Union des quadrants inférieurs"/>
      </concept>
      <concept>
        <code value="683"/>
        <display value="Mamelon"/>
      </concept>
      <concept>
        <code value="684"/>
        <display value="Central"/>
      </concept>
      <concept>
        <code value="685"/>
        <display value="Prolongement axillaire"/>
      </concept>
      <concept>
        <code value="686"/>
        <display value="Sillon sous-mammaire"/>
      </concept>
    </include>
  </compose>
</ValueSet>