<?xml version="1.0" encoding="UTF-8"?>
<RetrieveValueSetResponse xmlns="urn:ihe:iti:svs:2008"
                          xmlns:xsi="http://www.w3.org/2001/XMLSchema-instance">
   <ValueSet dateFin=""
             dateMaj="20240628120000"
             dateValid="20151228000000"
             description="Savoir-faire liés aux DESC du groupe 1 non qualifiants"
             displayName="TRE_R42_DESCnonQualifiant"
             id="1.2.250.1.213.2.32"
             typeFichier="TRE"
             urlFichier="https://mos.esante.gouv.fr/NOS/TRE_R42-DESCnonQualifiant">
      <ConceptList>
         <Concept code="DSM200"
                  codeSystem="1.2.250.1.213.2.32"
                  dateFin=""
                  dateMaj="20090212000000"
                  dateValid="20070726000000"
                  displayName="Addictologie (DNQ)"
                  longDesignation="Addictologie (DNQ)"
                  shortDesignation="Addictologie"
                  descriptionMetier=""/>
         <Concept code="DSM201"
                  codeSystem="1.2.250.1.213.2.32"
                  dateFin=""
                  dateMaj="20160901000000"
                  dateValid="20070726000000"
                  displayName="Allergologie et Immunologie clinique (DNQ)"
                  longDesignation="Allergologie et Immunologie clinique (DNQ)"
                  shortDesignation="Allergo, Immunologie clinique"
                  descriptionMetier=""/>
         <Concept code="DSM202"
                  codeSystem="1.2.250.1.213.2.32"
                  dateFin=""
                  dateMaj="20090212000000"
                  dateValid="20070726000000"
                  displayName="Andrologie (DNQ)"
                  longDesignation="Andrologie (DNQ)"
                  shortDesignation="Andrologie"
                  descriptionMetier=""/>
         <Concept code="DSM203"
                  codeSystem="1.2.250.1.213.2.32"
                  dateFin=""
                  dateMaj="20160901000000"
                  dateValid="20070726000000"
                  displayName="Biochimie hormonale et métabolique (DNQ)"
                  longDesignation="Biochimie hormonale et métabolique (DNQ)"
                  shortDesignation="Biochimie hormon, métabolique"
                  descriptionMetier=""/>
         <Concept code="DSM204"
                  codeSystem="1.2.250.1.213.2.32"
                  dateFin=""
                  dateMaj="20160901000000"
                  dateValid="20070726000000"
                  displayName="Biologie des agents infectieux (DNQ)"
                  longDesignation="Biologie des agents infectieux (DNQ)"
                  shortDesignation="Biologie des agents infectieux"
                  descriptionMetier=""/>
         <Concept code="DSM205"
                  codeSystem="1.2.250.1.213.2.32"
                  dateFin=""
                  dateMaj="20090212000000"
                  dateValid="20070726000000"
                  displayName="Biologie moléculaire (DNQ)"
                  longDesignation="Biologie moléculaire (DNQ)"
                  shortDesignation="Biologie moléculaire"
                  descriptionMetier=""/>
         <Concept code="DSM206"
                  codeSystem="1.2.250.1.213.2.32"
                  dateFin=""
                  dateMaj="20090212000000"
                  dateValid="20070726000000"
                  displayName="Cancérologie (DNQ)"
                  longDesignation="Cancérologie (DNQ)"
                  shortDesignation="Cancérologie"
                  descriptionMetier=""/>
         <Concept code="DSM207"
                  codeSystem="1.2.250.1.213.2.32"
                  dateFin=""
                  dateMaj="20160901000000"
                  dateValid="20070726000000"
                  displayName="Chirurgie de la face et du cou (DNQ)"
                  longDesignation="Chirurgie de la face et du cou (DNQ)"
                  shortDesignation="Chirurgie face et cou"
                  descriptionMetier=""/>
         <Concept code="DSM208"
                  codeSystem="1.2.250.1.213.2.32"
                  dateFin=""
                  dateMaj="20160901000000"
                  dateValid="20070726000000"
                  displayName="Chirurgie plastique et reconstructrice (DNQ)"
                  longDesignation="Chirurgie plastique et reconstructrice (DNQ)"
                  shortDesignation="Chirurgie plastique et recon"
                  descriptionMetier=""/>
         <Concept code="DSM209"
                  codeSystem="1.2.250.1.213.2.32"
                  dateFin=""
                  dateMaj="20090212000000"
                  dateValid="20070726000000"
                  displayName="Chirurgie vasculaire (DNQ)"
                  longDesignation="Chirurgie vasculaire (DNQ)"
                  shortDesignation="Chirurgie vasculaire"
                  descriptionMetier=""/>
         <Concept code="DSM210"
                  codeSystem="1.2.250.1.213.2.32"
                  dateFin=""
                  dateMaj="20160901000000"
                  dateValid="20070726000000"
                  displayName="Cytogénétique humaine (DNQ)"
                  longDesignation="Cytogénétique humaine (DNQ)"
                  shortDesignation="Cytogénétique humaine"
                  descriptionMetier=""/>
         <Concept code="DSM211"
                  codeSystem="1.2.250.1.213.2.32"
                  dateFin=""
                  dateMaj="20090212000000"
                  dateValid="20070726000000"
                  displayName="Dermatopathologie (DNQ)"
                  longDesignation="Dermatopathologie (DNQ)"
                  shortDesignation="Dermatopathologie"
                  descriptionMetier=""/>
         <Concept code="DSM212"
                  codeSystem="1.2.250.1.213.2.32"
                  dateFin=""
                  dateMaj="20090212000000"
                  dateValid="20070726000000"
                  displayName="Foetopathologie (DNQ)"
                  longDesignation="Foetopathologie (DNQ)"
                  shortDesignation="Foetopathologie"
                  descriptionMetier=""/>
         <Concept code="DSM213"
                  codeSystem="1.2.250.1.213.2.32"
                  dateFin=""
                  dateMaj="20090212000000"
                  dateValid="20070726000000"
                  displayName="Gériatrie (DNQ)"
                  longDesignation="Gériatrie (DNQ)"
                  shortDesignation="Gériatrie"
                  descriptionMetier=""/>
         <Concept code="DSM214"
                  codeSystem="1.2.250.1.213.2.32"
                  dateFin=""
                  dateMaj="20160901000000"
                  dateValid="20070726000000"
                  displayName="Hématologie biologique (DNQ)"
                  longDesignation="Hématologie biologique (DNQ)"
                  shortDesignation="Hématologie biologique"
                  descriptionMetier=""/>
         <Concept code="DSM215"
                  codeSystem="1.2.250.1.213.2.32"
                  dateFin=""
                  dateMaj="20160901000000"
                  dateValid="20070726000000"
                  displayName="Hématologie maladies du sang (DNQ)"
                  longDesignation="Hématologie maladies du sang (DNQ)"
                  shortDesignation="Hématologie maladies du sang"
                  descriptionMetier=""/>
         <Concept code="DSM216"
                  codeSystem="1.2.250.1.213.2.32"
                  dateFin=""
                  dateMaj="20160901000000"
                  dateValid="20070726000000"
                  displayName="Hémobiologie-transfusion (DNQ)"
                  longDesignation="Hémobiologie-transfusion (DNQ)"
                  shortDesignation="Hémobiologie-transfusion"
                  descriptionMetier=""/>
         <Concept code="DSM217"
                  codeSystem="1.2.250.1.213.2.32"
                  dateFin=""
                  dateMaj="20160901000000"
                  dateValid="20070726000000"
                  displayName="Immunologie et Immunopathologie (DNQ)"
                  longDesignation="Immunologie et Immunopathologie (DNQ)"
                  shortDesignation="Immunol, Immunopatho"
                  descriptionMetier=""/>
         <Concept code="DSM218"
                  codeSystem="1.2.250.1.213.2.32"
                  dateFin=""
                  dateMaj="20160901000000"
                  dateValid="20070726000000"
                  displayName="Médecine de la reproduction (DNQ)"
                  longDesignation="Médecine de la reproduction (DNQ)"
                  shortDesignation="Médecine de la reproduction"
                  descriptionMetier=""/>
         <Concept code="DSM219"
                  codeSystem="1.2.250.1.213.2.32"
                  dateFin=""
                  dateMaj="20090212000000"
                  dateValid="20070726000000"
                  displayName="Médecine du sport (DNQ)"
                  longDesignation="Médecine du sport (DNQ)"
                  shortDesignation="Médecine du sport"
                  descriptionMetier=""/>
         <Concept code="DSM220"
                  codeSystem="1.2.250.1.213.2.32"
                  dateFin=""
                  dateMaj="20090212000000"
                  dateValid="20070726000000"
                  displayName="Médecine d'urgence (DNQ)"
                  longDesignation="Médecine d'urgence (DNQ)"
                  shortDesignation="Médecine d'urgence"
                  descriptionMetier=""/>
         <Concept code="DSM221"
                  codeSystem="1.2.250.1.213.2.32"
                  dateFin=""
                  dateMaj="20160901000000"
                  dateValid="20070726000000"
                  displayName="Médecine légale et Expertises médicales (DNQ)"
                  longDesignation="Médecine légale et Expertises médicales (DNQ)"
                  shortDesignation="Médecine légale, Expertise méd"
                  descriptionMetier=""/>
         <Concept code="DSM222"
                  codeSystem="1.2.250.1.213.2.32"
                  dateFin=""
                  dateMaj="20090212000000"
                  dateValid="20070726000000"
                  displayName="Médecine nucléaire (DNQ)"
                  longDesignation="Médecine nucléaire (DNQ)"
                  shortDesignation="Médecine nucléaire"
                  descriptionMetier=""/>
         <Concept code="DSM223"
                  codeSystem="1.2.250.1.213.2.32"
                  dateFin=""
                  dateMaj="20090212000000"
                  dateValid="20070726000000"
                  displayName="Médecine vasculaire (DNQ)"
                  longDesignation="Médecine vasculaire (DNQ)"
                  shortDesignation="Médecine vasculaire"
                  descriptionMetier=""/>
         <Concept code="DSM224"
                  codeSystem="1.2.250.1.213.2.32"
                  dateFin=""
                  dateMaj="20090212000000"
                  dateValid="20070726000000"
                  displayName="Néonatalogie (DNQ)"
                  longDesignation="Néonatalogie (DNQ)"
                  shortDesignation="Néonatalogie"
                  descriptionMetier=""/>
         <Concept code="DSM225"
                  codeSystem="1.2.250.1.213.2.32"
                  dateFin=""
                  dateMaj="20090212000000"
                  dateValid="20070726000000"
                  displayName="Neuropathologie (DNQ)"
                  longDesignation="Neuropathologie (DNQ)"
                  shortDesignation="Neuropathologie"
                  descriptionMetier=""/>
         <Concept code="DSM226"
                  codeSystem="1.2.250.1.213.2.32"
                  dateFin=""
                  dateMaj="20090212000000"
                  dateValid="20070726000000"
                  displayName="Nutrition (DNQ)"
                  longDesignation="Nutrition (DNQ)"
                  shortDesignation="Nutrition"
                  descriptionMetier=""/>
         <Concept code="DSM227"
                  codeSystem="1.2.250.1.213.2.32"
                  dateFin=""
                  dateMaj="20160901000000"
                  dateValid="20070726000000"
                  displayName="Orthopédie dento-maxillo-faciale (DNQ)"
                  longDesignation="Orthopédie dento-maxillo-faciale (DNQ)"
                  shortDesignation="Orthopédie dento-maxilo-fac"
                  descriptionMetier=""/>
         <Concept code="DSM228"
                  codeSystem="1.2.250.1.213.2.32"
                  dateFin=""
                  dateMaj="20160901000000"
                  dateValid="20070726000000"
                  displayName="Pathologie infectieuse et tropicale, clinique et biologique (DNQ)"
                  longDesignation="Pathologie infectieuse et tropicale, clinique et biologique (DNQ)"
                  shortDesignation="Patho infect, trop, clin, bio"
                  descriptionMetier=""/>
         <Concept code="DSM229"
                  codeSystem="1.2.250.1.213.2.32"
                  dateFin=""
                  dateMaj="20160901000000"
                  dateValid="20070726000000"
                  displayName="Pharmacocinétique et Métabolisme des médicaments (DNQ)"
                  longDesignation="Pharmacocinétique et Métabolisme des médicaments (DNQ)"
                  shortDesignation="Pharmacocin, Métabolisme médic"
                  descriptionMetier=""/>
         <Concept code="DSM230"
                  codeSystem="1.2.250.1.213.2.32"
                  dateFin=""
                  dateMaj="20160901000000"
                  dateValid="20070726000000"
                  displayName="Pharmacologie clinique et Evaluation des thérapeutiques (DNQ)"
                  longDesignation="Pharmacologie clinique et Evaluation des thérapeutiques (DNQ)"
                  shortDesignation="Pharmacol cliniq, Eval thérap"
                  descriptionMetier=""/>
         <Concept code="DSM231"
                  codeSystem="1.2.250.1.213.2.32"
                  dateFin=""
                  dateMaj="20160901000000"
                  dateValid="20070726000000"
                  displayName="Psychiatrie de l'enfant et de l'adolescent (DNQ)"
                  longDesignation="Psychiatrie de l'enfant et de l'adolescent (DNQ)"
                  shortDesignation="Psychiatrie enfant et ado"
                  descriptionMetier=""/>
         <Concept code="DSM232"
                  codeSystem="1.2.250.1.213.2.32"
                  dateFin=""
                  dateMaj="20160901000000"
                  dateValid="20070726000000"
                  displayName="Radiopharmacie et Radiobiologie (DNQ)"
                  longDesignation="Radiopharmacie et Radiobiologie (DNQ)"
                  shortDesignation="Radiopharm, Radiobiologie"
                  descriptionMetier=""/>
         <Concept code="DSM233"
                  codeSystem="1.2.250.1.213.2.32"
                  dateFin=""
                  dateMaj="20090212000000"
                  dateValid="20070726000000"
                  displayName="Réanimation médicale (DNQ)"
                  longDesignation="Réanimation médicale (DNQ)"
                  shortDesignation="Réanimation médicale"
                  descriptionMetier=""/>
         <Concept code="DSM234"
                  codeSystem="1.2.250.1.213.2.32"
                  dateFin=""
                  dateMaj="20160901000000"
                  dateValid="20070726000000"
                  displayName="Toxicologie biologique (DNQ)"
                  longDesignation="Toxicologie biologique (DNQ)"
                  shortDesignation="Toxicologie biologique"
                  descriptionMetier=""/>
         <Concept code="DSM235"
                  codeSystem="1.2.250.1.213.2.32"
                  dateFin=""
                  dateMaj="20160901000000"
                  dateValid="20070726000000"
                  displayName="Médecine de la douleur et Médecine palliative (DNQ)"
                  longDesignation="Médecine de la douleur et Médecine palliative (DNQ)"
                  shortDesignation="Médecine douleur, palliative"
                  descriptionMetier=""/>
         <Concept code="DSM236"
                  codeSystem="1.2.250.1.213.2.32"
                  dateFin=""
                  dateMaj="20160901000000"
                  dateValid="20150706145938"
                  displayName="Cancérologie, option Traitements médicaux des cancers (DNQ)"
                  longDesignation="Cancérologie, option Traitements médicaux des cancers (DNQ)"
                  shortDesignation="Cancéro, opt Trait méd cancers"
                  descriptionMetier=""/>
         <Concept code="DSM237"
                  codeSystem="1.2.250.1.213.2.32"
                  dateFin=""
                  dateMaj="20160901000000"
                  dateValid="20150706145938"
                  displayName="Cancérologie, option Chirurgie cancérologique (DNQ)"
                  longDesignation="Cancérologie, option Chirurgie cancérologique (DNQ)"
                  shortDesignation="Cancéro, opt Chirurgie cancéro"
                  descriptionMetier=""/>
         <Concept code="DSM238"
                  codeSystem="1.2.250.1.213.2.32"
                  dateFin=""
                  dateMaj="20160901000000"
                  dateValid="20150706145938"
                  displayName="Cancérologie, option Réseaux de cancérologie (DNQ)"
                  longDesignation="Cancérologie, option Réseaux de cancérologie (DNQ)"
                  shortDesignation="Cancéro, opt Réseaux cancéro"
                  descriptionMetier=""/>
         <Concept code="DSM239"
                  codeSystem="1.2.250.1.213.2.32"
                  dateFin=""
                  dateMaj="20160901000000"
                  dateValid="20150706145938"
                  displayName="Cancérologie, option Biologie cancérologie (DNQ)"
                  longDesignation="Cancérologie, option Biologie cancérologie (DNQ)"
                  shortDesignation="Cancéro, opt Biologie cancéro"
                  descriptionMetier=""/>
         <Concept code="DSM240"
                  codeSystem="1.2.250.1.213.2.32"
                  dateFin=""
                  dateMaj="20160901000000"
                  dateValid="20150706145938"
                  displayName="Cancérologie, option Imagerie cancérologie (DNQ)"
                  longDesignation="Cancérologie, option Imagerie cancérologie (DNQ)"
                  shortDesignation="Cancéro, opt Imagerie cancéro"
                  descriptionMetier=""/>
      </ConceptList>
   </ValueSet>
</RetrieveValueSetResponse>
