<?xml version="1.0" encoding="UTF-8"?>
<RetrieveValueSetResponse xmlns="urn:ihe:iti:svs:2008"
                          xmlns:xsi="http://www.w3.org/2001/XMLSchema-instance">
   <ValueSet dateFin=""
             dateMaj="20231215120000"
             dateValid="20180427120000"
             description="Type de numéro d'identification"
             displayName="TRE_R263_TypeNumeroIdentification"
             id="1.2.250.1.213.3.3.57"
             typeFichier="TRE"
             urlFichier="https://mos.esante.gouv.fr/NOS/TRE_R263-TypeNumeroIdentification">
      <ConceptList>
         <concept code="01"
                  codeSystem="1.2.250.1.213.3.3.57"
                  dateFin=""
                  dateMaj="20180427120000"
                  dateValid="20180427120000"
                  displayName="NIR"
                  longDesignation="NIR"
                  shortDesignation="NIR"
                  descriptionMetier=""/>
         <concept code="02"
                  codeSystem="1.2.250.1.213.3.3.57"
                  dateFin=""
                  dateMaj="20180427120000"
                  dateValid="20180427120000"
                  displayName="Numéro de sécurité sociale du conjoint du patient ou d'un parent"
                  longDesignation="Numéro de sécurité sociale du conjoint du patient ou d'un parent"
                  shortDesignation="No SS conjoint ou parent"
                  descriptionMetier=""/>
         <concept code="03"
                  codeSystem="1.2.250.1.213.3.3.57"
                  dateFin=""
                  dateMaj="20180427120000"
                  dateValid="20180427120000"
                  displayName="SINUS"
                  longDesignation="SINUS"
                  shortDesignation="SINUS"
                  descriptionMetier=""/>
         <concept code="04"
                  codeSystem="1.2.250.1.213.3.3.57"
                  dateFin=""
                  dateMaj="20180427120000"
                  dateValid="20180427120000"
                  displayName="NIP/IPP"
                  longDesignation="NIP/IPP"
                  shortDesignation="NIP/IPP"
                  descriptionMetier=""/>
         <concept code="05"
                  codeSystem="1.2.250.1.213.3.3.57"
                  dateFin=""
                  dateMaj="20180427120000"
                  dateValid="20180427120000"
                  displayName="Numéro de séjour hospitalier"
                  longDesignation="Numéro de séjour hospitalier"
                  shortDesignation="No de séjour hospitalier"
                  descriptionMetier=""/>
         <concept code="06"
                  codeSystem="1.2.250.1.213.3.3.57"
                  dateFin=""
                  dateMaj="20180427120000"
                  dateValid="20180427120000"
                  displayName="Numéro d'identification provisoire"
                  longDesignation="Numéro d'identification provisoire"
                  shortDesignation="No Identification provisoire"
                  descriptionMetier=""/>
         <concept code="07"
                  codeSystem="1.2.250.1.213.3.3.57"
                  dateFin=""
                  dateMaj="20180427120000"
                  dateValid="20180427120000"
                  displayName="Autre"
                  longDesignation="Autre"
                  shortDesignation="Autre"
                  descriptionMetier=""/>
      </ConceptList>
   </ValueSet>
</RetrieveValueSetResponse>
