<?xml version="1.0" encoding="UTF-8"?>
<RetrieveValueSetResponse xmlns="urn:ihe:iti:svs:2008"
                          xmlns:xsi="http://www.w3.org/2001/XMLSchema-instance">
   <ValueSet dateFin=""
             dateMaj="20240426120000"
             dateValid="20080320092455"
             description="Catégorie professionnelle"
             displayName="TRE_R09_CategorieProfessionnelle"
             id="1.2.250.1.213.1.6.1.10"
             typeFichier="TRE"
             urlFichier="https://mos.esante.gouv.fr/NOS/TRE_R09-CategorieProfessionnelle">
      <ConceptList>
         <concept code="C"
                  codeSystem="1.2.250.1.213.1.6.1.10"
                  dateFin=""
                  dateMaj="20070725150435"
                  dateValid="20070725150435"
                  displayName="Civil"
                  longDesignation="Civil"
                  shortDesignation="Civil"
                  descriptionMetier=""/>
         <concept code="E"
                  codeSystem="1.2.250.1.213.1.6.1.10"
                  dateFin=""
                  dateMaj="20151221000000"
                  dateValid="20151221000000"
                  displayName="Etudiant"
                  longDesignation="Etudiant"
                  shortDesignation="Etudiant"
                  descriptionMetier=""/>
         <concept code="F"
                  codeSystem="1.2.250.1.213.1.6.1.10"
                  dateFin=""
                  dateMaj="20160901000000"
                  dateValid="20070725150435"
                  displayName="Fonctionnaire d'Etat ou de collectivité locale"
                  longDesignation="Fonctionnaire d'Etat ou de collectivité locale"
                  shortDesignation="Fonctionnaire"
                  descriptionMetier=""/>
         <concept code="M"
                  codeSystem="1.2.250.1.213.1.6.1.10"
                  dateFin=""
                  dateMaj="20240329120000"
                  dateValid="20070725150435"
                  displayName="Agent public"
                  longDesignation="Agent public"
                  shortDesignation="Agent public"
                  descriptionMetier=""/>
      </ConceptList>
   </ValueSet>
</RetrieveValueSetResponse>
