<?xml version="1.0" encoding="UTF-8"?>

<ValueSet xmlns="http://hl7.org/fhir">
  <id value="JDV-J134-FormeActivite-RASS"/>
  <meta>
    <versionId value="4"/>
    <lastUpdated value="2024-06-28T16:09:48.645+00:00"/>
    <profile value="http://hl7.org/fhir/StructureDefinition/shareablevalueset"/>
  </meta>
  <language value="fr-FR"/>
  <text>
    <status value="generated"/><div xmlns="http://www.w3.org/1999/xhtml" xml:lang="fr-FR" lang="fr-FR"><p class="res-header-id"><b>Generated Narrative: ValueSet JDV-J134-FormeActivite-RASS</b></p><a name="JDV-J134-FormeActivite-RASS"> </a><a name="hcJDV-J134-FormeActivite-RASS"> </a><a name="JDV-J134-FormeActivite-RASS-fr-FR"> </a><div style="display: inline-block; background-color: #d9e0e7; padding: 6px; margin: 4px; border: 1px solid #8da1b4; border-radius: 5px; line-height: 60%"><p style="margin-bottom: 0px">version: 4; Last updated: 2024-06-28 16:09:48+0000; Language: fr-FR</p><p style="margin-bottom: 0px">Profil: <a href="http://hl7.org/fhir/R4/shareablevalueset.html">Shareable ValueSet</a></p></div><ul><li>Include ces codes sont définis dans <a href="CodeSystem-TRE-R276-FormeActivite.html"><code>https://mos.esante.gouv.fr/NOS/TRE_R276-FormeActivite/FHIR/TRE-R276-FormeActivite</code></a><table class="none"><tr><td style="white-space:nowrap"><b>Code</b></td><td><b>Display</b></td></tr><tr><td><a href="CodeSystem-TRE-R276-FormeActivite.html#TRE-R276-FormeActivite-00">00</a></td><td>Pas de forme</td></tr><tr><td><a href="CodeSystem-TRE-R276-FormeActivite.html#TRE-R276-FormeActivite-01">01</a></td><td>Hospitalisation complète (24 heures consécutives ou plus)</td></tr><tr><td><a href="CodeSystem-TRE-R276-FormeActivite.html#TRE-R276-FormeActivite-02">02</a></td><td>Hospitalisation à temps partiel de jour ou de nuit</td></tr><tr><td><a href="CodeSystem-TRE-R276-FormeActivite.html#TRE-R276-FormeActivite-03">03</a></td><td>Hospitalisation à temps partiel de jour</td></tr><tr><td><a href="CodeSystem-TRE-R276-FormeActivite.html#TRE-R276-FormeActivite-04">04</a></td><td>Hospitalisation à temps partiel de nuit</td></tr><tr><td><a href="CodeSystem-TRE-R276-FormeActivite.html#TRE-R276-FormeActivite-05">05</a></td><td>Hospitalisation à domicile (au domicile du patient)</td></tr><tr><td><a href="CodeSystem-TRE-R276-FormeActivite.html#TRE-R276-FormeActivite-06">06</a></td><td>Anesthésie ambulatoire</td></tr><tr><td><a href="CodeSystem-TRE-R276-FormeActivite.html#TRE-R276-FormeActivite-07">07</a></td><td>Chirurgie ambulatoire</td></tr><tr><td><a href="CodeSystem-TRE-R276-FormeActivite.html#TRE-R276-FormeActivite-08">08</a></td><td>Consultation extérieure indifférenciée</td></tr><tr><td><a href="CodeSystem-TRE-R276-FormeActivite.html#TRE-R276-FormeActivite-09">09</a></td><td>Placement familial thérapeutique</td></tr><tr><td><a href="CodeSystem-TRE-R276-FormeActivite.html#TRE-R276-FormeActivite-10">10</a></td><td>Appartement thérapeutique</td></tr><tr><td><a href="CodeSystem-TRE-R276-FormeActivite.html#TRE-R276-FormeActivite-11">11</a></td><td>Centre postcure</td></tr><tr><td><a href="CodeSystem-TRE-R276-FormeActivite.html#TRE-R276-FormeActivite-12">12</a></td><td>Centre de crise</td></tr><tr><td><a href="CodeSystem-TRE-R276-FormeActivite.html#TRE-R276-FormeActivite-13">13</a></td><td>Saisonnier</td></tr><tr><td><a href="CodeSystem-TRE-R276-FormeActivite.html#TRE-R276-FormeActivite-14">14</a></td><td>Non saisonnier</td></tr><tr><td><a href="CodeSystem-TRE-R276-FormeActivite.html#TRE-R276-FormeActivite-15">15</a></td><td>Forme non précisée</td></tr><tr><td><a href="CodeSystem-TRE-R276-FormeActivite.html#TRE-R276-FormeActivite-20">20</a></td><td>Personne décédée présentant un arrêt cardiaque et respiratoire persistant</td></tr><tr><td><a href="CodeSystem-TRE-R276-FormeActivite.html#TRE-R276-FormeActivite-21">21</a></td><td>Personne décédée assist par ventil mécanique avec une fonct hémodynamique</td></tr><tr><td><a href="CodeSystem-TRE-R276-FormeActivite.html#TRE-R276-FormeActivite-22">22</a></td><td>Personne vivante</td></tr><tr><td><a href="CodeSystem-TRE-R276-FormeActivite.html#TRE-R276-FormeActivite-24">24</a></td><td>Centre correspondant</td></tr><tr><td><a href="CodeSystem-TRE-R276-FormeActivite.html#TRE-R276-FormeActivite-25">25</a></td><td>Centre de référence</td></tr><tr><td><a href="CodeSystem-TRE-R276-FormeActivite.html#TRE-R276-FormeActivite-27">27</a></td><td>Consultations gériatriques avancées</td></tr><tr><td><a href="CodeSystem-TRE-R276-FormeActivite.html#TRE-R276-FormeActivite-28">28</a></td><td>Equipe mobile</td></tr><tr><td><a href="CodeSystem-TRE-R276-FormeActivite.html#TRE-R276-FormeActivite-30">30</a></td><td>Centre</td></tr><tr><td><a href="CodeSystem-TRE-R276-FormeActivite.html#TRE-R276-FormeActivite-31">31</a></td><td>Centre ressources</td></tr><tr><td><a href="CodeSystem-TRE-R276-FormeActivite.html#TRE-R276-FormeActivite-32">32</a></td><td>Centre spécialisé</td></tr><tr><td><a href="CodeSystem-TRE-R276-FormeActivite.html#TRE-R276-FormeActivite-33">33</a></td><td>CMP</td></tr><tr><td><a href="CodeSystem-TRE-R276-FormeActivite.html#TRE-R276-FormeActivite-34">34</a></td><td>Consultations</td></tr><tr><td><a href="CodeSystem-TRE-R276-FormeActivite.html#TRE-R276-FormeActivite-35">35</a></td><td>Consultations mémoire</td></tr><tr><td><a href="CodeSystem-TRE-R276-FormeActivite.html#TRE-R276-FormeActivite-36">36</a></td><td>Equipe de liaison</td></tr><tr><td><a href="CodeSystem-TRE-R276-FormeActivite.html#TRE-R276-FormeActivite-37">37</a></td><td>H.A.D.</td></tr><tr><td><a href="CodeSystem-TRE-R276-FormeActivite.html#TRE-R276-FormeActivite-38">38</a></td><td>Ligne d'astreinte PDSES Nuit totale</td></tr><tr><td><a href="CodeSystem-TRE-R276-FormeActivite.html#TRE-R276-FormeActivite-39">39</a></td><td>Ligne d'astreinte PDSES Première partie de nuit</td></tr><tr><td><a href="CodeSystem-TRE-R276-FormeActivite.html#TRE-R276-FormeActivite-40">40</a></td><td>Ligne de garde PDSES Nuit totale</td></tr><tr><td><a href="CodeSystem-TRE-R276-FormeActivite.html#TRE-R276-FormeActivite-41">41</a></td><td>Pôle d'évaluation</td></tr><tr><td><a href="CodeSystem-TRE-R276-FormeActivite.html#TRE-R276-FormeActivite-42">42</a></td><td>Unité d'hébergement renforcée (UHR)</td></tr><tr><td><a href="CodeSystem-TRE-R276-FormeActivite.html#TRE-R276-FormeActivite-44">44</a></td><td>Consultations d'évaluation pluri professionnelles post AVC</td></tr><tr><td><a href="CodeSystem-TRE-R276-FormeActivite.html#TRE-R276-FormeActivite-47">47</a></td><td>Ligne de garde PDSES première partie de nuit</td></tr><tr><td><a href="CodeSystem-TRE-R276-FormeActivite.html#TRE-R276-FormeActivite-48">48</a></td><td>Ligne d'astreinte PDSES Week-end et jours fériés</td></tr><tr><td><a href="CodeSystem-TRE-R276-FormeActivite.html#TRE-R276-FormeActivite-49">49</a></td><td>Ligne d'astreinte PDSES Première partie de nuit en semaine (Lundi au vendredi)</td></tr></table></li></ul></div>
  </text>
  <extension url="http://hl7.org/fhir/StructureDefinition/resource-effectivePeriod">
    <valuePeriod>
      <start value="2020-11-27T12:00:00+01:00"/>
    </valuePeriod>
  </extension>
  <url value="https://mos.esante.gouv.fr/NOS/JDV_J134-FormeActivite-RASS/FHIR/JDV-J134-FormeActivite-RASS"/>
  <identifier>
    <system value="urn:ietf:rfc:3986"/>
    <value value="urn:oid:1.2.250.1.213.1.6.1.220"/>
  </identifier>
  <version value="20240628120000"/>
  <name value="JDV_J134_FormeActivite_RASS"/>
  <status value="active"/>
  <experimental value="false"/>
  <date value="2024-06-28T12:00:00+01:00"/>
  <publisher value="Agence du Numérique en Santé (ANS) - 2-10 Rue d'Oradour-sur-Glane, 75015 Paris"/>
  <description value="Type d'organisation de prise en charge du RASS"/>
  <compose>
    <include>
      <system value="https://mos.esante.gouv.fr/NOS/TRE_R276-FormeActivite/FHIR/TRE-R276-FormeActivite"/>
      <concept>
        <code value="00"/>
        <display value="Pas de forme"/>
      </concept>
      <concept>
        <code value="01"/>
        <display value="Hospitalisation complète (24 heures consécutives ou plus)"/>
      </concept>
      <concept>
        <code value="02"/>
        <display value="Hospitalisation à temps partiel de jour ou de nuit"/>
      </concept>
      <concept>
        <code value="03"/>
        <display value="Hospitalisation à temps partiel de jour"/>
      </concept>
      <concept>
        <code value="04"/>
        <display value="Hospitalisation à temps partiel de nuit"/>
      </concept>
      <concept>
        <code value="05"/>
        <display value="Hospitalisation à domicile (au domicile du patient)"/>
      </concept>
      <concept>
        <code value="06"/>
        <display value="Anesthésie ambulatoire"/>
      </concept>
      <concept>
        <code value="07"/>
        <display value="Chirurgie ambulatoire"/>
      </concept>
      <concept>
        <code value="08"/>
        <display value="Consultation extérieure indifférenciée"/>
      </concept>
      <concept>
        <code value="09"/>
        <display value="Placement familial thérapeutique"/>
      </concept>
      <concept>
        <code value="10"/>
        <display value="Appartement thérapeutique"/>
      </concept>
      <concept>
        <code value="11"/>
        <display value="Centre postcure"/>
      </concept>
      <concept>
        <code value="12"/>
        <display value="Centre de crise"/>
      </concept>
      <concept>
        <code value="13"/>
        <display value="Saisonnier"/>
      </concept>
      <concept>
        <code value="14"/>
        <display value="Non saisonnier"/>
      </concept>
      <concept>
        <code value="15"/>
        <display value="Forme non précisée"/>
      </concept>
      <concept>
        <code value="20"/>
        <display value="Personne décédée présentant un arrêt cardiaque et respiratoire persistant"/>
      </concept>
      <concept>
        <code value="21"/>
        <display value="Personne décédée assist par ventil mécanique avec une fonct hémodynamique"/>
      </concept>
      <concept>
        <code value="22"/>
        <display value="Personne vivante"/>
      </concept>
      <concept>
        <code value="24"/>
        <display value="Centre correspondant"/>
      </concept>
      <concept>
        <code value="25"/>
        <display value="Centre de référence"/>
      </concept>
      <concept>
        <code value="27"/>
        <display value="Consultations gériatriques avancées"/>
      </concept>
      <concept>
        <code value="28"/>
        <display value="Equipe mobile"/>
      </concept>
      <concept>
        <code value="30"/>
        <display value="Centre"/>
      </concept>
      <concept>
        <code value="31"/>
        <display value="Centre ressources"/>
      </concept>
      <concept>
        <code value="32"/>
        <display value="Centre spécialisé"/>
      </concept>
      <concept>
        <code value="33"/>
        <display value="CMP"/>
      </concept>
      <concept>
        <code value="34"/>
        <display value="Consultations"/>
      </concept>
      <concept>
        <code value="35"/>
        <display value="Consultations mémoire"/>
      </concept>
      <concept>
        <code value="36"/>
        <display value="Equipe de liaison"/>
      </concept>
      <concept>
        <code value="37"/>
        <display value="H.A.D."/>
      </concept>
      <concept>
        <code value="38"/>
        <display value="Ligne d'astreinte PDSES Nuit totale"/>
      </concept>
      <concept>
        <code value="39"/>
        <display value="Ligne d'astreinte PDSES Première partie de nuit"/>
      </concept>
      <concept>
        <code value="40"/>
        <display value="Ligne de garde PDSES Nuit totale"/>
      </concept>
      <concept>
        <code value="41"/>
        <display value="Pôle d'évaluation"/>
      </concept>
      <concept>
        <code value="42"/>
        <display value="Unité d'hébergement renforcée (UHR)"/>
      </concept>
      <concept>
        <code value="44"/>
        <display value="Consultations d'évaluation pluri professionnelles post AVC"/>
      </concept>
      <concept>
        <code value="47"/>
        <display value="Ligne de garde PDSES première partie de nuit"/>
      </concept>
      <concept>
        <code value="48"/>
        <display value="Ligne d'astreinte PDSES Week-end et jours fériés"/>
      </concept>
      <concept>
        <code value="49"/>
        <display value="Ligne d'astreinte PDSES Première partie de nuit en semaine (Lundi au vendredi)"/>
      </concept>
    </include>
  </compose>
</ValueSet>